fecha,fuente_url,tema_origen,tema_destino,motivo
2026-10-05,https://news.google.com/rss/articles/CBMikgFBVV95cUxPTEdHZmpheEdjX1lHdlh4Wm93c2Q5YUI3LXMta2c1ZDNXSTE4aTJ1N05ld1ZUZ29Zbm1hUjFxcW16TWV3Z0t3Z2FKRWtEdHNrdXItWUs3MnVJQ2xzZUJVYVM1U0djNjh0d04xVnhuRlVoVHZtbDJBdkVTdll3bGl4XzU4LTg2REpxaklwQm1NcTZMdw?oc=5,auto-216028b552,morena-coordinadores-2027,historia
2026-10-05,https://www.tabascohoy.com/morena-define-coordinadoras-de-la-transformacion-en-baja-california-y-zacatecas/,auto-8861e40e95,morena-coordinadores-2027,historia
2026-10-05,https://news.google.com/rss/articles/CBMiwgJBVV95cUxNNVhmeTFXWDA1LUF2cHpPcDRXV215WjBQTmRmcEItTVhkRGpoTGZGTVEzdERwNTUyX0s5REpqN0ZUTEVBSzA2X2c0aXN6ZFlBR25oaXVJTVlITk9NZzdtSEdhWlo5bHN2ejZla2dZYXlOVmZoM1I3M09ENGpmeTk1WDhPT0x3dDJEUHg2MXJ3U2xna0VPSzk2eGZoRlA5bTVwWFRmeDk0ekYwM0UzaHRpeHVyVzl4ajhSYnBDUWRWaGxpaEVrQXJ6LXR2cDFicUE3Tld6Q1NnbEJzRnE4YUFROG5ubndYRlRqM3dtSGExRUt2QWt1V0FCUEhTTEZsQ1dkdzd0YWFLYmx2NHFwVTZ4azNFZHZHTTBXR0pzSWtWd1hVMHFaeUpOYWNBdk41Wkhrc2ZTdlR3anBQc0oxSV9pSnpR?oc=5,auto-225568ae93,morena-coordinadores-2027,historia
2026-10-05,https://news.google.com/rss/articles/CBMi4AFBVV95cUxQOS16Ti1USmJZbERSVDlfZkFQR2NMTXM5aG9YRnZhNDNsbTM5VWI2RnZYYVdDZFJqUVJFdFBVRnFXTUJTTHhxZmlIWEZlSlpuVllUdW9BN1AtdHRvUG51SU5sclUzZVRXdlJuNDM0RkI3UFllVlo1Znpxa0VMYXBEOHV4OEUyejdTUDlWYmtkd3FmbzJTb0YwMXFvRXJTV1pNWXppSXphMEZWUWp0aExQNzA0NnQ1Ty1jVmgxTVhDbGpWMHI0TjFPLWxtbUdCQWRydGpXUl91SWFfVjI0NXlscg?oc=5,auto-73c1c5814c,morena-coordinadores-2027,historia
2026-10-05,https://news.google.com/rss/articles/CBMi2AFBVV95cUxPenhkT0QwVVRZOElLNVc4VE1jUHc1cnBXdE5sM29SUWpEQXBtZklFWS1tRkd3Y3pFdVJydXlfTlB5SlBBcXBjNXZla1FLYkR2LUJwOGNiemNZdjhVaGV5aVgxQklfMWFZZWZwem0zeHRGc1ZieVM2VFhtREplUEJOdHhCNWpVSTN3OHV3a2RpVlhIZzVNV3BmcVQxYXdMVm5yYm9oNTdjU0Ztb0VtajN6MTBDUVdReDBJMWRfOU1WRHVwTHllcXFtWUZyOVpMWkhJTUVSczFsTjU?oc=5,auto-e6bd564c1e,morena-coordinadores-2027,historia
2026-10-05,https://news.google.com/rss/articles/CBMivAFBVV95cUxQR3JhMy1ZYzA0LUFwblVWS1dNWFJyOU5SZE53SmQ0R1BYdmc1UzdQV2JxT0paYzBVQ0dITEg1QjVpUl84ZEpJVWFnV2FnNWtCTmkyaWswU2p4U1BqM0JiVldLZlMyc1B6NUxUaUl5MXRfOTdPRkdoWGs3ZTU1TGhPbjdFd3BvZFRabjc4MFZJcXdPbVhwc2l5d3R5cHJHc1NnSHJhU2JUNVNuc0tsS2ZHOXRWUXJqYVd6ZkFwOQ?oc=5,auto-5978de66aa,morena-coordinadores-2027,historia
2026-10-05,https://news.google.com/rss/articles/CBMijwFBVV95cUxNZWwxNDdzQ3NGOWxjTjNhMTV2cDRyc1pLOHZ6WXpwNl9JMXozT3dxSFBYOU56RHZWeEdnV1RUcjJtQVI0ZU1qOU5RM0VjalFWVG9XNl9BVnpFSDJHdm9rVEpzNlFhY3htM1l4STJWNWk5OUI4YTZvZFB6NGpUZlVtdkhNUVROeVZrRXJtdjVod9IBjwFBVV95cUxNMkNRdFZLUVRVTmV6aG5Ua1M0N0FKdk5wQjVoRFN3ZkFyR1gwUnhvWFY2b0NORkQtLXNfMDZGTjdHSldrNFZPR1BsWmtHLWRjVHNPWU9wdjJnQkxnYWVOQVFhSXg4YlkzYTBkWlRjYS1FSjRabG1JR2FHWWNUbTg3ZS1wVThlV3FPcUJHMWRYQQ?oc=5,auto-92494ba2de,morena-coordinadores-2027,historia
2026-10-05,https://news.google.com/rss/articles/CBMikgFBVV95cUxQV1kxcXZuOXk0THNGS05Mb2JKNEJBYzh3ZTlYc054NXZuNWxhWmh2YjZBQU94MUlocFQ2SlUzbDQxUk9QOThSN2FhQjNaSUpueW9HS2k4TmJMWjJ5c3V6RG1RSlN6Qk1NdUIwNXl6UkF3b0M2U1BqMkZiOV9BUFV2bFpfUWloY2ppQ01na1pBSzBmQQ?oc=5,auto-73c1c5814c,morena-coordinadores-2027,historia
2026-10-05,https://news.google.com/rss/articles/CBMi0gJBVV95cUxNNl96Q25UWU5IY2xCRUZYcWY1bGN1Y1ZKb0J0VTZhTmk1SDBvaE1LZnJPZjVXSXA5RlBEU1VIZWhWajZOb2VfY2F2NzFNYm1pS29ZWDBMR3ZWVlZNMUFwOVBJS3NnQlV6ZXlTblJnVG9zTmtUTFUtVFg5Y1RUb2xQUGsxM2xjczUxLWQ5WmwtTlJzb1gxZ2xGUU5hdkxFN25JeU5aRVJtdGtmd0o2V1pQN0pNTHA1a1ZhalBtaUc5a3JaWUJqcmY3UzN4X1FfSHFXOUdFWFlwUXd5VUlpV25ZRWxNNUs5ZDdjbm5haFNsVGl5SHdfT2txemVYdDN0aFppZzdLb3M4Vm5SNkN0d0k3Yjhka3dCbDdYaE1FMjhCcndIRkRaODJJWGFnM3g0RlRGbmp4ZFJobFJuVHZZOEhEU2hzTlBZQUJjbmZTN1NSYUxzQdIB1wJBVV95cUxOLV9VVHdHYXIxN0JuWlVPWjQxZzZRQ3JGZktvNEk0aDlJY1FRMmo4bUM1SUZvbEhucGVvNlQ1Ny1qTEJ6aGZUVVJMZDlkTEZhVElxNG5kcXI4SHFoQVdMZ1J5RVRyVjFiOWU3U1R0LVc2REg2WTEwb2NISzk3R3hkeHM4b01UMFFLeEFneENQRUZGMWlpaFNQRFNqb2lXQUhOTERBbmVKT2lOZDR3ZzNHTjBiZWJzQi1yVlZBMXgteWxRZUthMm1LSUIwbm16aW8tbzlFbXgxaktqelJNendMVzE3RGNFVHVfR2VtNmNSN1FFYm9HUWZjTFBCV2FoMWo2al9yYkI2b1g5blExZS1DeWpIWjJzYm8zbDdTVGtDOWF0a0tmel9USVZHajAyUGY5QzFrbXNaT2VhTkU3eVh3TGhLR21RaXpndFdUSTdOcXF6UW5RbjlV?oc=5,auto-811e6fcf40,morena-coordinadores-2027,historia
2026-10-05,https://news.google.com/rss/articles/CBMikwJBVV95cUxOVDhRbk12TUREWWVsQVFqc0pMRXg2SFExQ0JvdnlHeUo0R0h1ZElyOFQwRy1tQTZLdHpLQnMwNV8yeTBGeWdtQ2RYd2ZYa1JjUjd1NnlscGtLTHkzRUtTLW9Id09oR2RnVkkyMkppV1dpb3c0YjBvcmUxRjEyLTlHVC0yeEY5dFEzOHVNUEI0aGxPM0t3eVY2YXZmY0cyTWpkVm9IQmRKTjY1Z3dzSm4wbi1LSnJEUTZ0QUhTSnRyYXc2WXQycU11Uk5qZGp2b05Odk9lT2Nna0lQclRDalNoM1BSMVhFa0hhRzRfWThhcTRUcEN4UVNhSHRqbkVNdEM5c3J1T1FwUlVIbUVfcjcwTUtsOA?oc=5,auto-225568ae93,morena-coordinadores-2027,historia
2026-10-05,https://news.google.com/rss/articles/CBMiogFBVV95cUxQb0g0VDNJdmZYVGV5OUtlOVMxbTZYUWV1el92Q3c0cXNUaE1rUVh2WW1zU19pbHZRQWNvRndGQVBQWXl6WlRhS09nLTdqMnZNUW4ycVh5NHZvb1F5OHBxUHBQeWZ2b1hpZDFxd0FMZEliUEpXZDZ4c2YwYnpJVFVQQ2U5NHdzeDVuTzQ4bExZOWttMXpHbGpiQlRPY2NrUHRsNHfSAaIBQVVfeXFMT3FWVXdJUjZicS1KQkx4VXBuMjZpWTlHRlVwYlg0Y1E3c0RNYldHUVlQZTg4YUxTbE0zNGZ3OE1sNnFtU0tFM2JPb1psRFloZWN5VlUwU0NQM2hiMEJWdmQ2WmdUTGZfSXBBWE4zcU5HUmtCUWRMbGVwN3k5MEIydnpiSFFCX2NicUc1VjJJWUlnN3pHTzR0M0xzNTVrMmhaemd3?oc=5,auto-92494ba2de,morena-coordinadores-2027,historia
2026-10-05,https://news.google.com/rss/articles/CBMi1wFBVV95cUxOOG1CMWw0VHA0QjVGRUEwRElyRy1qUXQ2ZldHRENOVlBPUGJsZFpZVVM3amo1SS1FNENWWElDNmdnckFuYTZ0WkRJbWxMUzI2Y3dvNGdIM3N5VlZTdUR4R2tFR01jSklVbDVGSkduZFNBcS1sZXFqVXptWVlEUElBSmt4bkJFNkhpZElTT2VJVWVkWU5ESENYVnBvSE45VlJjTDE1SlZqNTk2MVJqM191VUU2UExETFNlbWlMWHBQdjVCeGZzV2R3UkhLUFNXLUxJRW9RcnYzcw?oc=5,auto-d668b6a45e,morena-coordinadores-2027,historia
2026-10-05,https://news.google.com/rss/articles/CBMisAFBVV95cUxPai1ITndCVEM3X0hqQWoxSERLZHJzaWE0VTBRVHdIcC1oek52cnU2OTRxWnpGUl9zbVVRVi1HZ0lyQnNyQ0RVRVV2UUhRYXdad05OZlJFcHlVV3RuTkZOSVhyYTd4a1RlZG1PRWtleEJYa1hfcmRRNHMwX2ZoOEhPVFBDaGFtbGlWbHBYTWdQWUJsMFdqYm1EWVEtZ21uWk90Tmc1NS1hNi1FT3NIRGpLQQ?oc=5,auto-726ae9441f,morena-coordinadores-2027,historia
2026-10-05,https://news.google.com/rss/articles/CBMiogFBVV95cUxPVVhSRlZWVjI0WXBIZ0szTFRRbEFPQWdtUndrQW1JNmx4ZTBaOEwzS2p1VENZbERKd3JSZmhIaFRrSXdVNW4tbHE5cktFOWNzSU11emMxT1FFeGtBYVFSeEZuMWg1V2c0dzhTU3k3RmowV3VHdy1kYkUzalB1azlyb0RTTGlJVWRYaENiMjlSQlZueUJBRG9EZjdUMVh3VXhweVE?oc=5,auto-f23ced8b4e,morena-coordinadores-2027,historia
2026-10-05,https://news.google.com/rss/articles/CBMi1gFBVV95cUxPTnl3cW16aS0xSDhFcWw0RjdfeDVySG14Y1E0LUl2ZzVlMUtkLXJhdnIydkY5MUhrdEJmVHQzeUxhLUc5OTk4N0V1bVVhdVFGdzFPZ21BMkoxVmFzV2ZVdnNfMU9HeEpxSGQwVjg3NUN3VzBQaHl1WllYcnV0MUNwRVQtOUlneS1XODNRWUN2VmpmUXBRdF9fdFVZdV9IM2VVY1Z3R2gwN2dLUjBwSC1vN0VUN2tFODJHZm9RNnpHQ01Oek5xWWxRUndKSGRHbDh5VU9pY3BB?oc=5,auto-93956bd174,morena-coordinadores-2027,historia
2026-10-05,https://news.google.com/rss/articles/CBMigAJBVV95cUxQX0VQZFY2cDBPc200eGpsU1MwZFAtWm5zblo1bVZ4LWM0aWQ3SGdfMGZIT0RrYmNiTl91SzBFbExzMHY3di1Nem5EVzdiU0dGTTJ4VER2U1R5Uzh4dS1jaV9tZ1BIbjl5dTZqcUZWeFBiVUhoMXJiS3lpYXhnZGtLenBvcV81TUI2NDBjQ0o4dnNadHA4QjNlMmt1Sk1rSG5Oc3U5MGcwdU9NeFhzSGJEQmdoY2ZPaG05UEctMVh5MU1UQ3hIQ3dMRmFfaDdVRmZnMHlUM2lIOVRqOVM5NWxVWVd0algzTzlaVFMtR21iRkkyWnpNVF94OXpYM2dBbUJu?oc=5,auto-9331c54edc,morena-coordinadores-2027,historia
2026-10-05,https://news.google.com/rss/articles/CBMirgFBVV95cUxOdEJnS0RpWkR4NlJ2N2c1VnlfNTZjb202cXhaMnI0NDZQMzlCUV9UNlF3aVFxSHpxVnBEUTU3UWhkLTRyMnhEUHlqcTRfNGF2ZWZIR1lfU2xMT282VTUxLTgtdEtEVExWOUhzMDFUcVZxeEQ3TFdZbXpWTFhacUhxaGQ4bFJEZzdzZXIwaHVvcmJoSnNxcldrRkpBYjRPWXdaSlV6WmJtQjMyN1Y3aVE?oc=5,auto-b134c2bded,morena-coordinadores-2027,historia
2026-10-05,https://news.google.com/rss/articles/CBMiggJBVV95cUxOM0phRklaOWNpeENfamlFTEtGMTNKc1ZaZ1EyNTBwV05JSVJ1Z21CZWhkMWJubERSdVBBZ29PaHZxY3B2XzFjNkpMeFMxVUxKTjByZmw2bEZqaG9tRnh3cXZ4YlRZa3N1MVZ4NlFKdFhZRVEtZHdiZTYxT01Xa1BRRHdkSUlRS2QxQ0F4bGxoUTY2WGU5b3VSaUVVcGVPZHNtN1BKZ1ptMmJOYmlrSGxtNHN4bWlsYzIzUnIzc191bXNqQjZuSnVyaFExZmlaUkl1SXltckphTE5VUzBNN2tuakM5a0dNSXk2SGVGZWpuYXRQeG1YM1ZCT0lFd2NhNEZNZkE?oc=5,auto-43bc57a811,morena-coordinadores-2027,historia
2026-10-05,https://news.google.com/rss/articles/CBMiqwFBVV95cUxOcU9tbTZwQmNyLXk4eGYxS05vR0ViZ005eHJ6amNsY1otT1NwT2pYOGYxV3dYWFVpY2VORlFVSVRxZWRZaUxFWWw2MmtEejFXcHJuTzFjYW1xMFVxMHBYeWxmYzJrWThJMHNIU1FYVnVrTFJ3aFA3RUxRdWVGdU9uSlFCLXNRQ2FMU3BaWFBNd1NTMlBtdXEwWktlNFpCeGxKZENMSE0xSk1Ldlk?oc=5,auto-5978de66aa,morena-coordinadores-2027,historia
2026-10-05,https://news.google.com/rss/articles/CBMizwFBVV95cUxQSFZESkZWelU0SUx0WDlsQWMyeFFfa19GSUU2SVZlZlNPY2hMX2o4REdoTTRxb2pCMExoa0xHdmtCdXZkTHFuUnIyX0V2UTJ0TUhYaU5rTlJla0JEd1NUZ0IwX3RSQmxTWDVaV21uT0dMMTR2NUhFcEtjS3YycmpzOG1zTmVZSXBuZHo0bVZ6bUd4cHJsZERHS2pZbWRONVBOZU5xbHdhMi1KY01uYkVGdVRGRTM3a1JLN3JIR3RYcmlkcWVpTFY3RFp0eDh3Z3c?oc=5,auto-c164f763ce,morena-coordinadores-2027,historia
2026-10-05,https://news.google.com/rss/articles/CBMiywFBVV95cUxOMlpfUm5OMC1VMy1EdjFzLW9fRUlzQVJUd3B5NUU2VTJLQkY2d3YtVlF0dWt6cS1sdl9idFJxXzktd1RBUXNyYkR0NlJqa0kxV0JvaUd4OV9lMVpOVzl3YWVOZUNWSkluZ0YxdXNWaUY3aW9ZU3lzUEI4MnFqdVdURkV2aUV4V292UlpoXzV6UUMxdjVCakpXeUlxa3VKUHRLS3lXWXpIalphMlU2V25LLUtoMWN4bURXNUxTNlY1dHZxd2c2N2I1SnZ6RQ?oc=5,auto-92330fb7c5,morena-coordinadores-2027,historia
2026-10-05,https://news.google.com/rss/articles/CBMi6AFBVV95cUxOUmtzR3E3YTljYXl0Xzd6a2VRSFJ6UFZfYml3NlRDVGduOE4tNzY2RS1wSGdWNjFRaENfZTNMQm1KYTI2R0VSSFVkSXV3cy1BakhxLW8wdjFEd2NHeEFFbFpHWlJVZHA2V2NmWGVqdVo3SFpZR2xIOEFHaUc1RHBrQ3NsMW41WURJQnltakNmTDBoUWZqdnRjTnR6UzVxVl9sWDIxQVYyaXdNZzZieFpsNDlCWmtfcGE4U1NRX3ZEU0ZyV1FISHVZOUJuNnZNZEpVal8ycmlfZ0lqdG9BcmZzSGZxX2ZBdnlB?oc=5,auto-95ebf30a5b,morena-coordinadores-2027,historia
2026-10-05,https://news.google.com/rss/articles/CBMipAFBVV95cUxPMnNQeGkycDQxVkhQWjRocW1CZlF6TTNWX1dSQ3FQMldfVDEzd2g1VDFTVU9zTXFHTEFiRmJpSUxkdWhLUnlSb0lxY1JacTJxU0ZfMkJDVlFZbVR1czNYaUxGVXFIMmlXYkJYaUR1Q1ljYVd5UnQ4NTJkQklCcGJPczRnNTdPVkRIUklGWk9ieEJSejJ5QVF1a1BPSnJLX0VyT0RXZw?oc=5,auto-9331c54edc,morena-coordinadores-2027,historia
2026-10-05,https://news.google.com/rss/articles/CBMiWEFVX3lxTE5YM1BYb1pjWmc3NXpDaEpLRVhaNDdvWDh5NXZPRUJWcl9hci1JdWlRaER3cG1obHU3dTBlSWxyM185RGVrS2szYnBUOHBlZHpGc0tBMV9kTFg?oc=5,auto-73c1c5814c,morena-coordinadores-2027,historia
2026-10-05,https://news.google.com/rss/articles/CBMiogFBVV95cUxQa0hjMW5TZ3RwdGVsNVMzX1JEQW9ucDg2U0RLVjdydG5yWkplTkprdURUcmpFVU1ySzJmTF83TnNvSndiRHd0UzRmaHJNTzhyY2daUmZqOEVwXzlmeDFnNlI3RjhNaUtkbHh2QVEybWRNTzZSU3l2U202bjlFWWV2RGdabzhyc0JBbEhmQWU1MV9OWmxTUmFYeGR1bTJTVTR4UlHSAaIBQVVfeXFMUGtIYzFuU2d0cHRlbDVTM19SREFvbnA4NlNES1Y3cnRuclpKZU5Ka3VEVHJqRVVNcksyZkxfN05zb0p3YkR3dFM0ZmhyTU84cmNnWlJmajhFcF85ZngxZzZSN0Y4TWlLZGx4dkFRMm1kTU82UlN5dlNtNm45RVlldkRnWm84cnNCQWxIZkFlNTFfTlpsU1JhWHhkdW0yU1U0eFJR?oc=5,auto-73c1c5814c,morena-coordinadores-2027,historia
2026-10-05,https://news.google.com/rss/articles/CBMi1gFBVV95cUxOUGpaZmRSZ2FkTGQwR1NENDZuSFBNeDk1NXdpZTdzX2VUT0xFSUpLWjNYZ1gzQjRMNXVfVUk5MkNQaEM2UUVhQ01xWldCRVBFcEhVaS1JXzhTajlRZllCOEdFN04ydmlOYjlZNFdweDlfajZLdmsxYkQ0TV9yRGxMZkJaUzltOTJ6ZTN6dXJna19VbzI1eE9sT3Z6SWJwWlBvc203RFRkQk1qTW9vTVpfUVptalFIRy1nTlYxb3Rfbm8yanlxVlIzWFdCSTJoNVhHTE9fWkhR0gHbAUFVX3lxTE0yWjNsbkZFM1YyUjhKYUE0Umk2UGRmN0NKcGhlaUFLNzYzLWRLWWhyODQzcGl1cUxyOTQ1R09mZXpxc2t1bDU5VzBvTlhPcGtBdEYxYUVrb0JfMHBpc0hjTTRoZGdMa2c0ZVN4b3BwMEdhWHpkN3M0SzlvTXhUTWNDblh6NVNyaFlvZVRlT1gzVzNBbEVfV2FLMjM5ZFVmUWNtTjJvR1FPNElkdGN1aTJZNjRDeXBjUWo0ZUwzTXlHSHJvR1BMS1lsV1J0VzMyMWdYcFJ0YjhZX1FPSQ?oc=5,auto-92330fb7c5,morena-coordinadores-2027,historia
2026-10-05,https://news.google.com/rss/articles/CBMixAFBVV95cUxNMzBoRDVhR3RmOHVrOW9tbk5qUC1wdG5VOHBLZnB4MzJEVWFwY1hPcjFodV9waG5ZSVFFQUNNdFFaVGNGUkpFaElpNE4yZGR4NEVRLUxWcnE4R3RNQm1pSEV0OFg1SmtPSGhrRk95VHdaeThTanlQeEVUdHlIQkFCTmJKb0RwR2RjSXRtY0VmM3ZuNVVBZFJSbUIzbEhrU0Vxck1kSFItbjhpYmQwN0taLTZRRmowdFQyUi1PZE9jRklpdVRK0gHKAUFVX3lxTFAxRllGRkZTSFlCVmtpcWlLYUpPczZaWEhoZUVlRHZQNGpUVUU2R2Z6c3dSWi1RNGk1Z2t3VXExQUxSSDduUUFYN3kxSTZTZnJ1dWVNVkNjNG13cy0zRi05M2NpUXAyWm9FWjdvS2NXcVVPWWx2S1dXNThHMm1PZkc4dEJhTUtkamV4VmktbDNQV2lsNG9CVGxhSXoyRGF4N0w0NC1HakdVM2ZtS2R0SGdnQkQtX21uTjhfeVR3bnpBdTBzTEJENENTTFE?oc=5,auto-93956bd174,morena-coordinadores-2027,historia
2026-10-05,https://news.google.com/rss/articles/CBMiowJBVV95cUxON0JpczEtdXpkazZBSlZIUldhTXE0clYzOXBMMU5OczJZU05pWWt3cHV1VklOT3NGN2wzOENpaks4YzJUcE95TGdtNU1wbDNQSVgwWTJJYTItMHZ5a1pfQVdQeHZBRDZLLUd0WFRFVWRFRTJFUDU3MjhLSENaVUFIc09xbFJtV1I1YkFnZFR3WEVRMVp0VTRnRlBhaE1HY29Tb0ZsRTlmdmpNTEEtV1hMYWlTYXA4WDNIX2F2TW5YOFRvV084d25hRWRBcWZzdU1LTmhXSVRtV3ZXTmJ5bkJ5U2VzUkJrMUx4TVN6MV8wMVpCR0NzVUdqV0RtRFVFam1QV0lxY01remF6YnpSOVB6WFNsSFBLbEpScHBuLTJOMUtXVjA?oc=5,auto-9331c54edc,morena-coordinadores-2027,historia
2026-10-05,https://news.google.com/rss/articles/CBMixwFBVV95cUxNR1ZVN2RMVDQxZVlVOFhGdzZRLUI1YldyTU5Ra18wd01CckVWNU13ZlYwbDB4aGM4QUpzbVBpenNuYzJTelUtVnR1TTZsMWlhb2I3a19LdjVfYUhpdUxHNVl3TVdaNGtIS2NRYjN1a0FqY3VMWnRXcU12amlORldaLTU1TTBYTGlPX2FOUXZlSnR6bU84QXN6UUhEOXp1dFBfaUZXMElyNDFfRTF3dkIxbVVGZVNUUnJLUXZYNEMwY1JUb2hZTjVj?oc=5,auto-1641840940,morena-coordinadores-2027,historia
2026-10-05,https://heraldodemexico.com.mx/nacional/2026/9/22/morena-no-cerrara-la-puerta-aspirantes-que-pierdan-encuestas-coordinadores-asegura-ariadna-montiel-893025.html,auto-09670752d1,morena-coordinadores-2027,historia
2026-10-05,https://news.google.com/rss/articles/CBMif0FVX3lxTE5jZHp3SHdqWGlnOXZ1OUI2X2dtSUgtVXZmT3pvNWMyTmZVLVNnMkc2U3djam93WTUwLU1WWGZRZVpFTC1pVzhRRERXRno1OTRXMWpuN0dOV1pzT2pkVGFjMkNla0VPSmU1cXByM1BIRnlpRWltRXIyUVRfcVUyN0U?oc=5,auto-3164666da8,morena-coordinadores-2027,historia
2026-10-05,https://news.google.com/rss/articles/CBMiuwFBVV95cUxQNU5uMmdDS3NxUFNfc2lPOVJidk1YSDhHSTdGcE8yTFBIc2NhakVyZ1plWHdfTFF0eXdIdzBmNl93QUV3bGVydkh6QTZONGVZTWtwM0wwQzJjeV9mSVExNmlNeGZIWGZvQllZQlF6X0dCQ2xOdFBOeUpCVXFPQ1RKRnZJdWpMTkRwNEYxS3VIclJZTGF5azRkSXhQZTNvN3Z6a3cxVVRjYlN2clM2SlByOGFZbkFUSFI5Q2ZJ?oc=5,auto-73c1c5814c,morena-coordinadores-2027,historia
2026-10-05,https://news.google.com/rss/articles/CBMieEFVX3lxTE8xaWNoLWdVMmlacXp5YVNfM2Z2Qk9WT2x5blRrS2VoRnJkZ3ZCSi1QNHRCOEQ4Z2M5ek5NNVRLWW44Q2FoOGJPanlUQ2VZaUp0TDhUOUJ5b050UVpOZGNQdkNjMFQyRWQ2REFvTEVlWVlCUUNQUUJCVA?oc=5,auto-07419ac88d,morena-coordinadores-2027,historia
2026-10-05,https://news.google.com/rss/articles/CBMiuwFBVV95cUxPcFZGZFJoUW1jaVA5ZVk5U0NFYXBNZGd4QlZTQVdLeV9WaXg3QUswTnkxT1NscmJ4c0kxXzUxNUVaNFp2Z0ZwblJVMHNWczlTTHFrY09jVjl0QmZHN0ZKLWVaZFlWMlR5UXcxV1p2NXpjRFgyNVF6c1NkX20zUXJiby1oaXdTUWRSVF83NnFmeU1kS3hUXzJHWnB0UGJoVTRMVjUyazdtZ1duOHVYcmY3SzFodHRLZWlJaVRR?oc=5,auto-9331c54edc,morena-coordinadores-2027,historia
2026-10-05,https://news.google.com/rss/articles/CBMi5wFBVV95cUxQWGYxZVVQdUxJeU8zLU5yby1UUW85cXhQLWRqaHIwRnVraVhWWjJXdUw5RWdpR2lzTGJJUkpvRGlkZC16OHZNTGFMVDV2MF9ZaHJSa1Q5bnVaZTBKdkZIZG84T19CX1padkNwMG53c3hVb3ppdmtEWHhuTHVOLXllZkEzRGtKc0luLVkxMHJwbEtEcWJ4c0JpTktEcDVfOFpKdnhBQWhwTTl2RDBZakI1VTFxN2F2QTRhbkdiUDlTZlRFWVc0cS1NNVlxbkxvOU42bEN5c29KMkFmQllWbWJoaDhRam9OLTg?oc=5,auto-68c5207df8,morena-coordinadores-2027,historia
2026-10-05,https://news.google.com/rss/articles/CBMigAFBVV95cUxOQmJ3U2FFX3Z0VTYzQ1BMME1VUUVKRk00d3k4NENlQlRJeEFpMHFaMHFIbWZ6MTgwVkxEOXA2cnFMYjk4ZUx3RWJCdVZLd3hoOVRsc1pCM1RHYkhFNFlFcXVOQS1wTEVLUTkyazlRU1RUcHpjWFowaU53S3Q4UEg4YQ?oc=5,auto-a4b2566d73,morena-coordinadores-2027,historia
2026-10-05,https://news.google.com/rss/articles/CBMilgFBVV95cUxPbGJwUTdTcVNtc05kSzNGaVpxYnhwUy16S0hsZk5OV0JxaDRROVRnRERzcl81WDhxaWp2RnJEeEtlek80NWwwMzNNckIxVlhBcTZseHZveXJKcG1oTkZ0RXo4Y2RmaFFtTUVnQ0pnTklMN1JsZ2dFWm5yMEFTbXM4MEZZQWlpQ1E1Zlowd3F3REQ2V2NGalE?oc=5,auto-68c5207df8,morena-coordinadores-2027,historia
2026-10-05,https://news.google.com/rss/articles/CBMirwFBVV95cUxPYmtxMjdIRXQ5NlhuUXprcGJ5WWQ2X1piTExkdW5TLS1FUExlcUJya1JsSVlaSHJCTEo5TG9vLUo5b3lWTUdEQUhJNk1DeDJpbkpkdHNQdXpKRWk4NjhlX181QzlJYWEwZUJSaHY4X19BY2I3LWpsZEhCc0dtTWdJazhERWZhTVRUaTRmRHRnZThmTmgybUtGR0UzaTVxdGNlWXA0Y09LdDI3TzR1T1FR?oc=5,auto-cfdc17a54a,morena-coordinadores-2027,historia
2026-10-05,https://news.google.com/rss/articles/CBMi1wFBVV95cUxQOFRsZ3J3aVV2X0QxQXpRVWw1Qi01Vzl1NU5aalhobjh0TUN6VGVVNmFtNjc2d1FhZXFZUnl5d3Q2WjM4eFl1OExXRUFLWHZGWnhoS0xwYWNQM1d2V2h6QUs1OWpCXzUzaHdRUnNRbEdzUlByM2pDS3drLVd4OUYtdE95UTR0WVR6NkEwai1DdUZidjFpVzZMNkdpdjNoQlBpT25VUk9wRE1hOENNRm5qUkpfWl9FcmJick5NZmQ5VDBLcnlYWVhYSzhVUWhkUDRjLWJtbTQ2WQ?oc=5,auto-c4be439ff7,morena-coordinadores-2027,historia
2026-10-05,https://news.google.com/rss/articles/CBMiwAFBVV95cUxOa2p0VUY2clRnd3p6SnNwRWx1N0kyd2hfTzNsZkEzbUd6aWVnSGJLNGJRRUdGaUpicDJiRzFuc3RES3pmVUVvZXlESmRLMDdicTlobnpaVkl6djM4QlpwZG0zZ2dPVFBlVC1TLXlld2xWRHllU244azZITVRXbXBIN0dnT01TWlB2dFV3UUVSdlgyRWNUUmZXN0dmdkJ5N21Dc0NCSkhYQlJqVEQxenBsTVp2Qy1IaHgwUmZsN3dteHc?oc=5,auto-b134c2bded,morena-coordinadores-2027,historia
2026-10-05,https://news.google.com/rss/articles/CBMitAFBVV95cUxNT04tNE1mYXBTbHBTTlNaZGJNWEdaU0R0U24zQUYwa0paMFBubFNpa2lxZzNNS3RpZ1dmb0dVQ3pWTTZROWdBdFp3WE02cnpEQnNRekpFVUhtNUx5V2ZIUS1xVnM2LXhkVFpnR2hIWXM4RmZDN042YXpNN0NZZDlvZFM2bklyUnVIMUFqNlR0OC1FUzhSejdEXzczeFNnUk9VYkpydlhPTkJfUElEZ1RJNUY5dXHSAbQBQVVfeXFMTU9OLTRNZmFwU2xwU05TWmRiTVhHWlNEdFNuM0FGMGtKWjBQbmxTaWtpcWczTUt0aWdXZm9HVUN6Vk02UTlnQXRad1hNNnJ6REJzUXpKRVVIbTVMeVdmSFEtcVZzNi14ZFRaZ0doSFlzOEZmQzdONmF6TTdDWWQ5b2RTNm5JclJ1SDFBajZUdDgtRVM4Uno3RF83M3hTZ1JPVWJKcnZYT05CX1BJRGdUSTVGOXVx?oc=5,auto-cfdc17a54a,morena-coordinadores-2027,historia
2026-10-05,https://news.google.com/rss/articles/CBMi5gFBVV95cUxQTW5iYmlBY3loQkI2bFdUbEZsZzBSUU5LVkk0a1ZLajlESUVqa1ZyU0YyVkhEejAyNEttYlNkT3h1aXN6QXdLVi11QThqYVh4MzVlWkFZNUJmaHFFanl6UFdSbi1qX2NBQnZORGJTNlZnWm95ZFlEOEtFUjVlcmZQQTE2R0pDOHZVVDdNU3FZUExlc0VUS2UyWS1jQVZHTjVSU2VqQkxrUWJIUnoxRlZvazJoNWdTbEt3aGYwUnludXFRV0xIM0FraF9GcWJ0RzBlQXJEX3g2THRsMnlEVW9xZFlRWGZQdw?oc=5,auto-73c1c5814c,morena-coordinadores-2027,historia
2026-10-05,https://news.google.com/rss/articles/CBMitAFBVV95cUxQVEl2SWQ0Zm4zeGZyTU5uRTM0SUZXUmlmTHRHMkFkVWR1U1l0MS1YVnN2UHBIYVRnYkx4MzZSaXZZQ3NaNm5YWHNROWFBWEJZSG5xdXZacVphenhfb0UyeE1OVzVSZWdfcmREMG1NclF6WHBycmZPUGZHbzNTS1RRblRhWHZ1dV9LSVhiYmVneHV2US12eHNRWjc2YTFHWTNqeE5nNVZyMF9zMTYzWUtKbUlBWmvSAbQBQVVfeXFMUFRJdklkNGZuM3hmck1ObkUzNElGV1JpZkx0RzJBZFVkdVNZdDEtWFZzdlBwSGFUZ2JMeDM2Uml2WUNzWjZuWFhzUTlhQVhCWUhucXV2WnFaYXp4X29FMnhNTlc1UmVnX3JkRDBtTXJRelhwcnJmT1BmR28zU0tUUW5UYVh2dXVfS0lYYmJlZ3h1dlEtdnhzUVo3NmExR1kzanhOZzVWcjBfczE2M1lLSm1JQVpr?oc=5,auto-e7e2d2372a,morena-coordinadores-2027,historia
2026-10-05,https://news.google.com/rss/articles/CBMi0gFBVV95cUxNaWdMWmZvTUxsdDNxSzduNlFBTkRkd0tCQU9KUXQ5ZzQ3SmxSaHIxUlhwTTZtYi1RSHJabGEzNWcxU3J3bUp1TnY1d04wd1BTTlhVUGlKWnAyS3pUd1E0QUhYLWdzdFRjVXlaajRoZXVqanVfaDNUTVN6RGFxYV9ENTRnZTFEOUFwX085LUFnRFg0YUdUNEhjakd5c1ZWcmNTa3NVQVFOeGh4TkdEeU5DWXltOGpsbkRjY0NFdDJjUzNmNHRSWVRpV1Y0c19jRmhVYWc?oc=5,auto-9331c54edc,morena-coordinadores-2027,historia
2026-10-05,https://news.google.com/rss/articles/CBMikwFBVV95cUxPV3haYWJ5eG0zV19SR08zZVMtYUlWVGVKd2tpX0ZyNUVsejU3bG5XU01uU0pGa081OWM0ekl2aWtTV3pRdzNLYmdINlVHRGlvdGRRcnh6X0VsTzRaN2Vsb0xURVRBTUpBS1VUaUpqT2JENzAyT1o1aTBYbWNDY0RCeFBleEpTNjNCMFk1azV5QkxzTFU?oc=5,auto-f23ced8b4e,morena-coordinadores-2027,historia
2026-10-05,https://www.yucatan.com.mx/mexico/2026/09/28/morena-anuncia-coordinadores-estatales-elecciones-2027.html,auto-d0398273a8,morena-coordinadores-2027,historia
2026-10-05,https://news.google.com/rss/articles/CBMi2AFBVV95cUxQcUpEOW9iOWRicDVEOTN4Zzh5SWpoak9INDdrQTdQbGpyZVUzdXBJWjY1SjdYbTdra0ppTGxzeHZyYU1HZ2VrclNNUWNqYXVjTFV1YTVsM01zOHBzaTk3SGJuZTNUa2ZPSHlQY1BTWkpiR19KTHJhSnBLbzdFNEk0dDlkVnplWFdERklLN0JwNXZ3bmliM3RQVXJpUGU2Zk9GbHlBTTlmLU5kWmJNZl92N3l2aGJ2ZnhPT0VOaEsya3NRWWJpUzEyVDlNOU1xQmR1TnpqZDctbDLSAfMBQVVfeXFMT1FHLUtNTFkzLXZMVVRaV3R5b3NHckhDbGRMWF9LS1dzdWd0Smcwel8wR24ySVJJdTdUNElOanpxTGQwQTk4YVJ4Umd5Z1EwN1lKWnFFY3ZQcS11WDJBWU5hakk5bHBUdHdXcE9xTzF3N2E1SXdkZ1psVF9hU0k1cl9xMVhfWFV6U3F1VV9uTm1Zd0IzQk44N1RncEhNdGt1TGd5UVZwek5xNEk5U2RwcFZsbENMTWJ2dnZmRGpNdk9KS0tHTFpuT2NLWG1CUTlJQ0dZbGtDSGFXLXFGUmNTcHFJYmluakdBZzVHVGVyRlNYRjQw?oc=5,auto-af03748273,morena-coordinadores-2027,historia
2026-10-05,https://news.google.com/rss/articles/CBMi1gFBVV95cUxQUTNQYmRzbi1NWnNZZ3BQemFVaHd0YWowSWYxWUlsWHh5NHBXYzhFUjBnSi01OThwLVlLZVpfdlRaUjFJb29PSEdFUTNTRHNuYllycy1Ob05qeERzTWFlSUlvc3BhQ24yZnhINFM0LXZ3TG9pUGI4RDJJR0ZFWlFOS0dSUHNnRjhTVzVSbHhidE13cWZObjUwSzB1RGJTcnRfRlp5cm9LZGZMbmFTS05HOTFEUjc0b0k5TjlUdHZYRFBCMWdqNGF0RVlJVGJUSU0zcEVFQ21n0gHwAUFVX3lxTE1pTklKUjhxa29SU3YwamZsZEZ5c1poNGkxRGFVOUUyX1JKMHl5WDNsbmFlOHBGNmJ1QUhYaW5Xbl9MaW5MeDB1cjVqLVIteGF0ZDhGN1Y2eEU2WU9rb0JUYWc0TkxHTFFsbm9EeENybzdaY05PdEktb2Q5YkdzeGVHc215WDFsOVJaV2x3QXQ0TUFpc2ZsUjl5OUVRTmFTLThWYW9ObFZuS3pJcDBNRkRwdUlVU1VQT002d2xlbmt1UWlGZzJOLS1PUGlCSGpuNnNpcmxNNWdwazgwUW5uQ0ZVamdSQ0FEdlJ3akxJUDhvQw?oc=5,auto-1fee792b90,morena-coordinadores-2027,historia
2026-10-05,https://news.google.com/rss/articles/CBMie0FVX3lxTE01TUczMzhqdHJRQjdjellNZHd3SHJFY3BobkJaSVFkVjJWMmgzZVItSWFuZU0xekZQazN1NDZYQXM3TTlNVVJidHNYWE9oaG5jUUdnQVcxLUJPcWpTelcxQ2pvMERTSjFEMlhadS1fdVdLQ1o2bmF2b0JScw?oc=5,auto-9331c54edc,morena-coordinadores-2027,historia
2026-10-05,https://news.google.com/rss/articles/CBMikAFBVV95cUxOWXYtRzQyOUpQNzRaZmRLTnRkUFJmbXNRckptamtPWHdzVkt1eV85TFZDX0JLUW93YWVZUmdYR1dSMlpWaktiZ01QeHFYZlZXb0pveU9BM0FERHJhRWxrd2c0ekdyb3YzV3NsbUpRc3pCSks1M3dEcmlrZWJwcks2b29zejBGQlhya1FyY2d2ZzY?oc=5,auto-1fee792b90,morena-coordinadores-2027,historia
2026-10-05,https://news.google.com/rss/articles/CBMiwAFBVV95cUxNeHlyYjJudXpKdUxJNEgxNzBmb3h4VjlZSTU3Q0luWWtvRUJ5WWlCUThmbjNTMUFGZkV5UWtjY19WNFNCN1QtOVVSQ0ZWWHRDVEFUREJ3c2tjNGctNWRMc2twc3I0WVVQZmtWWV84dUUyLTR1cnN2S2hES09PMHpOUC1zbE4xQmwtRUdVc2xVQ3JiN3gzSHNMRmtOMkUzZHBhUHEzOVZ6aDlBcFFvR1Nma3FOaUZnYVJRanBrbzdVdnE?oc=5,auto-9022196930,morena-coordinadores-2027,historia
2026-10-05,https://news.google.com/rss/articles/CBMiiAFBVV95cUxOM1JGbWdnUG1oV2o1aGhBaXBCS3h6d0JNNndJUDNzQ0FDZWM0alBUMzFObFMzSmVhMnc4UTQwdGRNU3ltVnBwbjdHbFZJWXZWZDY4M3BIR2tBUXQ2NU94Y3R5ZFA2RXpTQ0VGa1A5cE1YcE1sM1VPU3Q5eTF2RWtXZUsxWm5MTEQw0gGIAUFVX3lxTE4zUkZtZ2dQbWhXajVoaEFpcEJLeHp3Qk02d0lQM3NDQUNlYzRqUFQzMU5sUzNKZWEydzhRNDB0ZE1TeW1WcHBuN0dsVklZdlZkNjgzcEhHa0FRdDY1T3hjdHlkUDZFelNDRUZrUDlwTVhwTWwzVU9TdDl5MXZFa1dlSzFabkxMRDA?oc=5,auto-5d32f22c91,morena-coordinadores-2027,historia
2026-10-05,https://news.google.com/rss/articles/CBMi_AFBVV95cUxNR1BUVFhtTnlVNmZlMUJWUU9lWllwOFp3c3luMHpZYzB2Y0M3Y2tmbWxqY1ltTlFOaXZ0TFl3NkFMWnJ0azI2S2w2UWFmbmNCckp3RDkzMlBQelcyRHIxcXNIUFdSQWhWemFrQnlRZVB0VlV4ZGo1eTFOcFlPdFh5LTdkeTVndWZOX0hnVm1pdGVkdGE1MVNSXzRObFNWWGFmb01ZSUhDREpFUEM4NEEzbUNSeVFGLVFyUFJNb1o5RTMxZk1qbEhsRWVEVGwyalRaaU9YalItc1dQQXFzUXRXMFNXRDZwM01oQkE5OHVuYXlicVJYNmRLLUtPZTbSAfwBQVVfeXFMTUdQVFRYbU55VTZmZTFCVlFPZVpZcDhad3N5bjB6WWMwdmNDN2NrZm1samNZbU5RTml2dExZdzZBTFpydGsyNktsNlFhZm5jQnJKd0Q5MzJQUHpXMkRyMXFzSFBXUkFoVnpha0J5UWVQdFZVeGRqNXkxTnBZT3RYeS03ZHk1Z3VmTl9IZ1ZtaXRlZHRhNTFTUl80TmxTVlhhZm9NWUlIQ0RKRVBDODRBM21DUnlRRi1RclBSTW9aOUUzMWZNamxIbEVlRFRsMmpUWmlPWGpSLXNXUEFxc1F0VzBTV0Q2cDNNaEJBOTh1bmF5YnFSWDZkSy1LT2U2?oc=5,auto-6b65f4521b,morena-coordinadores-2027,historia
2026-10-05,https://news.google.com/rss/articles/CBMipwFBVV95cUxOSWoweG9uNmVPVTU0VXRnMEZVbWlxSG1PdjFDdm95SkZ6dXhOU1dOQ3ZFOW1FeG00YjBXaEFEVTB4RzhMNW81d0hfMGFncG5nNmhLVkYybDVPMkJUZ1lGTXJCVnRfMG5XYkx1WkRvdXR5enNUeGNaVHJBeHZIbjcxSGdmeTAySHdUcDhTUXdlQTExUEcxci1sQ0lwZHhuel9WcV9SNzBHcw?oc=5,auto-dd08f5aaf5,morena-coordinadores-2027,historia
2026-10-05,https://news.google.com/rss/articles/CBMiuAFBVV95cUxQdHBSZE1ZVmFwLU5hUFBqMnVrZ2pDUmlia2ppOE8xWEpzbG1weDRRWnJyaXB4MTU4czhhZlR1dDhTMmR3NDlwTnF6bHlIZnI2VlNWRWV6dHFaX2p4X0lHOFBlVzFYYmtxcFBSWlNDRnV1NmtzdUxFVWpwUFpxcFBoWkNDdVl2djZjZlJRQmtONndGREFFWkJwcEkyR25rUXI3dmY5djVMcldqbnhfckJXa0tpZ1JXSWJV?oc=5,auto-180d88f3d2,morena-coordinadores-2027,historia
2026-10-05,https://news.google.com/rss/articles/CBMixwFBVV95cUxPcjZqS2JNeHJPVjFWRVZRa1Z3TnBoOWgwenZ4VkV1elVnUUdKQkNaVmV0Qy1FV1kzUTBNckJVeGVjdF8tV3hFNDR4QjlvQVNrSHZ1Mzh1OTQ2UjcwcU04WTM0RkNWV0dpWFRJLXg2dUV3UWdVa3RGLXc1VlRhcGtxMmgxRU9SSHZ0cE16Z2lRUHo1djY1Rjd5ck0tWEZHNFdWeWdsaVdVU1FjTzNCbThBNTREUVJ5TnFCcFZWTk5NNmN5NktvMDdR0gHHAUFVX3lxTE9yNmpLYk14ck9WMVZFVlFrVndOcGg5aDB6dnhWRXV6VWdRR0pCQ1pWZXRDLUVXWTNRME1yQlV4ZWN0Xy1XeEU0NHhCOW9BU2tIdnUzOHU5NDZSNzBxTThZMzRGQ1ZXR2lYVEkteDZ1RXdRZ1VrdEYtdzVWVGFwa3EyaDFFT1JIdnRwTXpnaVFQejV2NjVGN3lyTS1YRkc0V1Z5Z2xpV1VTUWNPM0JtOEE1NERRUnlOcUJwVlZOTk02Y3k2S28wN1E?oc=5,auto-c4be439ff7,morena-coordinadores-2027,historia
2026-10-05,https://news.google.com/rss/articles/CBMioAFBVV95cUxPQXg5ZjF2dUc5SEJ2d2hkTmxtcS0wOHNpTHp6Si03LXQtTFVETWd0TWxyM2M3TV9fQW1Fd20yZzlfQWtFbjgzOGF0OVpCVVZodU9MRHdTa0NYUF9haEdJZ1Y1Y0laVjltRHlMRTg5Y0VSN1JXWXNEOUVCRlRSYmJLeThxNFhHZ3RWcEZEbGxYSndOSWdOdE5IbUYxN2ZUZnhs?oc=5,auto-5666b8f6a7,morena-coordinadores-2027,historia
2026-10-05,https://news.google.com/rss/articles/CBMi2gFBVV95cUxPRUxxdEEyZEZTajJ2VXpvaV9EWjFuVV9kdm9XU01SbHlHOU9NdUpKWWJ0OFhSQUgwVXNGOW40UXlHQW9XSDhEVm1NZDBubXg1X2xibW41VEJGQXFrS3lWUVNheXVTTUxRR05QYVg4OUF1alpHbl9QR3pHMUM2aXZ3aHp0ejg1ZThxRk1QbmU0SXMtXzlHbVpIV0dqTGJHNGlZUHpMN0RjbkdJc3JqTHFBd0tZV2lIT2hOLVFPMGNQNFlvN284ak81Ync5eGdvTkUzOVNXTGFmZTRiZ9IB2gFBVV95cUxPRUxxdEEyZEZTajJ2VXpvaV9EWjFuVV9kdm9XU01SbHlHOU9NdUpKWWJ0OFhSQUgwVXNGOW40UXlHQW9XSDhEVm1NZDBubXg1X2xibW41VEJGQXFrS3lWUVNheXVTTUxRR05QYVg4OUF1alpHbl9QR3pHMUM2aXZ3aHp0ejg1ZThxRk1QbmU0SXMtXzlHbVpIV0dqTGJHNGlZUHpMN0RjbkdJc3JqTHFBd0tZV2lIT2hOLVFPMGNQNFlvN284ak81Ync5eGdvTkUzOVNXTGFmZTRiZw?oc=5,auto-6640c21962,morena-coordinadores-2027,historia
2026-10-05,https://news.google.com/rss/articles/CBMi2gFBVV95cUxNWlloOEtkRWl3ZmFsdmdHTU4wZmJUemNjUkNmYWFDUVBEYXpWSmRSenB4NFlRSzRkU3dEbElMV2dtUmlzMDlraGVtNDhFdGZLd2owekVOZTJpTzJzbTVDOHkzRWdkV3o0aW44RVVtaTBaeDFGZFRjYjAyWDNycjJHU0hVZHJwS3lRMkZqV3pGZ1VoRTRxUWVuX0V6OEJwYzQzN25mOEx5eXhIY2tycnlPZTgzTHk4TXB6bzAyeDM2bnhLZG5UdWF6d0pqdEZnU2dhWWJzcEVwNEFnQdIB3wFBVV95cUxPY2gyYUhvUWF1RkRNZnRLbW9wcHJrWFJpNEhiNDVmLWVDTmF3bkFyOXY5ZWYyQkczWWR3Qmw5ZklZLW04SjhkUlZCRW91ZTNsWXQtTk94Z05HWVJjTC05dERNZm9hQ0QwM0tJMnBCc3Rtc0NmVkFwZWFEem1zTUlUUkNsWWU3aUY1clBmOXVYQmhVT0lTUlM0MEZXTUxwNDEzQ1dldzN1cVI3T0phSFkteXBpbEpJZW81Q1I4anhJdDZJUW1ZZjhjekpZbmtoVlYxN0g4Qnd1bThodVBvWDFj?oc=5,auto-321188bdb6,morena-coordinadores-2027,historia
2026-10-05,https://news.google.com/rss/articles/CBMingFBVV95cUxQRThNVENqdDFhUklzT29DaGtJWlAzZWJBNXFTSlIzWk4yOHZSSTAyZ3R3TzhnQWF4Y2JKQ09JNXFJc1p3ZDJ2V05GRC1wVWJ5eDlDSXZ5S1g4WnY1NmhFNUNOSnlScmZLZXlGa0t1eEhfdUpIMTdzSFBQTUJpeXN0U3dBa3R1UWtNR0RGOEtSN2pxdWl5OTBPUks0d25iUQ?oc=5,auto-68c5207df8,morena-coordinadores-2027,historia
2026-10-05,https://news.google.com/rss/articles/CBMiqgFBVV95cUxNU3ZkdzY3TmhuRkNQbndnSk1abS02WWhHeHUtTUFyTC1yNTNMU09BZ2pXdWdoX0xySktRbVk3Y3BDSDd4STM1TE9rZUVKN2pOcUV3QlZYQ3E2bkdodHpKV3pPUS1RVnc3SGhJZi1laHBYNV8zcnVyVkRlLVZMZG9XWDBjT2JZRVNHYm5vM0o0aDNKaktUT1BUX1JpeWtBMjBLeE5IX2tTTzhxQQ?oc=5,auto-90da53e333,morena-coordinadores-2027,historia
2026-10-05,https://news.google.com/rss/articles/CBMioAFBVV95cUxPX1F2ZVZ4MEZaV0l4UjVMT014Y2VUR19BX0RGMTloZU5faUNwM3ZyX1ZQT1BqMEk1dHBsck4ycHg4QUxCZmRZWUIxTjUzZEhZclJkdmFYSm9ZNkY2YzJyeDZGeXpVd19CZlkwc0J4UEZiS0NsTTZDMU50cXJxckNFNDdXN2Z1ZWZ5b1lwaTdubFZ4Vy1jQWd5VS1oOU5LT0hX0gGgAUFVX3lxTE1sR3BhOEpDVmZ1OEJZZTlLNjdkZWVLY3R4V2UtSGNJaDZmNmVfU3prZVBHbEVLanVXM0RyVFdiMGlsdlh6X0VvN1N2em0zSVQ4bU5EbkZkR0J0d1V5Q0NLVW5Jbk12bHFnY25YdUNnd2llc2F2bk5lN04tNjRXelZoV1VnT0pNUWVNcktaYlZfT0dnX0txSXY1SGZjcTJZMGU?oc=5,auto-595d7bc7d7,morena-coordinadores-2027,historia
2026-10-05,https://news.google.com/rss/articles/CBMikAFBVV95cUxPak42Y1VuWlg5NkVaU0gzNEU3eWxMby12OHFUMTU2VWFCRzdLU2pGLS1TQXVUdEoxVXA4ZFBJOHR6QXRwU2xYV25rUmFOSng5Q3ZCMmdaQ3B4cWhJZmFhMTNrRnpNUER0aVkzLWtCUVhidFJpbDRDaG8zQWJKVUNqTzhTby1wX2JIZU9Fek9HbnA?oc=5,auto-2a47547c9d,morena-coordinadores-2027,historia
2026-10-05,https://news.google.com/rss/articles/CBMi8AFBVV95cUxPNVpiZS1GWmdDbVVrTnF3bUdLRENkTDljZjU3WHFZWWlfSkQ1alBQb1p1Z1ItZGpmWDZhWERnZmJndlF3OWFwOGdBRjU5WWFyUVZ1MjFfbFNGNUlFZl9MMk80Vk5XUFVFVUxHbmJEcFYzU2dFSlVERTgtRmhqT2hMc1VpTlZlN19obnJydFlCUmZ3TllGUzhUYmV5Zi1OQ2VfUm9ZZ1phSllwYjduQlYyazRtVEtNeEFEUVFmbmp5a202d1dvdHp5MkZQWUdPM0x4anRyclI3U05wYndlaVp1bGkyY1ZiR1VnWDVFeElTWHc?oc=5,auto-321188bdb6,morena-coordinadores-2027,historia
2026-10-05,https://news.google.com/rss/articles/CBMiiAJBVV95cUxOQ2xvXzBrM0Rqdk5JaHNVLWVXUEZsNnpzTFFBQ0JaRlpkYmY0a0N4U2szNFJnalBVX2JsbWRSMmJUQXdGZUpGa0ZTUlhzZG4zeXhqQlFtelF2Q0ZOMGRsbFlxd0RkaGZzWTlIRGd3WUN3Wi15bGlDN3g5R0kzcE1iXzRaeEFfaVYtZ01tYnhTQkhRZ0pNZlA1YmxsMTk2NXZLNGxKSFMwUjFfUTZaRnJoUTJmb3ZQbGMzNzFtN2Z2cW9PX1E0WF9HM0htYnB5a2N6bnhQdkZWZ2ViTGdCMTF4MUJ4S29Nd3oxR2gza2tJRmliTDBBYVM0V3RyaDFiVGpyMnRTb09lSzU?oc=5,auto-444faadc89,morena-coordinadores-2027,historia
2026-10-05,https://news.google.com/rss/articles/CBMi8AFBVV95cUxPS2V1NHdNZ05Pd1RlS24wX0J1eld2blVLNXRrYWZOTUdydzhiMjZ2bldvZEVWUkxRTUZXVlpWR29HeXM3TW1xWGRnWDNJUGVwcURqa0x3Wm9QVGJTZDJ0R0NraXdPckFLYkF4VGluanA3UnNiNjdQT3QxRkljVGtQeXV4TGhPQ2VNa0xTQkJQSWthWjdxc0g2WEJNZUJJZGVIS2lCQjVRZHEyUGU4OVdUcmQ5NFZfN1Y1TURRUHlkQ0dkdi0wQ0ZlUE5CWlFoTzBVcHQtdEVzeEhmajhSbVJDbmh3bjZ5MG1fRjdBN3ZQSEw?oc=5,auto-73c1c5814c,morena-coordinadores-2027,historia
2026-10-05,https://news.google.com/rss/articles/CBMi8wFBVV95cUxOcHJiNTI4MGxKckVudU9aUWVnVnFmNHZOXzV0RnlMaFVxS2dUM1FYTmxCTm5YLVFjNFZNcnR6aHp4UUFWcUNlLTdpakMzeGNMa3RxRlU0dnRmZEQ3UnZjR2ZxcnJKWGlxRmpCb1dpWXBUTzJZdGlOR3hRTC1MXzFOcktGNGFXbGk4LWpaeFJTRFBSdjQyZkN1cG5JOGhnQ2F0WnJKTE8wcDJROGN0aDBTTUFLemVoaUdUOVJFMGlmV2NIanI1c2wxUmdVQUs4aEJpc0NUX3JPUVFDZ1ZkZkgtSEtUeUhfQ2VZaElHWF9WN0QzUTA?oc=5,auto-e7e2d2372a,morena-coordinadores-2027,historia
2026-10-05,https://news.google.com/rss/articles/CBMipAFBVV95cUxQSTM5TmVZdHp5d3d3eDMtVWFuZ0pVbjdaMGp2X1VqOWI5T2JTX3RHcFJfd1FLVFlnVlc3b0R5MklVcFlCeExlWkV4QkZBQk13bWthMnE5Z2puNlByYjh3NHlkcTZHUEdrUzcwazVFakpfeFp2RDJRUTZjaVVadUdlOTlheEY5T2NmTTc5UVF2eW9FcDhNcENKTFNlMDktLXZ3OWJaadIBpAFBVV95cUxQRjY4bkdtRTA5Sm1LM3ZrVjhValI5eGJ4QWE0VWF3Y05CeW1UUldncUVZdm9DOVZaY3ZaMjdGRDNMdlRodVVFdGxzUlZJaG13dEptcTQyYkFNVmdENnBEZ21aVUNQZGdXX1JEWVJuQnVTdTBYLU41M0lFb3VZcm9mRzUtZ0ZXZkdERXdWNnRxVnRUaFgxdFdIT1JqdGlMclFTR193bA?oc=5,auto-5e8f301bc2,morena-coordinadores-2027,historia
2026-10-05,https://news.google.com/rss/articles/CBMi2wFBVV95cUxPZXhaaVRmT182MWo3bzRjeTdEc1kxbHlKdUJRR1FzLXJ0YjdreXFoTVZpQ3NPYU5xYjJpTUJlTnI1YWpxRmRFY2pUNVFsUnI1WXlBQkpOTWZYOUdoek1Ya2tTNGlveFdEd1NXdEpkaWRTTGdDMjBpWWpneWZEX1VzcnNVY1JkLUNfVlM0T09SWGc4OS01S3oxOW1EaF9WYXg1WlJlb3hxRzRTR3UwUS04WDFZNFQzeVFCV05TNGY1VlQtSVpXOURsWExIOHZpT1ZSSUdxcEYtcm82VFk?oc=5,auto-c4be439ff7,morena-coordinadores-2027,historia
2026-10-05,https://news.google.com/rss/articles/CBMitwFBVV95cUxOZTQycjJqNHpGMmVJNE9xUEdxZmNMamJ6Tnpmd2NjM2VqWkI3Z0RXZzFhVTJkdGtNbDhEVnFtUXh1c1lfa2pQbk1fOEgtblVlb2FaaTVzMjRiazBnS0t3NURTVUt4Q2xGMEFxZkxQTUxqeUNuejZZeUNtSUQ0Y2Z3MGljWllSQTVVTWxfbHJxTEF1WV9Ia2x5UGFxZFlxdU1aSzJCM244ZWd2VUg3WGRaT0pHR3VUT28?oc=5,auto-68c5207df8,morena-coordinadores-2027,historia
2026-10-05,https://news.google.com/rss/articles/CBMipAFBVV95cUxPMElPVUsyajBIbWM3Xzg2OG12Vm4tQmxaRFQ2OGNiSDd6ajlIWXZzd2JZdm80RXdfS3U0azQ4UTh3dXhtbjVtT2xweG9OY0FoVy1kMVhFZmRHRGJtOWM1VkV5WVc2ZFFyMVQ4LXV1VXVXLXV1VkRueDJ5eTJJdzJ0a3JZcjJ2U3YwdmtLMjFPd1lBTGZCRVRZem85MTJyaFNHQjNfLQ?oc=5,auto-5dd7a57ff8,morena-coordinadores-2027,historia
2026-10-05,https://news.google.com/rss/articles/CBMiqAFBVV95cUxNeWp2SGxIeEZzdnk4dkJuUTFjMjlnOWtDQlI3ZFFyWlkwOGY4U3Zud192UVFQZjg1Rkt3NkVoaGJXbkpjOW9Rd253M2Q4SW0wSXZOTDRxOGVNS3FILUlzWkZnTHBoR0NsUUNVOE9hQ0JxbUlmRDc2UC11aHVGWDR0aFV0VUVDUGdTSGZqMWFSbWI0anRzUUZMY09wNDNWc2RTbDE3R3VzTkM?oc=5,auto-09d8a2bf1a,morena-coordinadores-2027,historia
2026-10-05,https://heraldodemexico.com.mx/nacional/2026/9/29/morena-aliados-definen-los-17-coordinadores-estatales-de-cara-al-proceso-electoral-de-2026-897582.html,auto-68c5207df8,morena-coordinadores-2027,historia
2026-10-05,https://news.google.com/rss/articles/CBMihgFBVV95cUxNYS1kNFRuTWNyU1YzNWRMYVlCZktsQVJnb2JRbU1pb3dGRHF2bVVfbkR4aXpjMnJ0cHF1NUlWOEZOQWZrRWhMUzlURzlqbkY4WGNGdDh4SnhEWUNrbmw3Z3ZCSkZBNENveHljOWpxcHY3amRCRmFLRDl1YXVJWFJCSEkzMzRfdw?oc=5,auto-b134c2bded,morena-coordinadores-2027,historia
2026-10-05,https://news.google.com/rss/articles/CBMimgFBVV95cUxPWW1FaV9FN2N0MFl0dER3cHRKVFFLbHY5REFZcEhOTW5mbEx4d3BmbS1seHRHaTN5c2YwTTF1VEI1MENlbndCTDV3RkQ1aWd4bE1RMzlPemZmNDRJVkRlU1ZmYzIySzdaUFptRXNPTDJTeGZsMXoxQkhTajJJNTBSZWJHLTcyVHBDMFgxSHZMYm9ZRllZX1NyVFFn?oc=5,auto-9331c54edc,morena-coordinadores-2027,historia
2026-10-05,https://news.google.com/rss/articles/CBMirAFBVV95cUxOekFqYnZzRlZoVnV6VlFsOGowZ294elRjZUx5TXh5b2RTZzBKMWJFSmlKMl9maktQWWVOZjJNNWc5dGpvYmVYX0hpS3hpTmkxU2w3RWZMX3dlTnZrVkxMSzNRYlcyaWVZTUdKelU4MzRHb254WGZGOXVLNkhmUWdWaVhzbldIZGt0Sy0wRkN5TUI2YlplamY1T1RxVTdnTUJMdGQ5NUpyMjBoMHZR?oc=5,auto-7c86d81c7c,morena-coordinadores-2027,historia
2026-10-05,https://news.google.com/rss/articles/CBMiygFBVV95cUxPdFdmZl9nYWhKdXUwQjg5TlpKakhxQlZnUVoweXR5b2xGUUtxazhRVXVQZlI3dy11ZDRqYW51LVhyOE1RYjhjTTdaUHo2LURRM1M0Rm1MUWZ6X3pQXzA1eHNoZEJPM2VqQXV3VEhDQl9OLUl2ZWVlWmJ5R2hmRzE5MHd0TlltMjhQVFJ2S1lULWhYek9pWWoxOVptemFXTGlKRDB5MnJHMUNrOGpOUUV2V0tiX1VqUEJaRFk4WXVmTldlbWUwNEtkY21B?oc=5,auto-006fe23c33,morena-coordinadores-2027,historia
2026-10-05,https://news.google.com/rss/articles/CBMiwgFBVV95cUxQT0Y0TE5RVVpxVVdrLWU0R0o3YVNoWTlaNk5NNmpYUnJZMlQxLWdNT3hBNy1pMmtYY1pKc0t5M0xIRUxfUFpQSWw3NklGeVJqaUN1QjU2eUtCWVI1d0NZaXdIWjM4RHlWQVRITzdaajFyRnVnbnJBdThOWktIaldVUkpBOFJkS01jX3UyZEJKVGZScU5aVi1SZEk4bERvcEhxZ2NVRzU2TWg1M0JLT19JM0M2cmNOS2wta2VXRlBSQUl6Zw?oc=5,auto-9331c54edc,morena-coordinadores-2027,historia
2026-10-05,https://www.elfinanciero.com.mx/nacional/2026/09/29/que-sigue-para-andrea-chavez-sheinbaum-recuerda-a-las-corcholatas-que-tendran-otras-oportunidades/,auto-2e6f760ef8,morena-coordinadores-2027,historia
2026-10-05,https://news.google.com/rss/articles/CBMiygFBVV95cUxORTVFTXNoN0ZRWi15X3ZfVzdNYTNDRVl4SkhieUVKSW00WFV4ZjFFc0x2N3YzdUZibXBYa1FlOW1iSTNyeThSRDJPSTBMaTE1UFFWUy1JY0NXMmRGYmFlUjZ0TFpSMUFZM3IwRHVTdGdxZk5RS1VJVTB2UFdKdVNPekdjR3ZEUVFaMDRqNTRlaU5PbG04TjRtWmN2TTQ5eDN1MEFoSkVtX3pjaHY4WUk4R2lNSlFNR0xqTHNuZWZGbWVJTEo3S0hTUC13?oc=5,auto-d1618757e6,morena-coordinadores-2027,historia
2026-10-05,https://news.google.com/rss/articles/CBMiswFBVV95cUxOczdVUDgyTW5zS0ZZRklHWGZWdHlOT0I4azQtdE04RVBQbWRjbjAtZVNQWWlWMENxczBGVUNXVGJPdGJsLTl4RVVOQTZYM1JGaDdQcjVlNDgwdGczcFpUdHM0RmxEQkdBMjdRM3ZiWmZMdENhY3JaQ1RYTWd2Q1pPUnRxNUVEVnVyc3ptdkE1UEIxNW5URjcyUkR3Zmo0OW43am1mb2cyR0FKLXg3OWFRYjRWVQ?oc=5,auto-a9d89ee4b5,morena-coordinadores-2027,historia
2026-10-05,https://news.google.com/rss/articles/CBMiwwFBVV95cUxNQm5Pb2RLZG1SM0F4Q3daLXVWX1hVbHV0RWpRQjJwTl9fMlZZRkxEaVhnMUtzdVpzMTlMbGN6a1U5aGFYU2ZtbUx0UHVjSllRTHptNHJSdGE0ZUFHenZwT21OcDFpWEF5M2xrdGFWcWdiNjJOUUxxcGxITEZLY2ZtdWZwc3RIOHcxbnk0WDJrQWlTcDdHc2ZFY1RPdkhhYWpXZzZEVDgzQmExRHNQbzAxQmFBSy00SjNRLXFYbWRyVGZKbW8?oc=5,auto-88859caeb0,morena-coordinadores-2027,historia
2026-10-05,https://www.yucatan.com.mx/mexico/2026/09/29/morena-designa-a-cruz-perez-cuellar-en-chihuahua-pese-a-denuncias-y-senalamientos-en-su-contra.html,auto-73c1c5814c,morena-coordinadores-2027,historia
2026-10-05,https://news.google.com/rss/articles/CBMiiAJBVV95cUxQUnNEQXJJRVNYZmgyWlV5WU5VVGRORFVPZWRLT2FNTV90Smt4YTFYM0JhSS1GTzZfRFNvYUVYU2IzZUVjNXIxVEp2aHU0UDJkeFJzZ25FZEpHM3Y3ZG80d0pFMjJNMXJMeUwxcE5hdzczV004VzZIMWlUc29JOUlfSWc3RFBLcWdaYTUzWHZIenFOMmVKS3ZJUDRYNUxScGpNRko0Y0p6QkwxUE9UZGkyWHpfNHhyZG1lVE55NjZvOWluUzdtYUo1aTlDZFJNemlUZ3lBUVlod3ZmbUthQTNNaEphZlZKa1YxN1lxb3ZWb1F3T3FDOVNwNnNTOWxmNnBHeERZQ1Q0eTI?oc=5,auto-cbd20fa37a,morena-coordinadores-2027,historia
2026-10-05,https://www.elfinanciero.com.mx/estados/2026/09/29/los-numeritos-de-la-derrota-de-andrea-chavez-en-chihuahua-como-le-fue-en-la-encuesta-de-morena/,auto-92330fb7c5,morena-coordinadores-2027,historia
2026-10-05,https://news.google.com/rss/articles/CBMi8gFBVV95cUxNaFVFSGlKR1RRcWZiTEhKaThkRU5fRDFtMDRudU9nRXFPUTAyaVJEMC1DVjUtRUNyUUZiXzEzdHBZSnVIOGNhSlZRQmFHY2pGNGJDRnVYMXlvbVR4RFdiallHNFBhcHBWeDFNTHRRd2dOaDVabGUtYi1yT0JFNHNYSnhQOVI4WnREUGdCNDROamE2OWNYcm1Dd2VmLWMtdFphZXAySVVxUkdrWm00LUJkalNGZ1B0UXlsUmd6enVmUlFtdlR2R3pIdXJrQTg4Z2tfMmpHM0Jma00xd3F5cWJWMndaSGMxQWliQkUyc0VzREJZQQ?oc=5,auto-68c5207df8,morena-coordinadores-2027,historia
2026-10-05,https://news.google.com/rss/articles/CBMi2wFBVV95cUxQUlpCTkZUOHBSaEZadkJ3QW9hZy1FVXhFbU5MV1RoNzI5VFhDeVh1eDNMN1lSOHp0QnRZNHhVckJIbHNDb2lXOGl0eGpwbjhGOHkybXl0T0l2eWlucEFoS2xvWFFsR0NZbXN2V2FBY3FEYmdJdEhsRXVFazJORVhCb3hQS2tLdFZfbEtPNUVfNl91V2xmUzdsYVlEODdnVTY1aGgxcC00RlNSLW0xdHM1MHZlT3g5djZEcmxfNTNLcWpDMG9uN3dZaVpmMWNuc1htejNRYzVFTkR1dEE?oc=5,auto-73c1c5814c,morena-coordinadores-2027,historia
2026-10-05,https://news.google.com/rss/articles/CBMiggJBVV95cUxQRi00aVM2TzRBeDB2bHowZFFRb19FZDFlRmZzQ2draUlBMkpBdEI5ZC0yWkxMNS1XZmQ4dUVfRVg3WDcxbE4xMHFpVjBXamVYWWhyM1NLbVFvMkRiQ3NNVHBLdWxfYWswWnNvdmx6WlRkZ1EyVmFVN2h0WTZ5d1gxaEZEVjhRRTVZdU9qV0w5cjFnTFFfTzRZRlNiUU04NE04QnRyYVVyek5jODNqb0NmMjQzenhzMlVHNXZmZV9YVk1JRkFiNVE0VEZBZlFBT1FxZ0t4M3c3dENxODY5Q1lWN2taZ0FyOU1jd3JDN3k3eDhfR3FkVmhwYzY0cDJ3T201ZEHSAZwCQVVfeXFMTVJOZkVpZ1pvZ09pXzFNdkpmRmtUckhpcWpJMzBabHJ6azZjaGZwRHpqMHp3dGQ2WUNZV3FQeGwzVHFzTzFzbkZpRlFjNDNGSVI1OFNfRnl1aW5NakpnQTNnZEFGVzFxVnJvQlJhdWV0TFBYOEI4S2xzYmVvYnFZUWstSlFEeHlKUmljVk9SdE9OWW1tbUpEM3dUMzJmTmNmZm4wOHNwaVBnYUNpdXdCSTBVbUh3cnpHRWFlaEJORFN1bVRTN2h1ckZLV3pOYkRjR3ZELTlGTkI5WktxWXo5RzB4SHZJaEhuVFhybGZRdEpSaFBkMERHTnlSRDJrSkk3QTFLT2xkYTVPV3JLSDBTMTNVdFpmQUJGLXUyUG8?oc=5,auto-1fee792b90,morena-coordinadores-2027,historia
2026-10-05,https://news.google.com/rss/articles/CBMitgFBVV95cUxQQ0tJS1lzb051cjhDZ0N0TWtmdWROX0w1TDFVb0FnQ1FmS1dwNTdwOG11TmRSdGZDUlRpRjNlNzY0dGszNTZraV9ONEFOUkFwQXV6YUNGRTU5b0RGeTFUZ1lwVndUVlhyZy1tc01JS25HTjFtNHRCb0FpVzR5ODh0ejEteDVKekZQZkpKRWJHaEFYcjNmV3RqRHBZMzltRWsyLURTVHpreTR2WGJjSV9LNG03ZHhMUQ?oc=5,auto-1a7070ab4b,morena-coordinadores-2027,historia
2026-10-05,https://news.google.com/rss/articles/CBMisgFBVV95cUxNRW41T1J2WlFhOTR6RFQ2ejZ1NC0tYVlOaGNiZm80TVVrTzJjeV9OT0ZtdnczM3FZNnlNaGpmQWNfSlBHNWZnOTI2TUJTVWppVUZDT1hUQy1MdkkwMHF1cGZlejE0VFkwOFJsdXN1bkhyRlh3eW9yd0x1c1NZM0tOaTFZcWgtbmlKeDZyd3lpTjlLNy1jbUh1YUl5eXdrN2VwOUNTUHlISXdTMHBMQWxLWkNn?oc=5,auto-9331c54edc,morena-coordinadores-2027,historia
2026-10-05,https://news.google.com/rss/articles/CBMijgFBVV95cUxPRTVNcWtDVmJJTElQRERWZmdMN3NtbjdUc2t5SjdPNUJxWm9SZ3RkbS1qT3plT1luYUVwU3BXX0VfakJJSzRfNUZheGI1RHBBbzhTeU1UQTE1U2ZTMEFTRVE1MkNTNXg2aUdxMkJFbFFSQkNtNnRncklESlhCTzRJa1JOVDZ3VnA0WnhWYzN3?oc=5,auto-b7cbe736e6,morena-coordinadores-2027,historia
2026-10-05,https://news.google.com/rss/articles/CBMiogFBVV95cUxOcG5od2JVQW1sbS1YV1VkVXJNbXAxU3NUX3U2dlNEOE5yYlROb1NidlRDRzhGeUZHRndjazNmYkw5QVBDQlgyOGwwLWN5b3FlRXFMNHc3ZDF4RXBWdW1zT0k4WFRxUWdmdGd1X0RXa3dXYnBGWXlMeUsxa0l0Q1dxanpzSEMyeWg5czl0ZTlLWGZrRUVXWkFMRExZdUk2ZXVGZ1E?oc=5,auto-88859caeb0,morena-coordinadores-2027,historia
2026-10-05,https://heraldodemexico.com.mx/nacional/2026/9/30/morena-abre-registro-para-coordinadores-distritales-898594.html,auto-7992b5f45c,morena-coordinadores-2027,historia
2026-10-05,https://www.jornada.com.mx/2026/10/01/politica/004n3pol?partner=rss,auto-071957561c,morena-coordinadores-2027,historia
2026-10-05,https://news.google.com/rss/articles/CBMiuwFBVV95cUxON0JDX3l2MTE0aUlfNVZDZDdPRWI2NUJjRXc1VmwySXJUWW5uQmQxS3JjVmZIbmNCdW5iUTNsc3dQdFJHRk15R3pSa1RiTXllTlA0Mm1Ta3dVSmhtNnRGa0FNdHZXcTg0NnZtemF1eUl3eEl0cW5rdGtOVlhmaTRxdWNsbUtsbXN6cDNaRFl4ajVvVjFJWkZmQlRmaGx2enlOWEF0NlY1QUxCMHlydmpiNTU0UzBlc2xZTEtN?oc=5,auto-9331c54edc,morena-coordinadores-2027,historia
2026-10-05,https://news.google.com/rss/articles/CBMi3gFBVV95cUxNWUZzVjRtcDdLTUducU4zX3k0V0RTY1VhMEd4cGo1S1BYankwdDZhdHRnaTRlcnhMc0VVcXNjdjc5OE9FMEJxRGI4RERES0dfMWxtc3NJcW5kd2ZUMEMtcWxHMTc2R1dyWkxoTkFFX2tLTHZYRmxuRzFkV0RIdDVySWg0QXRHRHVHSV9jVm1LMm0zYlFDUE5vS01CcDduWDFHYkVzS0g0RUN0eUVRLVJYNVlhWkJyS21ueG1oMmo2dGtKNlItT3lDcHEzLXhqUnlubFk2THJweTdWMlp1QWfSAeMBQVVfeXFMT01Mb2d0aHIzRUxGb2wyM1NUWkRMcmlpMGJqODRoUjZpZC1TanBlc3lWa0FVdW9JRGJMbkxvbF91SVRNaEZlMWo1b3NGREcyVl94V2tRVFdWdzB3RGF6ZWxBNUNmNERFVDRGY2trMERGenE4R09RaE1UQUwycnRxU2ctaFBCbGNuckxzbnU2QkJQV2k2Rm5Lc0NvSWQ0ZkxvMzlDVDkxQ0tDNUFKRTNPYmk2ZUI1eUwySW1GSWlpbjVoOXNlR1RKNkl6LWU4dzJCZC13UUwwb1RCeGFBbmRBcWZRUVU?oc=5,auto-1fee792b90,morena-coordinadores-2027,historia
2026-10-05,https://www.informador.mx/mexico/tras-criticas-por-su-lugar-de-nacimiento-jasmine-bugarin-defiende-su-nacionalidad-mexicana-y-respalda-propuesta-de-sheinbaum-20261001-0099.html,auto-f3c7c3cb43,morena-coordinadores-2027,historia
2026-10-05,https://news.google.com/rss/articles/CBMi7wFBVV95cUxOYnFPUUpuWFBQekt3dVdSNEN6Z0NTTkNrR3dMNWg2WGF0V2YxQzhHbkdKaU9WUUcwc1F1U1hZUnJqOTluYjRCTnhscTFaTVhPd016UVo1NjdGM2x3VVQ2YzVHU0dqdnNkNlphY1BDN2h2WnNNTHBZdWw1d2Zqc3RITWpvc0RXaWgyMjNiSDBwTEZQMjRLeERraGxnSWx1VHR4UkRlWWt5aHIxTW1XdXpjVVdFbm9LUUNISjFGSXJVMjhtd3F2dzFDRWI4SUtQVklOdnUwSHB2RWRzLVRndXJXOFJPaW0yS2pBczJJR1Exa9IBgwJBVV95cUxOaWFEU0UzMHU3N2pndHJwOEhjUWJOQkZyT2VkRFJJcVFxczFKS3ZVajJIR2t1UU9ZX1ZwY0RTZlhzUmRwMnpPNjJuY1VBV21CcE9ZRklMVXpGd0lac0xUR3dSN3c2RWpxZXlBSW1uSnpMdWlkdXY4a2wyUmR0VzZlRFI2X1dRTW1ZNHlDbVQ1dnozUXZYazF6WUY1b2NNVkFvNW55RV9kQzZkRExjN3c5M2NpaTBpUGFYV1pSVEMxdHlMcVN5a2hKakppTVVIclBFNmRmVjNHbHdST2lRYWZWcWpUaU93RTQ0Z0lCS0JBMVRlX2ZOaHVTV290RjlvamhTaVFZ?oc=5,auto-1fee792b90,morena-coordinadores-2027,historia
2026-10-05,https://www.tabascohoy.com/jasmine-bugarin-no-tiene-doble-nacionalidad-asegura-luisa-alcalde/,auto-8e3b2ad436,morena-coordinadores-2027,historia
2026-10-05,https://news.google.com/rss/articles/CBMivAFBVV95cUxPNmNvOUZRRXFkVnBtR3NVcUM0M0xqMDZuTEpBOS1ZQTgxMS1NSkZwYmZOb3lYdXE3MXp5OVlqdGxBazQxVUd5NFQ3S2NtWDhYRVlkb082RXBITW9TVlJrNS1fRU1UNDNEaldoU2huZkRTd05lNEFtQ0RlM0NqSDVLZEJIV0xpRm5RVm5ic3U1TVpHV2lmTHQ5dGE5T29LcERZNk9uNEJvMDJXcWNHbUNCcndiMnlfaGZLV0Jtbg?oc=5,auto-6fce5392fc,morena-coordinadores-2027,historia
2026-10-05,https://www.tabascohoy.com/jesus-selvan-analiza-no-participar-en-proceso-de-coordinadores-territoriales-de-morena/,auto-9331c54edc,morena-coordinadores-2027,historia
2026-10-05,https://news.google.com/rss/articles/CBMiYEFVX3lxTE11eHZpNWl5SERsUXhMS0VfbVBIRno3bkdJNTQ1ckNHRTdqc2JNdkxpWUxtVkdUMHVsT0s4NTBtZXA5aDlUQWxnMXhISDdaeEJFQjJNTVY5OEgyWDgxSGpINQ?oc=5,auto-e6bd564c1e,morena-coordinadores-2027,historia
2026-10-05,https://news.google.com/rss/articles/CBMitAFBVV95cUxOazlHMXlhSVpOM1RMcDVoZHBZUi1lU3ZnMFlWaW9ka3kxOFFNazRKWGVTSm1aeVdVcEdtRjVuM05qNElHTnZsMEpZaXZ0TDlIS0cwdXFxLV9PN1FxY0pJcENILXVQeUJ4SGhhSnlvUHZuLUJ4VVRyQ2cySTk5ZC00NExOS3JuUjM5TktGdU5xS2JLdE1PbXZNOEN5X0FvLXhybjhjdm5rMG03QnFYQ0VWNlVabVU?oc=5,auto-e0fea45fdb,morena-coordinadores-2027,historia
2026-10-05,https://news.google.com/rss/articles/CBMitgFBVV95cUxOUmJOak1aOHY0UVZGQWRqWU1OYTdyeFI2VjJtN2pIRkZsUjN6UUQ1MkR1YW9aX2dVMTVmSGV0OFZUZnVjQnJZWmktVU41MDNoWlI5ZmFyNUU2cVpRa2FnUzVZSnZQTkF4NlY0VllUV3ZOWW1XRE90cnE1cGNlb0ltcEFXUmdmMjFxUnY0Q2VLMXU5QmNzWVJ0WXE2MVVtZklPNVNYMXBYOTRLdlRvQi13UHRIQUVkZw?oc=5,auto-1fd312da6e,morena-coordinadores-2027,historia
2026-10-05,https://news.google.com/rss/articles/CBMikgFBVV95cUxQeVc4SjJEVWpoVWlRdlZBOGNvbl93Vm5KWjNkYU5QOHhZeTZDVUk4NzlDUWloLTRuNzAyc29xWTg1UzFCS2VGZ3VsU2lTN1U1cjJ2bm1PXzNfOEw1UUV4ZHctMFlFbkNTbDBwVVktSDFyLVlPc0NMT2hQRllzUklUREpxOG1iTWV5eUxGbXI1YTUxZw?oc=5,auto-fa6abebdaa,morena-coordinadores-2027,historia
2026-10-05,https://news.google.com/rss/articles/CBMi1AFBVV95cUxQVGR0bXYzRHVLdFdEb0xESk1RV0Ntb3pNS3M5ZWw0SVdkRmFXRGhBWTJlT1RNQkNFZXhidHVRbHhibnFYMU9jbk1JNVpQQXhxRFFsZG5Gb3JXQzJoajluMlhjUllIaTJqdlhxRGlkV3FGaG1BeEVFS1BZeGV6MUlnZlFuYUx3UXdob2FmVGNBSTkwZmhtVjFQVFhQc1RhcGdxRlYtYWxHZDBucHFHSi1Vb0s0bzNRZG4tQlNzNW9ral9VMVhDUV9jcWlaU1dwYURnVEgtcg?oc=5,auto-2a47547c9d,morena-coordinadores-2027,historia
2026-10-05,https://news.google.com/rss/articles/CBMivwFBVV95cUxPQUhCTEFUbVV2RjhEV25xQVM1bzFDR29fMXl4NDMtS3lqazdLcENreVo4TUd2NjVuU2hzOTlRcWNoMVY3bFdtX3EzS1NIRVJoUDNtbFN5NXRscEk4QnR3LVZ2ZVVtUHhlS014ZlNia2lYUWp4LV9KVlNHZkZsazFtSlpsTGdFZ2dFVE9zeEdUd0l5a3cteXU5c1Vyd2QwTVBnTGNsdHd0dTdpbW9nWF9TTDFab1dyX1Y5dVRBNWtsRQ?oc=5,auto-847cef08e0,morena-coordinadores-2027,historia
2026-10-05,https://news.google.com/rss/articles/CBMivAFBVV95cUxNTlNhbF9MSG1abnVZOG1TLVUyYnVJblAtUzZKaWNNbEJQSnVVODdyT0wtYVJYNmpNd3czdG1TUWgwU3pNblRYZmFDMEhobnNLRGFHYXpacEx1LXNfbW9BRTMwZ1BXMVR3LUZNQTFYbTR1TW9PTkZlQjNwemZsYWxIY2p3QUU3Rk9SdmJCVFZxUXU3YU5XUUY5LVlyNm9xNVNpd3ZOaVltZHdZVFlOVFNTWVNSdHFoUDJEdWktVQ?oc=5,auto-e088fe11cf,morena-coordinadores-2027,historia
2026-10-05,https://news.google.com/rss/articles/CBMiugFBVV95cUxNcEdFQlNvUGNPY20xTXR1U2dFZDk4ekhIUlhPbHpxUGVMTGJjUzZ0QkdkZWktZlZxY3FwQTQtY2o5MXZ5WnVwNkxZNVRMSS05V0cycWhkR3RhcEk2Q0h1VVZ3YmFSNklFRlJvMHdDQnJYSXZHbk4zNXo5YlNUMkc1TGloWDU5SldvYUQ1bElqcE1OdjFzb183TWlDTk5NbmNzOVVmcEZWOWw3Sjh6ZmNCQzRPVnhXTmVlWWc?oc=5,auto-b57cec062e,morena-coordinadores-2027,historia
2026-10-05,https://news.google.com/rss/articles/CBMisAFBVV95cUxOSnZVVzRxTDlIekd4akU1SUc1bHZIRTdvLWRONTZLVXozY2xRTE5SNGRsWk9abzVxSDQ3THBadHc0eHVUMTVCOV9NVktoMVpHQXlNNHcxakV2dVRsNDFmWi1vRGJSejcwYlYwZlB4b1pXMmlhallBcV9tZUtEc1Q2TWxjQnZ4UkV3TlgwUFZVRHdFeEZZbmttZ21sY0NySjdMdW52aGJiNzNVNW55eHN3MQ?oc=5,auto-09d8a2bf1a,morena-coordinadores-2027,historia
2026-10-05,https://news.google.com/rss/articles/CBMi1AFBVV95cUxOaFVrRy04YkV3SktycVdVaUt4SVR5UW8ydzRJVHByVzgtem1IbW9wNzczLVEtdmtCNkVSeElNWVpHV3FsS1ZlVGxkaVJocFpabzQ3M2I5blExcUdtWktfYjdYaTNCaDBsY3BjQ0NTTFlsOEpRNks0ODFka2FpTEpHZFdHVHp1VkkwMFcyTDdSUFJDcWo3dU9TdXNKeGV1S0gwdl84c0VEYWF2S0xZWXRIWkhOQm9iaXFEN3BYUVYyUmdWVW8yeHFrWUJmTXY2Z0hNNmlVRQ?oc=5,auto-1fee792b90,morena-coordinadores-2027,historia
2026-10-05,https://news.google.com/rss/articles/CBMi0gFBVV95cUxQVEVUcGdOWnJmS0xPRWZhbHUzV2YzMG1yS1pDVl9kbVkwMFZ6YmZrYS1GWklTNU5YQ3ZUVTViQkQtbEl1X1VqVXNtN1NDRG9CcnlSajdUZjVVUUd6dDlHM0VjaWd5QXJ1aWhUTEZXVjFIamJTVHJaalRzUkxDWFdUeDVLTWZFWVhndC1obTRlNFE1R19CVzdSVm1VY1R0TTV6UE5vOGxUZGdSTUFzYk82Vm1pRk82cTl2dVlhMDFjTklMeVlqcEJIOW1aUThyUEg2R3c?oc=5,auto-b183a1493c,morena-coordinadores-2027,historia
2026-10-05,https://news.google.com/rss/articles/CBMi9gFBVV95cUxNalNiNV8xRG96VndxMnRmOGRRYlc5NE4xazRqZDFQdm1HeWM1WnhrcUxScjdRQjBuUGMzdlpVTkpvVEhWZWJoOTVEdXJVRmlLenNucmxaSjlkaXlxU25TTWhWMWVuWXFPUmw4ZHoyUXFESzgxOEtBNjlfYmc2WDhuSnA3V3M4Z1ZkaTNPemM2eFRUQlA1LWc5R3JVVzVDOEpUV1JEXy1Qc2dFLVNUUlpfZnlReFJYYmNnRUJwX1MwNHJDQkNLN2x3NTVLYkxYeDRhZlZlZ0lRUVJBVWlnVjB2S05qRGtZcW9aZHo3N0ZlNTczd1VKVWc?oc=5,auto-847cef08e0,morena-coordinadores-2027,historia
2026-10-05,https://news.google.com/rss/articles/CBMivwFBVV95cUxPU0dFV0RqUlg3cm5qODBIQlhWc0x6d1FhYjhjUGNoT2NSSjdmX002aHRyaExfNXpTRnRpa0k4UEZJd2tLalBsdV9DdnVFNkdRaXhvaTdJYWZuUlYxa2NZWTVWYW16empnMHNjVEdwTHdKMHVNNjJNbzEwaW9PMlR0enhmbUF3d0FQY3VESDljc0VrY1QtWGF4bGpVTDhLS0xablFkU2VWVXZMWllzWEtkOEgyamNXUzBUQjVmV1lVSQ?oc=5,auto-d4ad5d9712,morena-coordinadores-2027,historia
2026-10-05,https://news.google.com/rss/articles/CBMiogFBVV95cUxPcnhJTWI2UUh1WG9EMGh1M1owRnNwcG50U29VNE1wTzhud1hHMng3bXdra1BYYjBSdi1UZGZZUUdlYU1lQ1hnRV9Zd2pmc3MycVBQTThHNE93Smhwb0F0RHRuUzZwOWdpclBqNjZ1bVE4VHRKd0Q2bDMzSjIyWmUtMk5VaDBSZTlLSEN2c1JYQ2Y1V21NRmRDejY5Wlltbm1jZ1HSAaIBQVVfeXFMT3J4SU1iNlFIdVhvRDBodTNaMEZzcHBudFNvVTRNcE84bndYRzJ4N213a2tQWGIwUnYtVGRmWVFHZWFNZUNYZ0VfWXdqZnNzMnFQUE04RzRPd0pocG9BdER0blM2cDlnaXJQajY2dW1ROFR0SndENmwzM0oyMlplLTJOVWgwUmU5S0hDdnNSWENmNVdtTUZkQ3o2OVpZbW5tY2dR?oc=5,auto-98892955bd,morena-coordinadores-2027,historia
2026-10-05,https://www.elfinanciero.com.mx/nacional/2026/10/05/claudia-sheinbaum-mananera-temas-hoy-5-de-octubre-de-2026-en-vivo/,auto-68c5207df8,morena-coordinadores-2027,historia
2026-10-05,https://news.google.com/rss/articles/CBMi1gFBVV95cUxNTlQ3b1JRaWFiSEpzWTJTUWI1VUJvV0FUamlJS25QcDZXdkQtNFdGclVKcHJFLWQwU2pCZGFGUkNiVDhiMERadFZnRThZc25UcnlycGp2V19OTVAwMjk1cWNmQXgyRHc4RmZfdExkWnJfZWlkZUgzdkduY0NVMlJjdTBZcGFqLVVLR0FCem5URjdkQkc3MHZxZkZVMTF4ZzJuaHFjamVRRzhhVEhXTVdBbGNHLTdLQmMzTFZzOTNPTWl1UG9FMS1pVjcxOExyUkZXLVM0bFVB0gHqAUFVX3lxTE4wcndSdXRFbDdDRjJFc040ZDkzUGxMeG9aYzhJTlpjV3BJV0wySnZ6REs2Zm1KaC1ZOE5SbTZ6bGVNVktrY29EYlR6TUYybGRfcXMxdE5LQ3FrN01TeDBNLVptODR0SzJVVVE0THBkOVFHTHdsTU04WmRlY09BekZfZ3pTQjZZNzdXbFZKS0ZZbUduUVJDS1g2YmhTX2taRzdNdU5HdXIya01SUXppMFZLb1NsUjZMem8wTGN0TjZtdk45UXZRdDRaNXhCZllPS0lvanF4ZXU0M1BBeHBUeEFVMzNtYWhpNEJMdw?oc=5,auto-e7e2d2372a,morena-coordinadores-2027,historia
2026-10-05,https://news.google.com/rss/articles/CBMihAFBVV95cUxQTHBFRkZTVVRRRzJxLUswdVVUaTZPdE5tS3dsM2VycmVHWGJPNzYzZFJCUkpCc0hPOE8tRUg2Tk1LRmM5amkxbloyRWk2VWFzR3IwX19Wb0prUm9iY29hQzFLZThacmZTU0tLVkNFVURYZWFLaEZqRXBFcXN6b3RFTFdUUVo?oc=5,auto-431e6b631d,morena-coordinadores-2027,historia
2026-10-05,https://news.google.com/rss/articles/CBMivgFBVV95cUxPOXFxeXlRZTJIdWQyNm5HSWJFa2VQZmRMTFNiMlBmdm1qRjhuN3d4UDMweDZRb2ZLZEVJUWw3SWZpN1BlUG1iMG5lMjF3dk5SdnBEWm56eEstQ2g2NEszSFllaHB6RVU0Z0NhZzZROWt5eWZPZXZZaktuZGNJdk0wbERJdVJFajh0VGdmXzlkS1JYTm1ES05pV2VIbUFVdjdsQmM5UGN0LXNxOThMY19PVDFmQnNkWDRXN3dpdnZR?oc=5,auto-a00ea963de,morena-coordinadores-2027,historia
2026-10-05,https://news.google.com/rss/articles/CBMizAFBVV95cUxPcGRVblY3cEhpdnNuMGxOSXBpVndKclQ5SXlnM3dLMTNBd1lkQWlXYnotNjgxMlBvcktuTGhUNE9zVUo0NE9yXzYtd3ZOUGRJWmhYdjlKYm9xMUxPWU1WRkxZTG1jbjYtazd4d3JFWTk0OHByTkJhRFJQMmZwWmJqLUpDX1AwLWFvQUJqd1AtS0dtU3hGTHJrU3lTRlhyVkVfdlZZQnlUM1d1bklIU1R5TUM3MHpqc3NBYjZ1eWRzVXRzSXdpNnlEb1VhLTY?oc=5,auto-006fe23c33,morena-coordinadores-2027,historia
2026-10-05,https://www.elfinanciero.com.mx/nacional/2026/10/05/premio-de-consolacion-para-andrea-chavez-morena-le-da-candidatura-para-alcaldia-de-ciudad-juarez/,auto-7d432c725e,morena-coordinadores-2027,historia
2026-10-05,https://news.google.com/rss/articles/CBMi9AFBVV95cUxQN21wX0ZMMTFEbUE5S2RPZ3Q5ZDYyTlJJbmZ5Mm5acGdhT2V5bkxnc3h2bFBiSHZaNU9ScUNBRjFLM2xUVXM0TEU4cmsycUFfNkEtY0tQOVlUN21lamxveDlpa1l5Wm5HVzdBS1VOTGk0OURNeC02bE9FU29fU0paaEJqZDAtdkxzOWZNaDhoR2tPM3JKUlF4QWNmQTk2SkRVVGJFenhvNUNEeXl4VEliQk5fQURCREYwV3BFNVZRcnZta1BBV3VXWXhJWWIwS2UxNjJrSXlocU9KaV9RUXJhcUNvbncyOHFYcTNERTdRLURxLTlJ?oc=5,auto-2e6f760ef8,morena-coordinadores-2027,historia
2026-10-05,https://news.google.com/rss/articles/CBMiqgFBVV95cUxPR2p1cndtdHFKamVLRG5vT3FoRFhEMkZLVUZuaC1qNFl0S0J5cHNrcUVWUEkydmhkRVRXOEI4OFdncEFTeDFrcE1wM3UtR3RiX3lveFozcnU5SUctdFFOTlc3dnRTWDVZTXFKTEppVXVoV0JLczFhOEd5TlBkdEstUXB5Zmw3a2VHeHdsZUtGR1ZjblJmOXJ0UmJsM0gycURuUkhneDgtQUxaQQ?oc=5,auto-b834db81af,morena-coordinadores-2027,historia
2026-10-05,https://www.elfinanciero.com.mx/nacional/2026/10/05/indirecta-de-andrea-chavez-a-morena-por-encuesta-en-chihuahua-si-decisiones-son-erroneas-el-tiempo-dira/,auto-276336286a,morena-coordinadores-2027,historia
2026-10-05,https://www.elfinanciero.com.mx/nacional/2026/10/05/pt-cierra-la-puerta-a-candidatura-de-tatiana-clouthier-en-nuevo-leon-es-militante-de-morena/,auto-306e800f94,morena-coordinadores-2027,historia
2026-10-05,https://news.google.com/rss/articles/CBMimgFBVV95cUxNeUlHNlIxZ0RHQmRHVzhKWVcxVTdjeTFxU3FDSzRqaGRqRHU2Tl93R0VHM0FadHlxLTZ4Vldud01vME5SZkZpTm15VGdmLVFrckZ5ekI5YnVvZEJPM1k0bFhUQzZTZ21OYm1QRmhkaGRucGxmVXc3Y0JidUFUSWIyOGU4ZUlpSzJGMXZrb3R2aURGWjlZYU4wVmVn0gGaAUFVX3lxTE15SUc2UjFnREdCZEdXOEpZVzFVN2N5MXFTcUNLNGpoZGpEdTZOX3dHRUczQVp0eXEtNnhWV253TW8wTlJmRmlObXlUZ2YtUWtyRnl6QjlidW9kQk8zWTRsWFRDNlNnbU5ibVBGaGRoZG5wbGZVdzdjQmJ1QVRJYjI4ZThlSWlLMkYxdmtvdHZpREZaOVlhTjBWZWc?oc=5,auto-f2a3effa42,morena-coordinadores-2027,historia
2026-10-05,https://news.google.com/rss/articles/CBMiuwFBVV95cUxNdEJTWVpxQ3BuVkk1TjFhcVhmQ1JPclgwaDY2RDNXQl9GZFJ3LXRUTy1hT0NraDNVSWo2bU5yNVVaOVRKbnhYYXZBb1FKTGk2SDRqeTBFQjAzUzdOSGdhcmVYemFDZ3F2ejlIRGY4b1MtS3BSbmdrLWhYTWxxanhYVWp2ODF1QWhxaF9fUWtzUnYtZFVzVkltYWZ2QmhKams3OFk1QUVYajVmN3NRZWFmalltemFqOVA5Y3lF0gHAAUFVX3lxTE56YzNjUzE5cDRLdmFjNGtieGpNOVNHZmg0TXlKSnN4d09ObGE0RjFhLUJrZWZ6WUFFajAwRmxNWVNWRzBGVmlfcmZnM1J3VXVpcXdUTUlXOGRKZjJob2NNNWxSdUNod2ljRGFkYVh1T1JLOWlVQXg5a2N2OFNOU1ozRlMxbkgzUVA1OWZ5V0ZpT3otTXc5RlRySDZnNlRtZk5SMUZ6MWV5YWtITjF2YldTbHdmR2hJSXBKSVNreHVyYg?oc=5,auto-5b15e35ba6,trump-agenda,paraguas
2026-10-05,https://www.jornada.com.mx/2026/09/26/politica/003n2pol?partner=rss,auto-ee6efd9cf7,trump-agenda,paraguas
2026-10-05,https://news.google.com/rss/articles/CBMiowFBVV95cUxQMTJRR2VKRXAxZllWRTZpZ2dSMmsxYm1WNDZFVlltSUVNbDJXdTQ1blBIMllKQlRmZzVxRC1jRTliWng4TURLdnBROF85eUJfdnVpTUF0dVhUT3piaHVKUTFVUGl3SkxScmhvWDc3MUlKU05YaTJnOThrRmtnemlKa2dPN3lvcXNQSTVuLVUzWGlPQVZwOGY5QzNYT2E3ODNGQkRN?oc=5,auto-230b70ede5,trump-agenda,paraguas
2026-10-05,https://www.elfinanciero.com.mx/mundo/2026/09/29/california-desafia-a-trump-newsom-prohibe-guantes-de-electrochoques-de-ice-para-detener-migrantes/,auto-86dc7a2537,trump-agenda,paraguas
2026-10-05,https://www.elfinanciero.com.mx/opinion/alejo-sanchez-cano/2026/10/01/donald-trump-votara-en-las-boletas-mexicanas/,auto-ae4ab61014,trump-agenda,paraguas
2026-10-05,https://www.elfinanciero.com.mx/mundo/2026/10/01/con-todo-y-perdida-de-apoyo-de-hispanos-trump-defiende-su-politica-migratoria/,auto-5017ab5430,trump-agenda,paraguas
2026-10-05,https://news.google.com/rss/articles/CBMiuAFBVV95cUxOZGl0cnhYeHRxQllhV1VaY1JnNUpWbHFPMGo2Q1c0QjAzSVY2YWxPQVVyZUM2bktNbE9fX2Z2WGVOeGxQTFo5MWQ1bGczckJMbFl1eDVNaHZLaV9DbkNGVHh5cjVDRDhtRkpiai1rYnQ4RzJPdzMxSmNnZmd1am9YbFFrel9ZV1pFWkxYaTRWWm9ZTWE2NWlxdzgzb3I3cWR2bUUyaWpFWDROZFpnNWx4Z2NrTGlYSzlJ0gG4AUFVX3lxTE5kaXRyeFh4dHFCWWFXVVpjUmc1SlZscU8wajZDVzRCMDNJVjZhbE9BVXJlQzZuS01sT19fZnZYZU54bFBMWjkxZDVsZzNyQkxsWXV4NU1odktpX0NuQ0ZUeHlyNUNEOG1GSmJqLWtidDhHMk93MzFKY2dmZ3Vqb1hsUWt6X1lXWkVaTFhpNFZab1lNYTY1aXF3ODNvcjdxZHZtRTJpakVYNE5kWmc1bHhnY2tMaVhLOUk?oc=5,auto-e45383a3b2,trump-agenda,paraguas
2026-10-05,https://www.jornada.com.mx/2026/09/26/politica/005n1pol?partner=rss,auto-1bcc3af65c,amlo-agenda,paraguas
2026-10-05,https://news.google.com/rss/articles/CBMi6wFBVV95cUxNM21OVTVMVGhtSlJvT0VkRnh5d2swWk1XTzVBRTNEczhhWU16TU0waDJEckFvMEJvblA3RFFDbDZjQXJIdU4zZ2paYVFJOFBNY1lJX0NfVHBnVHQ1ek9ZcUJ6Qm9rdm1KYlE5MVBwaTlIc210UE4zdUN5djh3cWFlRWFrcldOSFdkeUd6THFzN0lLcWtGUFZ6ZjAtWk1JcVBiOG92a1BLemJzei1kQkp5UnRGYVp6Q1BGa0xmdGVnZzJCN3A0UHBDdEJRRk1Md2ZJRXRvdDNXbkNIOHFmWWdvcHVjTmxzNG5uVVFj?oc=5,auto-1e92c857a3,amlo-agenda,paraguas
2026-10-05,https://news.google.com/rss/articles/CBMiswFBVV95cUxPUDN6SUt2cHB6YU5FSHZrdHUtVmlGTUVPOXRhWWNua3JMNmFIWE9UMHp1REFabG9jOFVpWWYtenNJOEd2N1hKTkJaSlJHMUQ0Rk9EYThpR2E2SnN2SDMxOG5DeWd4V2poMWxiM1hIVGpyUUpIbC03ZXg2OGl6bElTWkVaQUpQX25ZQ1VINDRpZldMZWIzRDBOb2o5WGJ0bzRNSG5QQXgwMHhNS2hRT21ZM2lhY9IBswFBVV95cUxPcDQzRnBlMlBseTl5TGgxT2xpdjVBVHJOc3hPM3V1SGhXb2ZFY25oM29fV19Zc2NYV1ZHczJ0OE90dWdPalBoUnpTOUM4TkJxQVdJTlR2LUloRVc5UlFoUjdUQ3AyZHpEb0dvSmpTajhZX1dydGZSd0doMWdaVVVJZXhWUTctc0lEc2l1UHhTLTl3YUh4UmszSndPUmlNUEJjOWctdnRCaHdZWVFXaDR3TE1tNA?oc=5,auto-e664e2366e,amlo-agenda,paraguas
2026-10-05,https://news.google.com/rss/articles/CBMi6wFBVV95cUxNM21OVTVMVGhtSlJvT0VkRnh5d2swWk1XTzVBRTNEczhhWU16TU0waDJEckFvMEJvblA3RFFDbDZjQXJIdU4zZ2paYVFJOFBNY1lJX0NfVHBnVHQ1ek9ZcUJ6Qm9rdm1KYlE5MVBwaTlIc210UE4zdUN5djh3cWFlRWFrcldOSFdkeUd6THFzN0lLcWtGUFZ6ZjAtWk1JcVBiOG92a1BLemJzei1kQkp5UnRGYVp6Q1BGa0xmdGVnZzJCN3A0UHBDdEJRRk1Md2ZJRXRvdDNXbkNIOHFmWWdvcHVjTmxzNG5uVVFj0gH_AUFVX3lxTFBuSlpLbF9IR1RhblQ1UE1MaFk2dTZ3NVVDblZIWjc2MUdIeE1XRnpSY2g0WmJQNGowamwtTENXUklPVVljYWo0NEp2LXl5eEVyQTRPZ2xZMWhOODNTU21YZTBtYjg1OFZEbmdkbXJ4d3VfenpSRGJtSG5hYXF6cXFidFBfa2dnZHRzTV9zREViYjE5Q3FudWx4cHJIODhBSUxsRUloMjNYOWNybWNSdnNHUXdkRWNDa2JBdVIwMXVhcnI5akV1S05YMWwtUW1TQ2FNdGlvYVdhTFBPaUVrVzFadHM1Ty02Zjg3YWtwMTNxQklvbXMtcGhuX0VaZ3Utdw?oc=5,auto-1e92c857a3,amlo-agenda,paraguas
2026-10-05,https://news.google.com/rss/articles/CBMi-gFBVV95cUxPM2VOWjZKM2hmbUpFbGFhS0tIRjk2eElmdGU5X1BYODJuczBOajdvUkJNdHdLVU9ub1Y2WHk0WEstbHRUaDBXdXJHT242cFo2SDZiVW13ME1MdzFKMFFOZmJNajVtS3AwTGRIRi1DVVhyZTFhN1lwZkZCeGlxSjFINVlnU3EwOGZOcG56NkxLWUROQkNsMnpaT2t4NkZkWnFTS2tXazZCOVFyS0tNc29IVzhYUklPOUZKdEdRc296bVk0eGFEOTM3dTdPQ0VLMkNrYTZJVzBkc2dyR29CeWJENURMalVUa2NkcVBINngzYmtkWnMweWdYZV930gGOAkFVX3lxTE83TzdlMFprWjlKM2Zsd0pfcWR4QVdCNjJXeE1iOTlEMEVoQjltYy1Qa04wM19ISzNVSWJSazRHWkVacU9yajl0ZjZXR0c3ZzZPRFVlQ1o0RWVmNy04LWdEVWNXdVdNVmhxMkxqMmZzNXRLSVNVMG1FNUFkbXphVGV4NkR1SDBkbzR6VmNXLXZnS2NuT1VtaTNQaHd1WWthVlBqc0tjNEFKVnVoMk42WTZFLXBxMWRtRXFkYjQwM0xfMFhEVnRSN08xc3Q5SDFDWWh4Ni1hNkE4NkhFWDg3bXhvR2JiUC1abmYwZ1cyM0Q1MEJRYnV6VW5LWEJCYTZHZVhKRjY0b2Y2WEEyVUVuZw?oc=5,auto-9bc65c6223,amlo-agenda,paraguas
2026-10-05,https://www.jornada.com.mx/2026/10/02/politica/005n1pol?partner=rss,auto-da2a6b5bf0,amlo-agenda,paraguas
2026-10-05,https://news.google.com/rss/articles/CBMitgFBVV95cUxOSmQ0bnpkeEhudG95QUJQaG5GS2pBZW9lTTRJOE1Pc3loOWtTMjVfNEpUZE5TeUtwT1ZvLWNhb2NCVXJoVGtnZ2RCZ2NId0E2Ym9XemRIVkJ5RFRBR2xvdGlaR3dBakFidFQzSjktWTZVVHFMNkdsT2FTOUtRa1Y3aW0xX3NQaWZpdnFBWmNnT0MwR0xTeFFnOVlTYTZmUF92QlFQMlB5VWNWWEw5WEV5aTBPVFIzQQ?oc=5,auto-de2cd3c246,amlo-agenda,paraguas
2026-10-05,https://news.google.com/rss/articles/CBMi0AFBVV95cUxQMld2dzJ5MFZVUWNXUmZaeG9iakRpNENJbWpmR2YxdWZIU3dJM3NhV3FOdnVRdjl4UllYVV9RdmJvcEJTS0ZicnA1VS1kOTIxYWQ5SXA4LTRLb3Z6SjNiMjVpOEM0SElRbUJwWE9PS2xuOEx1VXV3ZDJFbTdhVUZsZFpHenRHVlFHVWhWMFZSY2k0UUlWSHdZT0xYejBrVDd2RkVlWFFTRC1MYVhoY0Q3WmJSY0dwUUhFNDU3YUJRaElGdG1HcVVVeGRVekVITzRo?oc=5,auto-225568ae93,auto-1641840940,fusion
2026-10-05,https://news.google.com/rss/articles/CBMimAFBVV95cUxNUWdXRXR3bzVhejMwQUc2clJkTVNpUTV1dGpIZzlMWUlzMTAxLXJ4Q1JMXzNMNTh4TFEtcFc3cGxQUjh1OGNxTEJFMlZBYmV1dUlWM2IteGlMUF9NTlVDTmdJZ3NacjJzYmlGTElYdXFBT2ZqbHcyWWNiY1pNUnZ2cVdJa2ZUclhuM2ppUEh5MEpfS1N6dmdlbA?oc=5,auto-b73b92c5db,auto-c9737a6f4d,fusion
2026-10-05,https://www.elfinanciero.com.mx/estados/2026/09/21/quien-es-jorge-anorve-hijo-del-senador-priista-manuel-anorve-que-tuvo-a-disclosure-en-su-boda/,auto-582ecb80e6,auto-72839a859a,fusion
2026-10-05,https://news.google.com/rss/articles/CBMiwwFBVV95cUxOQW9iWm1UeF85ZDNRNlQzNEk3Q0lqX0NEajN4RlRYV3ZjTHRneHFmOU01QmlIQnAwQUxyeHRrSEl0RWRpMGVxWDhoYXE4TEIycU4tRXRLWVJoVkkxVzlDYm5xa2t4dVRsams1MHktRUdONndBeS0wdjc3VGlVOHdEREp4RTJ6VEJ1VXd3dWhod0JWcHc5SVdQSDkyOTRlYm5PSjRrZ1J5OENObUV0cmRJLXFaOFdkS3dMS0dVWDdMdjhJSHfSAcgBQVVfeXFMTm5RVHpXaEVRb0tnRUczUzd5VWpnMlpLb21qOTd5OXctdFJ1ZFBvTnhIMTdCN0JKYjIzZkc1VlEyTUxYbWMyT3dwTmliYXdZNUE4cG5kMU9xWHllaGtFeWVfTm1kU25FSHd0NFduZllkZmFzd25WYzBJcXJvUnFFbmxDOU5OT0FKR054RXIyMmpYV0JfM290STVYSnpXZjRmSnNlOVBaRG93Y2Jjd19jeVBSNHF4Vi1rMWNKYWdnVzFPZVJLRk9WX28?oc=5,auto-cdd00b3a73,auto-ecb9fc3541,fusion
2026-10-05,https://news.google.com/rss/articles/CBMiuAFBVV95cUxNeWkwT2M4OHNKMFFhaEdZa0Q1eTVFYVhwWkpadmdleElQUmJYTnhvN0IxYUt5RmU0RFFPTllTUFZCRkM2V3c0SFlOS1luMkI3S18xVnBIR2J6Q3lxYjc3SWU5bWNkVHlOM0NScnluMmNvSWtkME9XMndGTXBKWlV1RUtWWjM2NWgyTEdqZGMwV3JUNjRSZUpSc1N4SFdlVkFmeG5ldTI4NlF5U2dDZy1QdEVKZHNDVDZ2?oc=5,auto-ea8c60f45e,auto-f1f25012f2,fusion
2026-10-05,https://news.google.com/rss/articles/CBMi3wFBVV95cUxOa3ZWNy14S0lBOGhlX0k0NjBySzlpenhfQm5rT2w5NWprbFAydm52aE1peEY1cmM1LVo1S2k2V01aUzFtVEdNby1vbzFqT1BYT01jSzdkU1pYblpORG16VFVUMUtodFhLdUNZbGJlYVhBOWNXLWlMVzk2QWtnNzJSYnFJVUZSNU14UTdvYmZhMkd3QWxhU01CTnh0U3JGNGVTMWxpc2pLQXlmX3ZrNDU1TG0xMnRaNEo1MkFuemd3RGNJeThJM0Y0S3hZeGo0bTBPOE05VUZwZ1pJQk9IaDFZ?oc=5,auto-cecc652abe,auto-c75e0e9665,fusion
2026-10-05,https://www.angulo7.com.mx/2026/noticias-puebla/cuerpo-hallado-en-rio-alseseca-corresponde-a-hugo-alejandro-confirma-fiscalia/724355/,auto-21003ff2d9,auto-05ae8399b1,fusion
2026-10-05,https://news.google.com/rss/articles/CBMi6gFBVV95cUxPRVI0dFhmUEpOSVZyaEVYdEpIN0VDdGZVcDB6S2FBeWE4R0VLNnUtbUkwR2hJbVhGS3ZQRWo1QXlya2ptRGltbEgxaTRPUlpyTFhTbk1kNm9iYnhNSWpUc0FETFB1Y084TFloRHllMnNseVhGclZxOVpEekNiZklndndPc0pOd28xUmx5TXhrVkI4c1h4em5tTHlvMnNDYkhlZUItd0JnNE1pSHJBMXFGSTBBVmttak5SX1ItdlMtajdHd0F0alZfYlhGcFgwNm5FOFBjZnlod2VHNWh4X3Q4ekZnalVacmNTdXc?oc=5,auto-e11d84cbc2,auto-4229a42d42,fusion
2026-10-05,https://www.yucatan.com.mx/mundo/2026/09/23/trump-enfrenta-las-consecuencias-de-prohibir-el-ingreso-de-algunos-medios-a-la-casa-blanca.html,auto-139be3c723,auto-e1e0f1db38,fusion
2026-10-05,https://www.angulo7.com.mx/2026/municipios/las-cholulas/tonantzin-fernandez-suma-a-musico-de-la-ley-en-concierto-a-favor-de-la-cruz-roja-cholula/724427/,auto-c044eba099,auto-09670752d1,fusion
2026-10-05,https://www.angulo7.com.mx/2026/noticias-puebla/avalan-cambios-al-coremun-y-desarrollo-urbano-para-dar-paso-al-cablebus-en-puebla/724544/,auto-2d2c8fc56c,auto-6709cce016,fusion
2026-10-05,https://news.google.com/rss/articles/CBMi7gFBVV95cUxQZDhzWlU2WTBreDBSLTBQc2doMUFCalg2UlRFeGNPMGdLcXhIMVRFTlRyTFItY1BRTFNsLWgtQ1JuamJDTS1CU05qQ1owLXJJZUdMd05wb3hXbUphSjdZeHM4VURYNURLUnpHaGxZTzdVczFucWItMDJncnBZWmplb01KQVpEVzdLaHN2NVlLeVg3RGFLTzBhSDBTM051NmlkdUxpS1dnaG5ZQ0FNckZrenVJaXhCcVZsQ0NQMDJaU0dCLXNJdVVmOFdTN2JuWXo4ZW9tMVJ2bkxOZnZEZWttZzBzNm1pRFFwdDFuc1930gGIAkFVX3lxTE1oOUJHbi1rUHNNd2I5YUdTWV9HS0ctTjlXN0tCZ2RXOVBySnRWWXpkU2c3WGhuYy0xaHFNS2lfcmFyY2piUkdKbF91X2stTks2NGZFVFVJWlBlRFJXS0hiaVVfV0thNWRyVjhHTWtSWHNRMVdWTVBBOGZrb0NlX3F2dmpPRlVFdlNRdW9HOGk5bUNZWDZGUTFfWmpaQktNMTRYLVRFaUZkc0xLc2poTnRweFdteUN0TWxOX3h1NnZka0tMV1h6cVdCd3BqR3A3QS04dERXR3o5bzAzRDNlWk5aazA1WEFjZURzaGZLaFBQOWYyTHlQWHZ6bWNHM1NfRUh6eTlQY056Xw?oc=5,auto-a47ca76e08,auto-ddc518e82d,fusion
2026-10-05,https://news.google.com/rss/articles/CBMipwFBVV95cUxNa1NvWV9zR2Z4TzFVLWhTZGxvWW11dEpSS0V0RFprYWNKVTE5NW5URUlfZkFWX0xBM0lLc2xPUk5oZTM1aW5Gd3ZYblJuRWJ0UkRTalFudGk1bkFYeDFIVHE1aXlYaEl4cTFIZFFURlNjY0ZaM01BTGxtcXROWU9hTGFwck1xcnFYYzhXY1QzaWVySGtLd3FnSUxHWk0zOXM5elcxSV9hSQ?oc=5,auto-7c86d81c7c,auto-f23ced8b4e,fusion
2026-10-05,https://news.google.com/rss/articles/CBMi8gFBVV95cUxPZTVidl9jREU3UmRTU3g4ajlKSm4zVVJGeC01YVU4eWVKRXdvS1NxZ3pHNk4wcVc4R1hQQk5pS1IyTE1adXhVOExEcTYxS0VLYTNGQzBBTDBhRDdoRlVjSjk2eUdBV2Q5N3YxaC1FX1hpdFc3TWNYNU1BSFBxYm1Jc0tPS0RjNFNRUTJwZC14Wm5mdzlFTFhVaHZFSWcxT1UyTmhyVHZHdHZyS2V4NlJJVDBFWEN2LU92eEwwcWNhWFoycVc2bk5FWUJ3UGoyRV9XUUw0T1JWWFFRX0VmdWkzN0pUV2JQSV96dXkwYm5YUDF0QQ?oc=5,auto-041f99fc58,auto-551636d43e,fusion
2026-10-05,https://news.google.com/rss/articles/CBMirwFBVV95cUxOcENnbWI0NmUwdm82aVBRRTJpdlB6R1lKWG93MDRLTHl2Ukk1MVZFb1Q5Q1pKeE01QllZdVBrM3Fkd2R5aEVSSFNoSUtqc2JtUGdyaFJUQ3RxTnd2YTNHU01PYzRhVV84Z2VFRHBQcS1GT3lqT1p3eGN4VWx6XzRMalFVN05GaTZpLW9vdnNpR21mTHFQS1JDcmNzbzAtYmlPd0dReEN4SVVRRjVXaVpF?oc=5,auto-bea4bcd27b,auto-2125ed5fd0,fusion
2026-10-05,https://news.google.com/rss/articles/CBMihAJBVV95cUxNWnBIdEM4Wk1McGZRalI3MmdVTHBVaEZsTjAxVzhWdUZtTkpiRXQ1TFh4NGxjdzB4czltMHZMUWVpTmw3TjFRUVlCVHR6clpxRU5MaUNpTURyWGR3UmM4S0hxM3lVbGRHZGNsVFdFZVE5ZE9DMXJyc3pVc01RbHI1eUlNZkM1bGhUM2ZnZ29HaDA4dlJyVlBLVS1tV2lNMWpscnFLamJtMDhfVk9DVnRRR1pZT21xclFwcG1oQmt1T3IzVnoySDFsRVp4QTJxUzhoRW1GNjQ5b0F4czB4X3gyMnVxTzZfU082QjUzU3BWV1JXdS1hdlZMS2ZVLUxEVU4wVjRuNQ?oc=5,auto-72cc895036,auto-e9d23c1080,fusion
2026-10-05,https://news.google.com/rss/articles/CBMitgFBVV95cUxQOEtUeG1lTGRXaldnSkcxc2FvU002UjBXeHQ4d0xjSGtVa2JjaHItWFZoVTFSZGNNWnV4N3ZxQV9NOVBTWVFwb2hYMWZqdDRhbUpEc0QtTWpmZFBaMUFSS3Q2ZVdlSEpvTVpBeS1LOXowSDJ6T1E4eTc4MjhQbUZwS0VjMjZIQTd2djc0NWVsQU1BNXFTTmlOQzZaTUZqNWRITFR5X250QXN6c1QxSHUzVGtLZ2lGUQ?oc=5,auto-bade0583d7,auto-a7b2e4627d,fusion
2026-10-05,https://news.google.com/rss/articles/CBMi2wFBVV95cUxQUW5VSU5ZRlBNbkF5VFVQWVQtX19kbk1DOUZtZWZYTE1tT09XSHZNc0paSkZ3NFd6dS1QQU9rQXc5QURscGZHaDNrUnJ2OU9IWmRZS2hKTm4zWUhySU5DOHpuOFIxeTRLSFdqeEFFTTd5TzFmRy1aUHM2R3NKa0I3UmswWmw3dXBOX1dkWHpOcVJJbFhhYTQxcU1uZ3JJT3psV2tJdGJxUTFPSHVET3cwRk9tWGJhUG1WMVdsel9JQjBFVWV1eHRuN1FycUhkeTZsQ1psSXd4TVRyZHM?oc=5,auto-3f846bebb5,auto-7eeca57db5,fusion
2026-10-05,https://www.angulo7.com.mx/2026/politica/pavel-gaspar-acude-a-consulta-indigena-en-tehuacan-abordan-faispiam-catalogo-y-planes-de-justicia/725195/,auto-f8ab2a6018,auto-69c4cc53cd,fusion
2026-10-05,https://news.google.com/rss/articles/CBMi4AFBVV95cUxOV1pLTXMyaFR2cEtPNWFIcVh4REluWFZqQWppUExrckZUSFZoS29DY3g1NkFWSHI0VnJYZTBtcHppTXRjMXZhWXlrZGNxTVp5VjBsX1V6cXZtdGdWYXR6Q1ZjeU5SLXhLd1NDdnRFa05QNWI2bUdJNEJZZWZJemRLaWExVUg0YXRaQ2VHbi1LU0xoaGRFVGNESURrWFhmekp2c0JwNDAxeG1LZG5Vcl9UNXBiLUxVZUFQWm9UUnJudWFDcEptSUJnYm5WaXB3SGZiRlpjTUZQSjh4V1Bfc1RBUA?oc=5,auto-5a4246eb85,auto-9c6672530a,fusion
2026-10-05,https://news.google.com/rss/articles/CBMisgFBVV95cUxOQzJNejg4dk82WFZhTDBWaGNmOWJpd29IbTB6ZGNQZU45VFBMZ3V0R0YxbEJxaUJIME10N2VMYkZhVkJmeE9PRDZ4WU9mYU5LUFFHdXJVWEg1cUxNZ1gwOTRfWUdzN1Z6ODNSS2UtbWJ3N0EyZUVZTW9TeExWOTk2QjdMMEdPM1dGc0dQT2dlaHR0bGRTdGhGRlRNVG12bGhsVFN0TmkxV0QtUHJVTWhKTWJ3?oc=5,auto-798912ce7e,auto-d2b483c639,fusion
2026-10-05,https://www.informador.mx/mexico/loret-de-mola-revela-presunto-pacto-entre-adan-augusto-lopez-y-la-familia-yunes-para-aprobar-la-reforma-judicial-20260928-0041.html,auto-2c99e79cce,auto-e27726f173,fusion
2026-10-05,https://news.google.com/rss/articles/CBMivwFBVV95cUxNUnR3RXAxS25SaDRxVnpUTXZuSEJXeEdiT3F3a21sZ0JSMHJsWk05SlZNa185THYtR3hPMVRmWHlQN2c2UG8xenlhNzB3dDZlaHppN2RjOUxjRVRZSzRkajg3TmZQOXFmYmVkcV9jdmN4OGhtTEpfVlZUNFB1RUx0cUtnNEhJRlk3SDVGNWdiZTJGZjE3aWtfdVpWdW9IQlN6TnJudWVZSkh1bnN0SXQ2T1ExOFg4ZDBnc3NWejhPMA?oc=5,auto-0b02bca057,auto-ead3ec111e,fusion
2026-10-05,https://www.yucatan.com.mx/mexico/2026/09/28/maru-campos-pide-mantener-ley-que-protege-las-elecciones-en-chihuahua-del-crimen-organizado.html,auto-55a6460c97,auto-cae542e3f7,fusion
2026-10-05,https://news.google.com/rss/articles/CBMipAFBVV95cUxQREp5ejRKckdXQTVTamxSZWd2ekVEbU9Ed01FQ2Nid2t1OWdCRHNEN2xNSnVFWE02RVR2ajdQal9sT2RYRE82UmprQVY1WnBsMlpaU3ZQalVYellzNUZWQTBkRUVydnY4RVFFSG0wRGU2RlRTaVhKWHdzTklHMlJRQktjNUQ5WWNSRjltSmxuU2Vjb0RmUC1oNWdZVkU2OE0xTHhrbNIBpAFBVV95cUxOeXViNUNLT2wyMlE5THdITlhXWXFIdFRLeUdhdDR5V0VpTF9LNUtHQzNQOUJkc2pkenE3cUpsS1k3ZnFFUFJJcERzWWNSbGNOajJ2aV85T1ZrOEdldXhDQ19BTU9yMkF4WThDaGlLdDJDLWF4TlZRSEtHdnl2Yk9pcVNfZzVOYkpZWVBHVVQ1dHpfekFJdkJoSmt2dV9sNDFXN3lEMA?oc=5,auto-23cbb6404b,auto-b7f9c3e7ec,fusion
2026-10-05,https://news.google.com/rss/articles/CBMiuwFBVV95cUxOTVkyNDJUaEJZLXdKMWhkTFBvbDJHS2JZcEdmVUF5NjQ3YVJFdDFhNGotWUNCOFI2Wm94TDM4NUw4MEwxM1VROVlDMjFZSFIwcHdBaDBhV2lDVVZEV2dvb1hjYnE1M2RhbE5IYnVFWkJ1cGJHMWNCMTl5ZlVvdmZxSk1ndjh6ZGM5OVpoTDNuNWhibmFYVTZrZi1rOUhNY2hFbFRXckFvMkNvaVI5MXViWjdNZkgzZk01VWRF?oc=5,auto-bc2ce9a4d1,auto-09750f0991,fusion
2026-10-05,https://oem.com.mx/diariodexalapa/mexico/entra-en-vigor-reforma-en-veracruz-que-permite-aplicar-la-revocacion-de-mandato-32343907,auto-5d50b5fd6f,auto-499898b1a0,fusion
2026-10-05,https://news.google.com/rss/articles/CBMilgFBVV95cUxQY0JkZUdSM0JLeGNhMEQ3R2oxVTZQbThZVHJlSGp2c21OdVJmT3EyNHNmZThHV184c0dNNTVKb3ZtNXRBa09rZjRSWDVIeFZoLTBGSDI4Rk1NRFhQU0l1SDNnY0dVUTZwQnMtaEZEMEQyWWNjNGpRTlNrYy12SVV6NDNGUGk0dlhpek1KSkg0ZkZkTWo0SVE?oc=5,auto-71693d553f,auto-82d951817d,fusion
2026-10-05,https://news.google.com/rss/articles/CBMihwJBVV95cUxQbmRaOGtuOUdsWlc2RkZrdkllOUh4dHBhQmczWEVwTzhYdEVTaFNQaDBOcnpWbzU3S3FxLTItY0VKcm1ZNmUwdGxEdUlmNEl3UEY0eVZVNkF2R2QtaW1sWXBFTGZvV1VlcUQxNC1wODE3NUl6UkhEOFdzd2Z3U2ozUUd2N05fS2JUZDA0SUR2VW04UllDN2FXdUpTT1Z1UnlFeWxmeG9BZTZ6bE55THhTTXdtSElSTmtVTnpYYkFMbHZPR0xyYTVVMjZfMU1pMFY4YlFHaHc5QV9mZ1lqeU9rTEx5czd5cDYtQU5SQnFZREttQXNpdWlLMGZkNnE1NXFKMDV4UEZUSQ?oc=5,auto-86c432692d,auto-e16c2c5511,fusion
2026-10-05,https://news.google.com/rss/articles/CBMiqwFBVV95cUxQUFNWNFVWcnJBbmhmbDNJVm9hY2lXaHNVbDZYeTZsNDhxdW1BdmtjUnRWT3FaNzdvRnRLb296LVVBQzFMNVpCaTZTX1ZNYWNJeV9jWklUV3FnZmZEcnZtYnVINlRackxKLVgxZkI1Q0p2LWNKNERIdU9MaDlUenIyYVN6Rk9tbUxlcV84ZXpGNElGTW02V3RrNXNHaE0tZTduWGR2VFF4RmtXLW8?oc=5,auto-5d7b5fcf4c,auto-1fd312da6e,fusion
2026-10-05,https://oem.com.mx/diariodexalapa/local/diputados-de-veracruz-guardan-minuto-de-silencio-por-carlos-y-joselyn-victimas-de-las-inundaciones-en-xalapa-32364666,auto-8cb9e354c6,auto-e9d23c1080,fusion
2026-10-05,https://www.jornada.com.mx/2026/10/01/politica/010n2pol?partner=rss,auto-5a01143e85,auto-e16c2c5511,fusion
2026-10-05,https://news.google.com/rss/articles/CBMipwFBVV95cUxQZ0ktdkJ0MlRPMVNKQlhBUm1INURUVF84b2RobFp6QjlxLS0xOEEwOERfSDh1UVVhV2FPVjNsLXV5R0FLWTVfVmxjeTJYa21RWTRTRzRoTXl0ODlOR1NjbVhoM2cwMTl3aEM5cEVmNDBQYUQxWnctUHFoWXBSQXNpNGgxcXFCaTRNS3k3NWNCQWk1OUtySlNlWDF5VjNJX2prZzJxTW82WQ?oc=5,auto-f2a586c865,auto-1183a7b0c4,fusion
2026-10-05,https://news.google.com/rss/articles/CBMiyAFBVV95cUxQRUswQ3BNNl9JTWFoY2JzVm10ZUpSOVduN1R4dmNyc0FsX2ZmMUdQbU52WHAwVDMtVTAyUTlUOHY1NERMRm9oaFE1ZW12YzN2Z3gyd291WlFDclR4S2ZhU2FTX2ZUMHEwRkx1NEZMS01mb09VNkJyVGpRSWFvTUw0OUtoWDlFdTllb2hXdDhuQkdKdzFneGJFd3piWndwMmRfMVpuaElKWnpjYXhNTDZEeUVkZl9qT3JydWNERVUyaEM1SDI3Yl9NeA?oc=5,auto-b0e248fcd4,auto-a7761b0ff1,fusion
2026-10-05,https://www.yucatan.com.mx/mundo/2026/10/01/casa-blanca-vuelve-a-excluir-a-cnn-de-un-viaje-de-trump-pese-a-orden-de-juez-federal.html,auto-fa903a30fc,auto-981a579b6b,fusion
2026-10-05,https://imparcialoaxaca.mx/nacional/que-motivo-el-ataque-en-torreon-revelan-nuevas-pistas-sobre-los-dos-hermanos-detenidos/,auto-e13dd37c55,auto-0aff0917b3,fusion
2026-10-05,https://news.google.com/rss/articles/CBMipAFBVV95cUxQaFoxRGxJMU5BNUx1UjRCUURYZmdEcUQ3UW95VUtTQTdBSHhsd0t6UzZsS0xybFp3cVNIVHdmWXdHdUZqRE8xRUVyUjVUd0Q0aEpneld0eUpmQ0k0aURROVVMU2ZkanI5UXctNmNBSDVjX2FtRC03LURhY3c5alNWSll3bjhMM2kxWDRzVjcteThPT2ZDdjV5VWVQYzYtZkxPaV9HNA?oc=5,auto-16180a8bb3,auto-c8fbd586e0,fusion
2026-10-05,https://news.google.com/rss/articles/CBMioAFBVV95cUxNU0lULVpHa0pOUjZQLWUzVVZXdVBsY3ZSZ1hhVi1wRE80RzFEcGZBS0ZWYzJMRzAyOVhnZDdyWjJvS29UbXlMSnB2dzE0ak9WbEF3dnVZNWhkSVNzbGl5QWNac0M3MlpmbHBTV1dUUFk4OXlZWjMzd2VsdG5wREhDNVA3Y0U3UmQtalR1QjJDbzVZSU5RcnRXSXNTS05IWHFm?oc=5,auto-a9454cb133,auto-7d432c725e,fusion
2026-10-05,https://news.google.com/rss/articles/CBMinAFBVV95cUxPRVRJSnh4TXk0YWJQT19tMVRZem5WTHQ4U3FBWnp4VWZtTmxzMUlva1VhaUdvY2RTLTJBaE1GbHFZaFh1OUlfRkhrb0hxSzZjaWhncU1BSUx2UXYzOHoydVF2WmZJeE9DUXB2VEdLZVlzUTFVWEt3LTZpTld0ekxXTjNkODF2cWlEUDBmeTJSOXVjQU9USHc0c1ZxZFU?oc=5,auto-9432c903db,auto-29e97c07ab,fusion
2026-10-05,https://news.google.com/rss/articles/CBMimwFBVV95cUxPVTczQkdFR0pSVWRhakxzZE5veXZ6SFE4SmVFdHFoWlNlQnFOUE54OGM2NWgwbnBjUjdNVDhaSnoyWDQzT09lZWZ4Mjh6YnFBbFpoOXdUbGdSSHhraE1CTS1BWTZHM205b25uRkUzVGYtYlU3QkNrYVQ1cVctLUxXdy1Ec1ZrSmtVNmgxbkM5UW10N0M0QnhsczZsRdIBmwFBVV95cUxNRUZLQkRvekxtVUh1d2d1SC1aVmY3aWtYbkJpU09GU1dPSDBPckxQYm1NMFVBYXRZYnpUV21pZHZSNmZZV3JiaWJMNkZzZ3lqSHJ0Nkp0RlFrbXctOVV6UjMtdFNXZnFpMEJhWERXUEF4T2RkeFJuYVl0dlpBT3lMSWM3WTV4cWdCQ3BrekdZbUdOc1l2ckZ1UkRMcw?oc=5,auto-e56ce3fb32,auto-cad8c444ea,fusion
2026-10-05,https://news.google.com/rss/articles/CBMi9gFBVV95cUxPQ21IUzRQbFQyRlNrTjZJbEpzSWg1b0d5Q0pnVkV0SHNXbFhWa2ItQ240bmxtTjRKd1pQYV9vejJGWV9xTkRXU0ZYRjlveFU0UUtPOENQcnRraW9xRjJiZkozUXg0aEZZTUVURTVlc3pQeFZfZDdqU05EMi1xVm9TbjdoMDBpUTBWWHU3TU9kdGh5cTBZS0kweDhWQ0dxLVJYTnY0TVNVblJXTTNGemQtTHhodFdPRlVpd2ZYeXphRU9UTlBEWWlNLVcybkp3NHg4QjJTYXNUbG1ONnFqLXVzbTg0YUtBYng5OUt2ZVhGa1VLVnNqMVE?oc=5,auto-ad89439328,auto-a7761b0ff1,fusion
2026-10-05,https://www.tabascohoy.com/arranca-may-jornada-de-reforestacion-con-meta-de-2-5-millones-de-arboles/,auto-f00663a93f,auto-db001c445c,fusion
2026-10-05,https://news.google.com/rss/articles/CBMihgFBVV95cUxQOFJSMVJseU9iZ2YxeGNIUlRJRlA0OXZPREpYbGt0V3lLMHpMdlI1ZkpSMkN6S25yVG1SVlU3OUx6MlpwVDZYVDRpMGdWUlhaNlJmMEFPWjBwN0xhbUt2SzhnVTZlSm9ldkxLUl96VS1zc0JmUURxMjcyY2UxZzU2U20tMlk5d9IBhgFBVV95cUxQOFJSMVJseU9iZ2YxeGNIUlRJRlA0OXZPREpYbGt0V3lLMHpMdlI1ZkpSMkN6S25yVG1SVlU3OUx6MlpwVDZYVDRpMGdWUlhaNlJmMEFPWjBwN0xhbUt2SzhnVTZlSm9ldkxLUl96VS1zc0JmUURxMjcyY2UxZzU2U20tMlk5dw?oc=5,auto-eac3f40c27,auto-88859caeb0,fusion
2026-10-05,https://imparcialoaxaca.mx/policiaca/accidente-en-carretera-deja-tres-colaboradores-de-senador-heridos-en-tepuxtepec-mixe/,auto-2cc36390a3,auto-a34275f96e,fusion
2026-10-05,https://news.google.com/rss/articles/CBMiuwFBVV95cUxPOWhqTktYRjVRRURpSzlHVzZQUGE5TUdvdmpNeERYRkkzb0Q1cXJxcDFpUlB5WVNJamZLNXc2YTk4bXpDWkl3ajdHYVpNVmJtV2EyVE1WMXlzckpOVXF0NE1sTnFWU2VOODVHVU1WeE52VnoxQi15dEhpN0dyUTZTaGJ5NDVIRDFKR0VZSDhLWHdubFFCZnEwRDRlOGlKdG5BdmtoTkRDalNBNjItYlFrTjFVcGx4cWNXVEhr?oc=5,auto-70dd40bb14,auto-09750f0991,fusion
2026-10-05,https://oem.com.mx/diariodexalapa/local/cartel-inmobiliario-fge-ejecuta-cuatro-ordenes-de-aprehension-por-despojo-en-la-colonia-la-isleta-de-xalapa-32443378,auto-ad51cf83fa,auto-49e358a46c,fusion
2026-10-05,https://news.google.com/rss/articles/CBMikgJBVV95cUxPZEt3Q1JPQzVlVkVweGVwTWxyX0tlZ3Z6TkVrQmQza1FMelNwV3Vta3JTX1hUZkxTdC1seWVlblJlLUp2eHR3VWJPRHlrMjZIdnJyUkxDbldtcm5VNE9mUWQybTBJRXE2VEVEdVlzR2dnZk9qYjZndUk3eTRaZ0szT3QwaGJKNnJEN2ZtempYOFB5VHZDdHpSYXcxaXl6dXJTMzZpdXhsYXVNQzBnNnRKNHcyZlpZcVBZajN6dHpsWkZvTjQ5dlRKeURvWGZ3Y1BpUzJaSms5NGRueU5lZzJLTXUySE9aNFFzZ0FxdEthaHFHWHpMTTVBRFYzQzJzRzVvN1IybjJLREdNXzEtZ3FwSHpR0gGSAkFVX3lxTE9kS3dDUk9DNWVWRXB4ZXBNbHJfS2VndnpORWtCZDNrUUx6U3BXdW1rclNfWFRmTFN0LWx5ZWVuUmUtSnZ4dHdVYk9EeWsyNkh2cnJSTENuV21yblU0T2ZRZDJtMElFcTZURUR1WXNHZ2dmT2piNmd1STd5NFpnSzNPdDBoYko2ckQ3Zm16alg4UHlUdkN0elJhdzFpeXp1clMzNml1eGxhdU1DMGc2dEo0dzJmWllxUFlqM3p0emxaRm9ONDl2VEp5RG9YZndjUGlTMlpKazk0ZG55TmVnMktNdTJIT1o0UXNnQXF0S2FocUdYekxNNUFEVjNDMnNHNW83UjJuMktER01fMS1ncXBIelE?oc=5,auto-2d14c437d1,visa-de-andy,fusion
2026-10-05,https://news.google.com/rss/articles/CBMi6wFBVV95cUxQd3p1QV9wc01NYWszVnZtSWJoaUVjVE5iSmF4Wjh6NXowRVgzSklEVHY0LTJrcklSMURsOXlDMnFCcF9oUXozUTJqakZFWnpCM0VGcVIyMnp6cWYyTjNUclNQZGNXeWo0ek9FR3NqWkhqX1l4TXp6SFltQUlDYmllSG1GRnRBU2hJRlZqSEFPaF8taDYzZWc4b0x3bmdtZVpjdHlQR002enZIQ3pYQmVBclJKbnhVZEpYRm5XQ2hnTmtlVG8yWk1LQlZEMi0waUU1XzZFZWtwU3U4b3F2NTJnekRuRERobW5KY1FZ0gHwAUFVX3lxTE40bGVlUXA3WmhuMTZsblE3bDA2Z2xBcVJlek5aTXRlTzZfX3JiZkdQbXlSc2tieVhNbDRYUDFvZTR6WGYyZ0RvOGdhRktpdDFBUHNYYkJkdnc2dWRoOFhCSDBnS2FiSWMwa0M2LTRjQnc3eEFadlhlQUxBQUktQko5dlFVMUhLMXByRVY0UDkxbk8wWm9tbE9SQk9tQU5ZNE5UU2pVMm9sekdFSDhlRGg1c3YzZ0tzMmpmT3ZoVmJpRF9IVWloUmNYcmZvWVdOT1RfLU9qWVdYdDlRZ2wwRi01Yk1BdGlMOUsxMktYUUZ0eg?oc=5,auto-1384b23f67,auto-d4ad5d9712,fusion
2026-10-05,https://news.google.com/rss/articles/CBMi4wFBVV95cUxPVUNiRFZfUC1UN0l3QmFYRnQyMXZ1M2VNYjRVSnQzVnd6ekZrRDBCWFFTT2RpYlVVTXFWcGZSa2lsN1EtY3dFT1B6MFhNSmNVeGtyMWVsSjJvT0VVd0VXZDQyMjNYOXhVY09nYkJJeU1HaThPWFRFdDdFTTRCOFh5UlNINUxqRmpVUU9ZRFN0RktwTm5kREdhZ3JINmZiNkxncXYtVzJWTHVfbkNFZnByeXVBY1BjMkg5OXZpTnliR01jOTYwZC11c2xTRDBHNzg1UlNzX08zM2E1NHBNS0pnZndWWQ?oc=5,auto-c50bc8011e,auto-e8dd6ecd11,fusion
2026-10-05,https://www.elfinanciero.com.mx/edomex/2026/10/05/19-millones-de-mexiquenses-salen-de-la-pobreza-durante-gobierno-de-delfina-gomez/,auto-af61eefbdd,auto-8983512cec,fusion
2026-10-05,https://news.google.com/rss/articles/CBMi1wFBVV95cUxQLUhXd2pENTAxQW84dTJXa3NjaXJEc3NKM0tpTk16N2x4Snc5S3VXMGlQalAweG9ndzZkSzB2SHJqdmt1cGdPVmNuekxtRkRwY2Q1Sk1hbnl0Q0hZWkRoclNfdjVtMElCZ0Q0SU9zNFBMQ3pOYldrRl9peVFkX2czR05Uc2Y2ZXFXSlQtZU03SjZmME1STS1lazVkT3AzcXk0aWRkSXdwUXlPcUJqMlV6XzJWYkhQZWpSclN1TkNJZ2ViNHNNWFhmVEtWalNCMllTSGpoVXo3NA?oc=5,auto-a75fea9bad,auto-90406af9f3,fusion
2026-10-05,https://news.google.com/rss/articles/CBMiwAFBVV95cUxObGtVcE1ic2JNd3hQOWh3X2hoaVRsTnV6VE8xY0Iwb25iaHNjZ3kwUy1MXzJqeWFrSEVxLVYzUWsxSG9NczB2OEJYTnNpOWphcWJSdjdUY1hTeU53am41V2xHdFQ5NzlfME5qNk9DXzdERUFXVUowY0VRN1o1WnhXa3pZTVQ5TThEYS1tX3V6eUxGRWNGd21EWlk1WDdZTUhZT3h1Yk4zT3BDUkIwcEJRRXkyMDNZWlQ1bS10SHZsczY?oc=5,auto-4e90fb4a4e,auto-507721e8e8,fusion
2026-10-05,https://news.google.com/rss/articles/CBMimAFBVV95cUxQYTVhSzdTUkhRMFVFb0h6SXE2enBvOG9CZXdISC1XWHlNanEycndMMFVTblkyRlNfWE1KcGhydGYwb1cwNkF3LXB6bzQ0ZkVRbTNBNVhyRl9nTVpDanNqZl85NjlUTHhWTElhQjdoeWlGcUd3SXp3TThsdWJlbVpuck5EMG9kcXpvb0IwSXBCbVlGN1dSaEJwcw?oc=5,auto-efb2f5d878,auto-88f1d051f2,fusion
2026-10-05,https://mananeradehoy.com/mananera-de-hoy,auto-8ec13057e3,auto-ea5a0e5da2,fusion
2026-10-05,https://mananeradehoy.com/mananera-de-hoy,auto-3de5902549,auto-958b227a58,fusion
2026-10-05,https://mananeradehoy.com/mananera-de-hoy,auto-5b0830cd07,auto-cc44fee279,fusion
2026-10-05,https://oem.com.mx/diariodexalapa/local/eric-dominguez-subsecretario-de-sefiplan-niega-padrinazgo-en-su-aspiracion-para-dirigir-el-orfis-31861649,auto-c7e27cc0a4,auto-ead3ec111e,fusion
2026-10-05,https://news.google.com/rss/articles/CBMimgFBVV95cUxNTHEtNG5ES0RTUVNFejViVHdmalM2Y0dLaDExU0MzTG5ISW5jZFJwTmxESVVIUzQtaWtNNURxM3FMUE5KOW05Y1d5cG9PUVdxOW11STdHOFNWNTlPVkhzWFVlZm5pTzNPSzBwYTAycWYtZjFkSEJiUTV1YzdKWHU0SmVIRzFKU0kzaWVpeUFUR29vdlBERFFuYlN3?oc=5,auto-c7e27cc0a4,auto-ead3ec111e,fusion
2026-10-05,https://imparcialoaxaca.mx/super-deportivo/futbol/elche-vs-real-madrid-en-vivo-hora-y-donde-ver-la-jornada-6-de-laliga-2026/,auto-cf1c015434,segundo-informe-gobierno-2026,fusion
2026-10-05,https://news.google.com/rss/articles/CBMizAFBVV95cUxOTmdZNjZDdC1NbThQWG5WQnVfNGVhSnB1el9UVU94YU9LWURRSG9pMEtlVVk0U1FfM1pVdHNtOUQ5X1BvdkJhVHZqRkplYTlOQ0Vud3p5ZmlyMGJIcUM0YlFnOW9lU0RUQXBCdjZ6bmpmTjZEa1oyT1BfMHFGVUxQdTloNTh5VDBSWTVBZVVfWndGaDhTcVhmVnhXWWdoUzcxWmVUUFFKd3hfZGFQRGZZUU5CM0lWbVp4dUhuaWdDOTlyMUdTdGZPYjNhQ2U?oc=5,auto-cf1c015434,segundo-informe-gobierno-2026,fusion
2026-10-05,https://news.google.com/rss/articles/CBMiuwFBVV95cUxOOUdQdXQwU3psVkFhUGdYNFVrMU5KMXF3dlU1MDVoTmtfVERIbU5UbDNYSEZkeG5iX0dWbDFyVmo4U1Q5dVVoZ0NXN3QzczYxMVMtV3dWZzBJUzBlVmJ6OVozODRnRXhTRnljVWYtbkxKQ0dFT2pfZFRWOHlEWVRKWDlfZldxNzhVUWItS21xXzFsNVR0NGoyNGZZTkhRS3ZfcE5GSUdfVW5jMTVjUUppQmpQR2pfWmdobzdR?oc=5,auto-fe9611c701,auto-dacd2cd4d0,fusion
2026-10-05,https://news.google.com/rss/articles/CBMizgFBVV95cUxPN3lCS2tYeF9TWS1Vc0d4V0llc0tFRHQ5SEY0M090Um9GVVg2RmZ6alRsN2hFOWk2SE5mRTN5djBJY2hod1NEQzVDMHhfWlRFTmFiTHBjVWI2Y29UTEZFRWJ5ZDZmYkU2WnZRTC1ZUWk1d3gtYTN4MmpmcDV5LWJVUmFDN1pRV093OHYtbzZCS21PaHh2Qk1PT2hVZjlhczB4Z09DRFFKQ19CNnJleEZPUlJSNmsxQnhuZ2RVM25zR3hWZi1iVVVWZmhJYVBmQdIB1gFBVV95cUxPdS01Y3NFTDkxZVJUa0NNSVRYdFh6UWJqV1pkSXM3N0pERmlBal9YVElUWWczVVJvNjFtR0lHQktVQ1FUVHRVdTJKWEpkT3FKbURKRVh5XzZmTEEzeDNCbV9lbHFQenh5Q1QtTVdXa0EycDlLNTI2N0l4UVo5QzFSMmkyZGlaRmFHWkhZVFU1a0Z3X2lFVUFZYi1wVUZZZlBYVHdDUjhCTmxtSU5pUFJaWXV5b3RRd0NqeFN3Z201MmprVzQ1WFk3TEZGc2t6Q3BmQnNmVmZB?oc=5,auto-fe9611c701,auto-dacd2cd4d0,fusion
2026-10-05,https://news.google.com/rss/articles/CBMimAFBVV95cUxPWm5qMFlCUGRHajhfR2ZTMzVrbWxodmlGOEFkZUNTSmZTMTVOcmtBX2gwdV9wSUc4UF9uemdqMG9oX3kxUFRaUmFzLVVWcUtjNE9SVzFEX1NRSHJRSWdya2VZUDc4MDU1RmItekpJTDg0VThRdWFyYjk2elBxUlF1NHQwNEZVd2NyWnlQT3NoeTBDWUxUckhvcw?oc=5,auto-12cca4195c,auto-92330fb7c5,fusion
2026-10-05,https://www.elfinanciero.com.mx/espectaculos/2026/10/03/que-estudio-bernardo-bosch-el-hermano-de-la-miss-universo-fatima-bosch-que-busca-un-cargo-en-morena/,auto-12cca4195c,auto-92330fb7c5,fusion
2026-10-05,https://news.google.com/rss/articles/CBMi5AFBVV95cUxPTU0zazNHcWxKLVBnNkNFUkJYMzVIQ0oyZ29uWnhlVDc2UHBLYmVnQVVSajROa2czSXRGZnhCSk0tVHpudF9qVVpTZXJrUXVreHd6UG5abGlaRnQ4OE1JMmNFT2JHcjEyVndiS3JtalNuakJCek96cFNaVnBwazVyLS1iOGotd0pEaTBLZ0NVTXc0NkxMQ1g3VVBnU09qUFZkYmV5d1d6VTQzOGU1ZXZwRjdsWU43THVNQ2NlMWFRQjZRQ2RYcXBjVzlJYzVEbHRMRjA3eUgxQlZTSV9qLUNhN19DNGo?oc=5,auto-3f4513c82d,auto-9477a1ae65,fusion
2026-10-05,https://news.google.com/rss/articles/CBMimgFBVV95cUxNVURHeDYwRTQxQWxhb2dOR0QwZnNqblFXU1YzOFpkNWxXOURlSWhVNk5TRFUwLWVkTzR6ekZRRlcyeUFTX1RJb0RHRXpCcXAwSk92TF9sSVBzS1RWSk5LUUFLZTJtbEZsa01MYkRJNUE5YXFlRHE4S0UwbzJVeHR5aWxNZUl4d1Q3ZHJoN1pvSDBqMnJIMUJGWU5n?oc=5,auto-3f4513c82d,auto-9477a1ae65,fusion
2026-10-05,https://imparcialoaxaca.mx/nacional/ojo-con-los-4-mil-pesos-del-inapam-no-es-un-bono-asi-pueden-adultos-mayores-generar-aguinaldo/,auto-a24a05ae16,auto-83129c6f41,fusion
2026-10-05,https://news.google.com/rss/articles/CBMi7wFBVV95cUxQV2cwXzkyVkhHZDRRY0gtS19JT21HS0wxQWI1bDF0cS1YYkQ3WHBObTNNcFE0ektuVXVMV0ZScXZUUWMtWGhnc2Z2b0ZWdUI5Z01qWG1BR3BqTFphUll5Wms2MDc3RE5HSXZXMWlMNTJKMndCUjRGd182cm5TRTJyNHlxcXU5cFIxRC1yU1BvaUNhWWhiN0hrVFVoRHJBYnA1ZlVLVFJCTG9VY3JNdEgwSktrZkR3dWdKcW1IOEhiTms4bDF2dGo3dU50NGgxMkxhelF1UGVTY3NfQnZlVUh1a1prSFZ4dGhUZ1Q3V3pYVdIB9AFBVV95cUxNRFlQX3YwWEhZczZZeTJQSzdrZHEtc1liSHNiTkdMaVVJNmdEWmo1SUliNGN2c080cEtTYXNUSl9ORUJXN2xkbUt0ME9YSHV3RDVydUk1Y0xYSkVnaHpwSF9DUzZTcDJDTEJKMzlCOTBQTElrNUlRTGNWNGtDTFNvSG8wUTllN1ZEVVlGdDJsYWdiMFNrVXp3NDVoejNWWGxnZW1PZWp0ZUlaMEs1R2k2bFJjMjAwSGNZY2ltWTBBc29xQzROMVU5bTdZampPZEZQdlZUc25oUEFEQVl6d09DcGd2UGgxWnFfTUVjRnJnZ3NTQ0t0?oc=5,auto-a24a05ae16,auto-83129c6f41,fusion
2026-10-05,https://news.google.com/rss/articles/CBMi6wFBVV95cUxPZzBFWThGcVdPbWROdWhrTENkX1d1bjg5QzdtYXlnVFRaRFlrUUtzd21sTGZQa055NVFuTFJiLVN5cC1sdEw1b1Z2Snhmcml5ZFZ4b3JscWhTeWNOVVhHWkFrMldfbjczXzE4QWRNbWE5a1ZMbTYxNlZjNG43ZDhQNFZCMmlReENDcEx4Wk5HdlRRSHNrMGQteG12a2lWNHFHTTZyc0t2Q3JHWDFrdlN0WUVESEF4SkFwbTdzNDd4dkpOMnBtQWVDVU1Id2Znc2hDZ0pHbW9UTmoxTUNnM2czQ2x5UEpoelBmOTVz0gHwAUFVX3lxTFA3VWN1MzZLZDNoSWdWMHptSmt0ZVRlM3QxUHBQOUF3QktxbTFna0ZpWWlUUmptTlhiN2xWRnNBMzZLUDZrWmdoQ25fUkVnTGRtUlIyZ1N2RWtjbENnZFdycnBVaXhJRHBLZHRycV9qUEI3UDZqT1RObVhDR1JjZkZsVTlLODhzNU5pTmhXREU4T2xHaWY4aVpmdno2ZGR5cWtIOGVtM3V1cm5XZXpuZGg2amY0ZVdYeElzNzBKNU5XSGV2ZXYyczQ5THFNN2lSS201QXI3UlRWRHpfbWFrbS1QUjNXQXNLLTh0UnoxdXRRYg?oc=5,auto-a24a05ae16,auto-83129c6f41,fusion
2026-10-05,https://news.google.com/rss/articles/CBMi4wFBVV95cUxPaW1Ma1VyOENrY2JjQ3J4ZnhmbXRFWmVvU1ZZZmlQLVFLRzhneVM5dzZRN3BrWFg1XzZ1Zy1palFWS1JRbHFQMHh5cmNZdTB4Wk5NeUlETEwzQ2JjdUFVclhVeW1paWJJbDVVY0JLeWJBWGtZNW9BSnBPamNPZ0VJOG1Hb1dQcnNqUVFJX1FkUFhOcXJZVFYtQzFIa09pZnR5OU9CT3VURVlWSW9Qb095WjdUN0MwSjRZSFU3WGNHemUyaXU3WHJWUk5Gamk4elRNM1hmMVhMQWVjSlU5MlFzb3I3cw?oc=5,auto-eb7af26cf4,auto-5cbd3ffc2f,fusion
2026-10-05,https://mananeradehoy.com/mananera-de-hoy,auto-eb7af26cf4,auto-5cbd3ffc2f,fusion
2026-10-05,https://mananeradehoy.com/mananera-de-hoy,auto-eb7af26cf4,auto-5cbd3ffc2f,fusion
2026-10-05,https://news.google.com/rss/articles/CBMic0FVX3lxTE05RHE5Z3otUm40b3BNRWJXcER4OVdVMEI2ejRVNk82OEpwZk5xWVV3ai1jSjVIVGhzYTMxYmR4OUJBaWJPWkdNa0FUdGNTTkEwUzFWd1hiUUNidm5GS2V3dFN2WVBpU21XTlFNRE9zYUlPQU0?oc=5,auto-f6a3aaab32,auto-ee6efd9cf7,fusion
2026-10-05,https://news.google.com/rss/articles/CBMiogFBVV95cUxPbmFWdVVkNUtpTFhyeWVXWnF2aHptZDBUWjRVZGgtbDQ1MjFyX2FFdWVRNU92d1duZV9MTFZfX0NWZEJJcWFzVkZsR04wV3dIU0dqS1BURUxmZ1BZdGRjRWZMaTVLSEdjRnRhSThVWGw1akdydXpMNVZZZzJCN0tSMUU5dzN6ZFNvWUZUZU50YTQwMmJVbXR2VW96ZW8zanFJamc?oc=5,auto-f6a3aaab32,auto-ee6efd9cf7,fusion
2026-10-05,https://heraldodemexico.com.mx/nacional/2026/9/26/rosa-icela-rodriguez-reconoce-esfuerzo-del-gobierno-de-oaxaca-por-la-gobernabilidad-de-juchitan-de-zaragoza-895787.html,auto-f6a3aaab32,auto-ee6efd9cf7,fusion
2026-10-05,https://news.google.com/rss/articles/CBMixwFBVV95cUxNR1NiMUhva2ZnX052QVRJeW4wU3FWNjVCTDdJckdpZW05Z2J4dUxWNVlmTWw5V0k3NFZwaUx1U2VQOGVVNGl4em1SV3VmWGhHRmNFZEpnQUNrRkhUS3U0WGFkd3ZycGo1Sy1jMkxzR1N4OHY4WjhUU0l5UmhJREV4Q1BVYjRweFdJOUF5Um9tazRiLXQ5enlrYTFkRkhHZEM4dzZQR29OUUJobzhBeFNSbWZremcwMk5KVnY4VlRQcDFkQnFKbV93?oc=5,auto-beed3ac103,auto-d96d7cfc94,fusion
2026-10-05,https://news.google.com/rss/articles/CBMitgFBVV95cUxNSVU0b2hRVGdTdDNHdEwtLXRaa2ZkMzNaY0pKVWd2enB6ajE5Yk9JUUx5WUFWRlJTR2Q2LVdjTnZnWDdpb3lzLVpGYTBuaF9FYUlOd2pjc0ZJMlcyMDdpY2hWUHBaN29pcHVvQTJGOXZKX00tMFcxNmVQaFg2elYxdVRvWWE2VTVxN1lmQ3RPSFlSQzFvdGlhTTdwVlR6cGN6RWhrU19pUk4tS05nX1hUb1lZLXNRUQ?oc=5,auto-beed3ac103,auto-d96d7cfc94,fusion
2026-10-05,https://www.elfinanciero.com.mx/nacional/2026/09/27/pt-rechaza-ruptura-con-morena-por-candidaturas-siempre-vamos-a-ir-con-la-presidenta-dice-alberto-anaya/,auto-beed3ac103,auto-d96d7cfc94,fusion
2026-10-05,https://news.google.com/rss/articles/CBMirwFBVV95cUxOTDJYdVdMWDJLX3dtWGc5ZnhSZEUzNzMwbWNGOGNzRUpsb2NXZE9XZGx2NUZVUEtmVzRMZXAzNElVWlF0YXlaaVlMLVdhbkVvRURWaTQ1QzZmOERSejVTbFlXbUZfNGp2bmJMeFoxWmpBVFNlejU2Vk95M054QVQ3Z1JnRVNoTVUwUlNTaGg3SnlPRlRJaTJXWUJ0dld5VHV4aVZxS3pDSG9Pd0g2NDRN?oc=5,auto-c165e48a4f,auto-b939368c74,fusion
2026-10-05,https://news.google.com/rss/articles/CBMi6gFBVV95cUxQSnVZSjB2eUlNbWVNQi0wdWZhR1JIcnhhOW9pLTFiMEpIX3QzajBTZTl3eGRnSV92VTBGWWtlNjZKZExta29sbVZ4VVVWaWpRUVVlN0dSMTdUYVI0NDBVX3c1SU9xdlFWa3BDVnBtbmNpQXhUT3ZVZjYyMXhlY3lCcWlMTjFTYml3MGpDXzUyMzE5bFdvdjg1VGRpc1NIVGxqXzZDZHdZMjA3NEVxWXBQdUY0eEJKMUplYmROQ3I4VS1SeEo4Z1lMS0Zwbjl4OC1BMnBWd3ROTUNfUzREX0hqdUlBR2psbUlac3c?oc=5,auto-c165e48a4f,auto-b939368c74,fusion
2026-10-05,https://news.google.com/rss/articles/CBMisAFBVV95cUxNaVFnb2FDTGpOVFNLQXBtWGpHY1YyX2xNMXNITXkyN2gzWE0wUG40R1VQRUxsMWVJZHBzTWt1Y0ZYV0pNOVlydnZYV2M2a1pnVGpJSjNnMlBtSkpaNVl5WE00YjRRbTBZelBYZVQweU5pa1R4T2t0c1p0OFZVZTlHT24wUVVJMlVwM0hWdEJ3elo4R1hmLTRITFFLNzgzUEdoZHJDTWtkUEtvLU9rSDNHbdIBsAFBVV95cUxNaVFnb2FDTGpOVFNLQXBtWGpHY1YyX2xNMXNITXkyN2gzWE0wUG40R1VQRUxsMWVJZHBzTWt1Y0ZYV0pNOVlydnZYV2M2a1pnVGpJSjNnMlBtSkpaNVl5WE00YjRRbTBZelBYZVQweU5pa1R4T2t0c1p0OFZVZTlHT24wUVVJMlVwM0hWdEJ3elo4R1hmLTRITFFLNzgzUEdoZHJDTWtkUEtvLU9rSDNHbQ?oc=5,auto-c165e48a4f,auto-b939368c74,fusion
2026-10-05,https://news.google.com/rss/articles/CBMizgFBVV95cUxPdWZ5MkVjNnJzb1BCTXR1Q3M5MnVyU19Rc1A0MW55WXFqRkJXTEpRZHE1V2dfanlBaEpaa2c2WkFBdUZWU29qTU5ON3JhSnQ1Z1l2MEFUUVowOFZUU0NBbm9majZNQXNTSTVpNVhHV040U1JoZk5nWmFPUFNNS2gtOUphWVdLZGF4el9VYzI0c21iVHRzczJHYU9pUFA2b1otTWxQVzJWZE5Gd0lzV1JpbTZEa240OTdtZDFZN252cE42OUZmLXBac1lnaU5tZw?oc=5,auto-55aa023001,auto-9523390fbd,fusion
2026-10-05,https://news.google.com/rss/articles/CBMirAFBVV95cUxQcVFvSkdDTlJtcmFVeVJkd0tsTElKSlpYem5KMXBYYTh3LTNEV280SnJqanVWWFdadk44MmRicERKa0l6OVd0VFk2Y1JELW83em5EYXgzejE0R01lWHRNQVcwV2J5Mnp1VHRRQVhXS0FEWHNsMjBrOWRhUTJnUXFFVm50a0NnV3BwUnk5RUlMU251LUpYMHo4NHcxZUx1YnpxYS03VVB1dm9JMFpZ?oc=5,auto-55aa023001,auto-9523390fbd,fusion
2026-10-05,https://news.google.com/rss/articles/CBMiwAFBVV95cUxNYkhUTmVHUDFOWnVjbGs1bFNBX2V2alcwMFRRa2RBSWRyWFRTdlpIWGoxY0tFSG56S3hoYUdGOVo5LTZOVDgwcjNPWjNhVWk3WjhKOTB0QWtYbmZfdkZqWDZsd3piTzA4cGJ5aXhqNjctSHN4cENwaVAwUzd6Y294U0J6S1M2ZHZKV295R1dVZEZJQUQtWU1JSl9Daml6b1NyR29EZEJTczcxelcxYmpVWGJPajR4NFAtb3hqRVdzN04?oc=5,auto-55aa023001,auto-9523390fbd,fusion
2026-10-05,https://news.google.com/rss/articles/CBMi5gFBVV95cUxOV2M1b0VoNDJyNEpIb051cUpadnJwSjFEb1hXQzVxRDhvS0VVZFpDUFdGZ2xGVXpsQVdDTTRIVzVjMElldkJKU3NpYkxaOUpEQnRKclp1UzlUcmVsZjZyX19kTHRBUzZSZElLOFhmRW9CSDhxbG5Bck83UXREWnRqajJCY21aZTZLYUJ1eVZHemt2QU53UG5LS3I3cnZSa01mbFNRZXY4Rnc4ZElIV2xVN2hQUlN2WnZLbWw1SmhFcXFxQkZNT21iTkJYMDFXek1wa2ZNQXVxYW9hN29teml2VmtpU0lTdw?oc=5,auto-c83269096a,auto-507721e8e8,fusion
2026-10-05,https://news.google.com/rss/articles/CBMi4AFBVV95cUxPdk9VTXV0cEMxdFhEWTRoYl94ckktcF9EbWp3LTF5TllqSDd1bnFnQS1EOVN5N3ozUGNWci1qLU9JM0lTaFU5VXE4d0R2Uno0Ykg1YTZidU9KQ3c3d2RDc3NMUU9VaWdmeVNaeXJVR1Q0ME5DVFlncVpialU5eGFSeVJlNGhrNVJ5NnJCdVNZVHdTUDVlcnZwOEhYQWN3U2o3RGpHVmdfQTdmSWU4ODNMVHJlU21QNk9vbFlmazVsZjVRTzFDbXM5Q1NjT0pZUjdBYjFkYlR3RHU0ZXFlQXFsVNIB4AFBVV95cUxPdk9VTXV0cEMxdFhEWTRoYl94ckktcF9EbWp3LTF5TllqSDd1bnFnQS1EOVN5N3ozUGNWci1qLU9JM0lTaFU5VXE4d0R2Uno0Ykg1YTZidU9KQ3c3d2RDc3NMUU9VaWdmeVNaeXJVR1Q0ME5DVFlncVpialU5eGFSeVJlNGhrNVJ5NnJCdVNZVHdTUDVlcnZwOEhYQWN3U2o3RGpHVmdfQTdmSWU4ODNMVHJlU21QNk9vbFlmazVsZjVRTzFDbXM5Q1NjT0pZUjdBYjFkYlR3RHU0ZXFlQXFsVA?oc=5,auto-c83269096a,auto-507721e8e8,fusion
2026-10-05,https://news.google.com/rss/articles/CBMi2gFBVV95cUxOQV9VNHBWaDR6V1FrM1lZRWFLRk5hUEJ1d251Z3JOS1A3NlpsT2xSN2NwZUg1WGJfclhQbmk3Y0FwN3NWdnNTNFJ3M0pOSUNEYU1zNHNKNnVfVTk2WktpSTdQanY0ZVNmeUtpMWVJcHBPWlFZMjNEOV9vdHBqdmRUeDVzN2JpNWEyS0hRdGFMOHlQRklkMHNCUGJnWEVCX2dKZzA2aFZXREVvenZrZW5SNXZyUW1wR1hqcENTa2h2YnBVMkRDanZPajlUTGtnODRCcU9iYWwzRVU2Z9IB7gFBVV95cUxPaVo2MTFrbE5UYUc1blN2ZXgxNjdETkQ4ejVPSTU2QzFra05pM3NGOXptYnZRWWx1LVpQNXctaWtZUEE5aTh2bUdRTExxOHhrWUl3Q241bG1FaXpucU94d3NtTlFVMlc2SldNa1FIN2h0akJ6aUVpNWNNX3lBRkNuZlc3LTJpSXYzZ2hmSG85bHQyZjNyNC1JUlJLWFV3VnRfc0EwaER5RURmY0hULUpOUHVGN0dxZVA1RVRiZnRUNFBWWnhuXzU5VVg2TW9BUDFxQjNzMV9YWmNUNm5wUTRRZW5YN3pnSkhfMExGcE5B?oc=5,auto-c83269096a,auto-507721e8e8,fusion
2026-10-05,https://imparcialoaxaca.mx/policiaca/ataque-armado-en-balneario-de-pochutla-deja-un-muerto-asesinan-al-propietario-de-el-gallo/,auto-4bfe30ac53,auto-a34275f96e,fusion
2026-10-05,https://www.angulo7.com.mx/2026/municipios/las-cholulas/ataque-armado-deja-un-muerto-en-el-periferico-ecologico-de-san-andres-cholula/722438/,auto-4bfe30ac53,auto-a34275f96e,fusion
2026-10-05,https://www.yucatan.com.mx/mexico/2026/09/23/enfrentamiento-en-culiacan-deja-dos-hombres-armados-detenidos.html,auto-4bfe30ac53,auto-a34275f96e,fusion
2026-10-05,https://oem.com.mx/diariodexalapa/policiaca/ataque-armado-en-colonia-agraria-de-jaltipan-deja-una-persona-sin-vida-32360646,auto-4bfe30ac53,auto-a34275f96e,fusion
2026-10-05,https://www.yucatan.com.mx/mexico/2026/09/18/carlos-torres-pina-renuncia-como-fiscal-de-michoacan-asume-cargo-en-morena.html,auto-2125ed5fd0,auto-726ae9441f,fusion
2026-10-05,https://news.google.com/rss/articles/CBMiowFBVV95cUxNYkZJNC1acHVsRkdjam9RSWo2VlByTEtuYVpmREViWWk0czNhTWt1TWFKckdrWGhsSExsajBKbUxBWkZIOXNETjIzbURTZEJFRXFVUDcwdWx2akdick5ZRFB5eHFxQ2ZCVG9xTU9OQ0lXQjZYbV94dmliVldlTUYyWHdhWTZXWGVmYWYtZjUyRVdtY01XYlVzczBVZDBYb2EzSk5j0gGoAUFVX3lxTFBVU0dhWUVXN0pSU3pXT3dqVEdGQ2ktM2g4aVVVMXFJY2ZfZ3RkMTdjQXpfT0lybFFiMTVHdlowTW9OQjM4c2tidjFEWS1QZFVhcTdCdkNMRVBNTU4tb1ZfbDk0LVBJMEIwWUdoVE9WUXJ6ZDFFSVQ2OGtJS0pUSm1jM3RCYXhUaHRUcFB1VW9YSjRQSnAyeTBURXhqbkREYWpmcHZkbFo2UQ?oc=5,auto-2125ed5fd0,auto-726ae9441f,fusion
2026-10-05,https://news.google.com/rss/articles/CBMi4wFBVV95cUxPZU8tTFNuOXNMVFVzNGFpME04Qm1TTVczSUd6akVadEY4U2ZuazdNS2w1NmZyQzh6aXkxM1VPSDdGVW5uZ2h2NXJYYXBiVEJFT0EwSXo1a0JSWHFhcTVPZkU2RjExdV8yd3hYUjZEVl92aVFCMm01bGM4elNQTjZzTGtDeFRFbl9sbWdYQm1vb0xLUXd3NUktZG9HcU81YThfWTdmZHRsWFpaejhCQlpnYUpvanBMcHlWYUMydWFlTzlDU2xVS1F0U2pXOGt4TlY0bGlDS2l0NG94b0JELVNkQUo4WQ?oc=5,auto-2125ed5fd0,auto-726ae9441f,fusion
2026-10-05,https://heraldodemexico.com.mx/nacional/2026/9/29/morena-da-conocer-encuesta-carlos-torres-pina-sumo-10-puntos-encabeza-preferencias-en-michoacan-897806.html,auto-2125ed5fd0,auto-726ae9441f,fusion
2026-10-05,https://news.google.com/rss/articles/CBMirwFBVV95cUxOcENnbWI0NmUwdm82aVBRRTJpdlB6R1lKWG93MDRLTHl2Ukk1MVZFb1Q5Q1pKeE01QllZdVBrM3Fkd2R5aEVSSFNoSUtqc2JtUGdyaFJUQ3RxTnd2YTNHU01PYzRhVV84Z2VFRHBQcS1GT3lqT1p3eGN4VWx6XzRMalFVN05GaTZpLW9vdnNpR21mTHFQS1JDcmNzbzAtYmlPd0dReEN4SVVRRjVXaVpF?oc=5,auto-2125ed5fd0,auto-726ae9441f,fusion
2026-10-05,https://news.google.com/rss/articles/CBMiggFBVV95cUxQR3lqLXdXZVBPTGpHU2ZXT1R2N0E0S0duS2dYSDJkbUhUOXRvaTFUdzF3cm5LZ3VWcDZ1UnhBUG13ODFTU3ZudHNJX3E2NC01QTdwV29yVkNlTTctbnh0V2lSU1k3WHVnRDBLTjBzWm9kNjN1RDI4VUJnVVM0LV9MZkJn?oc=5,auto-07f8cb8c34,auto-090ed4bff3,fusion
2026-10-05,https://news.google.com/rss/articles/CBMiwAFBVV95cUxQVnJlNFlPRWtmR1lXTFJsOUhIU0JReFMtX1J4anpPcTY2Q01ydFRhN3pqWUQyUWE3YUl0ak5DQktLR2pzQWdLd2RuNl9PUDhmT1p3dmJRQzVVUUZvMFJGdG9HYmJZdlpQQmZ5RjFPZjZRaWwwSnJ6UG5BeV9OT2xTNE1lbWZfUThJenc5MGVXb2pBcTdVNnExT3ppMHhSUnRYb01DUWxSbVZtT0UtZXdqMFpPNDZMQi1LbzN6cVByMHY?oc=5,auto-07f8cb8c34,auto-090ed4bff3,fusion
2026-10-05,https://news.google.com/rss/articles/CBMizgFBVV95cUxOTk1jMVppRGpESEh2aXp5dlpQeS1fOWNuRC1ibVJDbkplLVdOcHhhWm5uelJURkU2bW00bHhPY0gxWGdZb1daUWtZY1pUdi1yTXpqdTBaR2hheUFtbUtkdmxRaHlJd0dmbGNDYU1yVmwwbHZUVjVZSzFYd0hPU3p1ZGR2blZPOGVpaFU2ZzVwWEx2aHdJYXYxTm11QkVkbVFrbmZOU0dzdEQ3UUQ0cDNUN2hVT1dNYXVNdFNYUndjSWpzMTlpNnl4Wk5kb1Y0dw?oc=5,auto-07f8cb8c34,auto-090ed4bff3,fusion
2026-10-05,https://news.google.com/rss/articles/CBMi1gFBVV95cUxQUWF6SHFJdHo1Nk5rakpzY1JhOU9Nelk0OU96VTBUZ0RTSVJjbWlzWXc2dWw2a0Q0LVBlNXlycWtQLXQ2WlU3bXdRbmtyQjNfSEJxSDFqZ2tudlI2Z054emtiV1dXMW92Z2d3bmhqbExHZ1RFbmVnSjhjaEJLcXhBTWV0bTdMa1hOSk5FczAxdWo1MTlvc0VTaDBOUkZlQ0JYUmFvN1pEVDVteU1MTDI3OVBhMm4za0twSjJXT1ZTQmM0ejg1OFhnLXFoTjlJOTZkaGxiUmpR?oc=5,auto-07f8cb8c34,auto-090ed4bff3,fusion
2026-10-05,https://www.jornada.com.mx/2026/09/23/opinion/008o1pol?partner=rss,auto-eeb892374b,auto-fdf5a8cbd8,fusion
2026-10-05,https://www.jornada.com.mx/2026/09/28/opinion/008o1pol?partner=rss,auto-eeb892374b,auto-fdf5a8cbd8,fusion
2026-10-05,http://campechehoy.mx/2026/09/30/desenmascaran-a-anabel-hernandez/,auto-eeb892374b,auto-fdf5a8cbd8,fusion
2026-10-05,https://www.jornada.com.mx/2026/10/05/opinion/008o1pol?partner=rss,auto-eeb892374b,auto-fdf5a8cbd8,fusion
2026-10-05,https://news.google.com/rss/articles/CBMilwNBVV95cUxOVGRmVGdMU3duVUIxcHh5WWlVemkyTi0yNVBQSmtFMmVWQUx4NU1PNFNpSmRrMEUwMTJZV1FORUs4d2FIdGg4X3E3MzU0aE1Ld3AyekgyakUybWFLZEFiTHB0T0NqTmhQSm5CRWladWdPeGQ3WmF1OE5tOGJVN19kX1BBTG92cGxuV0ROZ01fNjhkd1N5b21ucVZMU001NkdXSkdUZ2NieFFCT3lpdHVDcTJ2Q0o1WG5qZTZHNkI2QXBjUkhXOHpGOVlqNEpUX1lIbVpWS0tmb3VIbDVadXFGN3d2Q0JDamZrQmphUWNnU0ZtMG4yTGRXZV8zbnJRUmxUM2tkNW5xWV9tbzEwRExFQ0d1N25ZMlY4ckpoNm5CbXFRUVJNeGJkbVFvcll5bklzbHNZalg2cGZER1VIQ3Y4UF82a1RPdHhWV08zZXBETG93YWxaQjhBQTB1SUhhMmJSeWctWUs4VDkwdlJyZHJ3NFpCYTQwQ1VGaFhWdnN4TkhvWmdDR0N4M1N3elRLcFI3RjlianBuaw?oc=5,auto-3d271f4dc2,auto-af35577f9d,fusion
2026-10-05,https://mananeradehoy.com/mananera-de-hoy,auto-3d271f4dc2,auto-af35577f9d,fusion
2026-10-05,https://mananeradehoy.com/mananera-de-hoy,auto-3d271f4dc2,auto-af35577f9d,fusion
2026-10-05,https://mananeradehoy.com/mananera-de-hoy,auto-3d271f4dc2,auto-af35577f9d,fusion
2026-10-05,https://mananeradehoy.com/mananera-de-hoy,auto-3d271f4dc2,auto-af35577f9d,fusion
2026-10-05,https://news.google.com/rss/articles/CBMi3AFBVV95cUxOZ3h2VFZmZ2JjdzVpRUZfZHEwdHRmNm04aDY1YmFvR3dZYS1JcnI3alF2N0hJM0M3RU0zcmNHZnMwdjBCTElfTXBJRnM2T3BIVnJ5ZTh6dUplNlVGeVpGUGtJcHAzekh6RGdZRThJTGVsU1FPbGtRMzB1NzY1N244OXhGYnlUN2x4UlFiZUJvU19mWXZjQWtaRkJ2cGlGbGV5SnFnNUtGbEljc3dTVFBIc01rOWl1Q3AzRy1UT2JvR3gtVXBZT0RxakU3dGdwSExkdmY3M2dQZnVMUVlm?oc=5,auto-bd9b8a88c9,auto-1e57057d28,fusion
2026-10-05,https://news.google.com/rss/articles/CBMiygFBVV95cUxNcmhKcWpzeWRZVnFySkRieWhkNmg5cGxtV3QzVVM0N3RSRDNqMWNzNHZaZDk0NGtmcFRBQjNxLU1yS2J3ZmZ4R3VWbmVsNEZTYkR5VC1HVHJuU3lPR3BSVUxIQ1YtN0JQWDVERzlaZlJyNV9iMWlRSFhqZDQzTGo0VkdhWVJHNVNfSXBRY3lZaFVxd24yQkdCaGkxWG1MR0l3MGFnbjRxaU44U2V5YTFBaEllYUk4bm5hbl81X0tPTXZ0Ym1DSlczUDNn?oc=5,auto-bd9b8a88c9,auto-1e57057d28,fusion
2026-10-05,https://news.google.com/rss/articles/CBMivAFBVV95cUxONnBJYVhBUG5qU3RiVnJsZF9DaU0zN0xDdkJET0pSdFhhbnBTWWhWWWljcGxDczZZblVOLTdEcTNzQzd4LU5HaUpEOGpaRFN5d25jSTNteExFcHpMZkszUzFtazNtY1pyOWhmTVpQc3QwMEpLRUl1ekNxZzg1cnozeE1UR3RMc0pKV213cDVqTGtCbm9qX29qRVNmRHVVdWRncU10Sm14ZGl5eWwwc05RSDI2cWo1QW1XbXM2RQ?oc=5,auto-bd9b8a88c9,auto-1e57057d28,fusion
2026-10-05,https://news.google.com/rss/articles/CBMizAFBVV95cUxNU1Mtbk1EUFFEQmdSTzd5bVZlY1JWeUxtYXkyZG9uSWZWOEhWeDhpaGdFM3dURFpDbVAyZnVrUmZNUWNIa2g2Ym5WclY0dFhQem56dnViQ0ZCNXZsRFhBd1RnWTc5Ty1rMzZNT1dQMHdUNmZzSnNhNUhlQjNneXBMZkZJLXpfNTgyelJ6YTdpRXV6V1BBQ2tHTG9kY2F4UXBrU1FaT05vOW82R3djb0N5UG1BcUUwRlAxb1otOHBxUW40VjdxMlhZZ0JqR2Y?oc=5,auto-bd9b8a88c9,auto-1e57057d28,fusion
2026-10-05,https://news.google.com/rss/articles/CBMiiwFBVV95cUxPQWJjVkpkRmtmZGpzZ2xUUURFWWxmck9yaFVSQ0hqV3V3NVZmOGpyeldVNEcxdVZzWm1VZnRCQ3lROHNYYkNtcV9UamNrNTIzaGV4QkstcHdQT0txMDk3dTJ6V0t4Zkx4anZMNjdFQ3dwUnIxSnFGU202dWNXSjhLY1NWR3pKaUV1WXFv?oc=5,auto-bd9b8a88c9,auto-1e57057d28,fusion
2026-10-05,https://news.google.com/rss/articles/CBMizgFBVV95cUxQUXE0WTFOREpCZWlxYklVYjZZb0VReExGTEZnMFBVNmpCcEdDcnVfZG9zLXphXzN3UzlfOW9QQlJoeG8tRElzbmlJRnVmeXRsMkNKdmVSd0tEZUhVMnRGR096WnZ3TlJhNmROWTMxeTFLQnFyQVJEM1c0MVd1dC1DejBaN2xOQ2Vnb0FNRGducmVUUGFLUW1jbzBqOWliQ2NPRm11bl9FWVVELURobXFZSnJtanpzVWhTdTNqbnB5QWZRVWxyQl9nV2o3R3k5QdIBzgFBVV95cUxQUXE0WTFOREpCZWlxYklVYjZZb0VReExGTEZnMFBVNmpCcEdDcnVfZG9zLXphXzN3UzlfOW9QQlJoeG8tRElzbmlJRnVmeXRsMkNKdmVSd0tEZUhVMnRGR096WnZ3TlJhNmROWTMxeTFLQnFyQVJEM1c0MVd1dC1DejBaN2xOQ2Vnb0FNRGducmVUUGFLUW1jbzBqOWliQ2NPRm11bl9FWVVELURobXFZSnJtanpzVWhTdTNqbnB5QWZRVWxyQl9nV2o3R3k5QQ?oc=5,auto-b1e33b1d62,auto-ee6efd9cf7,fusion
2026-10-05,https://news.google.com/rss/articles/CBMi7wFBVV95cUxOaC0tbVZDZmNySXNlTVJCZkJBaUs1S2hOSFJmcTBiaTJYYVkwUXlJalZuS3lSNnZ2aHU3NjgzRVJjMHlnMXFOa1hZYm9zVjNoSk1yX0oyYmJ6MkFFRGpYTDJabTVyb24zQzZGejgxV19NZk9Jb3ozYng4NEpPVktMMXVDcnJTY1plbEJNUnZRSy0xZjE0WXpfUzBfNnV5dzZUdXpoYzUwSHZvSkRnaHB0dDB6ci1CUGhCY2NZdXNkRjZrWjhfX3hDbnFTakJXVC16eEtoZTFISGE1LWpiSUd2czNwbWhkZnFxLTNpdjdBONIB9AFBVV95cUxQaFJMaVpvXzdmU0ItRnRwZ2FNWTcwSGRxRHZrN295NUh1R3RSQi02bEd5ZzVkdVdfYlV3YVVQUjFjZjdwdEZyLUtTV3l4U3llMS0xVXBUVHRHZTByN3JvOVJvMHRpUjNNZ2RCS2ZQRWhRYXBHLVJKX1JDQTZXRmMtbWVuajVuMTc3MTdrdkNmY2tGUDZfWDh6YlBMZXl4MmltQW9ycFRNX1Y3RUt6Q2VBRE9kRTVFSUduM0RKNTZEdTl6U0lHMjk4b1FUSDFXeTdxOHdtM0NsVjE0aDhmdGFLdktqdHRRaXQxOEF4azJCMy04dkVl?oc=5,auto-b1e33b1d62,auto-ee6efd9cf7,fusion
2026-10-05,https://news.google.com/rss/articles/CBMimwFBVV95cUxNRVdMaW5zRC1BTURuUlFJa3RTVjJiSERtc05UVXN4dUY5WXlpVmlKOHd4WFVBNlJjbmFpcXpJMFJaMl85N0V6OGJNNkJxZ3JJcUI2OXFfZzF1ZDVyVGVQUzItR1BEdi1vOGpNbVNWdUhJc2oxX0V5N1NXMklZLWVYWktVS2pucnhDQTZOclc3VVJnVlA0d1ZDdC14Yw?oc=5,auto-b1e33b1d62,auto-ee6efd9cf7,fusion
2026-10-05,https://www.jornada.com.mx/2026/09/27/politica/003n2pol?partner=rss,auto-b1e33b1d62,auto-ee6efd9cf7,fusion
2026-10-05,https://heraldodemexico.com.mx/nacional/2026/9/28/rosa-icela-rodriguez-se-reune-con-representante-de-acnur-para-dialogar-sobre-proteccion-solicitantes-de-refugio-897128.html,auto-b1e33b1d62,auto-ee6efd9cf7,fusion
2026-10-05,https://news.google.com/rss/articles/CBMijAFBVV95cUxNb2I5eER6N3hGQUlORVFCb0tIMVZPYWZTRk92Q3NCWE5xWmM3UDI1WWUzaDRNcGZaXzNrUm9WclpFWi1EcFhNdXJzM0I2dHBEY25FNUFUb2xDUkZzUU12RmNoUFUtYWZUajZHalNfcTBQbkNfRGthMFB0Y1NlaV9OQy1Kajc2QkR3TFZJR9IBjAFBVV95cUxPd3NKMG5PYkdIM3ZXUzU4c1RQWldLeUZ1VTJKcGtzd1RzMjh1SzJraGlRR29XNDdWV0JINlNOZlF2LVpPV1JGUlJjQU9SUU5jWFp3TjhHZ1VNUXROWkpjT25yVkxweUYtQ1dEVzJsMjBFODktZ0s0ZjNBZk55S0lCelV2UFBZdEUyVktfeg?oc=5,auto-b1e33b1d62,auto-ee6efd9cf7,fusion
2026-10-05,https://news.google.com/rss/articles/CBMiqAFBVV95cUxOdDhTRVFpMEYtVDFOaVo0Z2p4VDVtZ01aYmxlajNYN0dMTHNzODZDRWp3RG16NjZYdVpIbWh1NHJPQkRod1ctRURUc0VMQlhtTWN3ZVVqVS1kaWhNX2NzamdtdE5yTXg0RWRwa0xycmZWbV9lWlU0LVBQeTNqY1oyZHlFZmhES3NuTEJqNzFUMWpicWJkdUFlYXdoUUdQWEctM2l4cjBUYmY?oc=5,auto-c1962680bd,morena-coordinadores-2027,historia
2026-10-05,https://www.tabascohoy.com/morena-designa-a-andrea-chavez-como-coordinadora-en-ciudad-juarez/,auto-594400d96b,morena-coordinadores-2027,historia
2026-10-05,https://news.google.com/rss/articles/CBMi4gFBVV95cUxNQlZjZnpsSmwyWmprZjREUDBkdjFGZ3dGNTFvYndkZHlkZFdYSDNieThQbGN5R0RtMHB6WHQyMDBIUUthWUlyUzhXVm0zUlpPQ2otcjZKSUhUbzNGdkhaZUlmRGxFVkNkTnJQRmYwTDdUT2FKMGJhNkR5aF9VWWU0QVJSMG1JVVNxT0hkMjRQVDhaU3NpT1c0bWZ5Wmd3SjVjY2Nkd243T3g1LXJ0dlFMNVdMVGdyWVlkSlNhUWU5RkVEVFc3S0EwWUNpd3ZYeEtfZ0VNSnUxMUxBeVZLTml5NkZn?oc=5,auto-df4054bf8b,auto-e16c2c5511,fusion
2026-10-05,https://news.google.com/rss/articles/CBMi9wFBVV95cUxQeFJuUDNZTTJZWXRMT0FFWk9pbjdZWE1rX2FKc3ltRkgtUXBSLWFOUldKOTZGWkJqUG5fQlBxN2cxR2l2Q1dmMC1lamNTNjN2Tm1EcVRWUk0tUndvblEtYTJ2eWQ2Z0RZZ3JyRUlhVFVzVGZjRl9IbUFmVGVQZk8xQ09KZUx6QXJVbTI3OXROMkh6S2VOR1NsMUJhOEVCWm1fMjFqMlAyUkZQMUNIRzE3cy1pX3VtLVNpaXJIRXJCQXQxY3JlcnY2dEJGTGQzWWItdDRLN0NNQ1ZuM29aVWNwcnlwdHlEckltMEgzVTJlOUVFT3p5ZFhZ0gGSAkFVX3lxTE9kS3dDUk9DNWVWRXB4ZXBNbHJfS2VndnpORWtCZDNrUUx6U3BXdW1rclNfWFRmTFN0LWx5ZWVuUmUtSnZ4dHdVYk9EeWsyNkh2cnJSTENuV21yblU0T2ZRZDJtMElFcTZURUR1WXNHZ2dmT2piNmd1STd5NFpnSzNPdDBoYko2ckQ3Zm16alg4UHlUdkN0elJhdzFpeXp1clMzNml1eGxhdU1DMGc2dEo0dzJmWllxUFlqM3p0emxaRm9ONDl2VEp5RG9YZndjUGlTMlpKazk0ZG55TmVnMktNdTJIT1o0UXNnQXF0S2FocUdYekxNNUFEVjNDMnNHNW83UjJuMktER01fMS1ncXBIelE?oc=5,auto-729551c832,visa-de-andy,fusion
2026-10-05,https://news.google.com/rss/articles/CBMi2gFBVV95cUxOWTNSUTRYdGRCeHh0VS1sT1dYY1pRWGhlWkJwY0xXZVByMmVpR0NSMnNvN3p6MHBpU0VHRTE0WjdRZng2Q0tGLVBSODRHUjRFMXFvM1ZTaUpGcl9kWGhqcUFGTzMwRGV3TFNrQzlPWFNnWldudDdJcTVaOUFaNlJGYkUzMXRxX2pISGtnT0R0MlI1S0V6ei1nQ3lvblZCTF9NRFlEemFueFFGZUw4VUNHVE9xaS0xWTBZZmFISGw2YkZ4eUV0SkxjM2l6bG0tT0toVlNtenZQaUZmQQ?oc=5,auto-6743437485,auto-e8dd6ecd11,fusion
2026-10-05,https://news.google.com/rss/articles/CBMiqwFBVV95cUxPYmNMdjlhdTREczNtM0RJSlNWSF9xUjBYbkgzcmRPaWtEdjNyakFBSzNQUzgyVDlHOHZkUHZQN0gtSkxHMFBPdGZNV3NacE5NZVFCWWpDYy1GNTY2WFVrdGpzZXhNUEMxUzdZMVRoMWRPOFBjdFA5eUN6Uzc2M1BZN00wRDhlaHp4eXB2bTV0ZGFOdDlIVHpocTFQTFJPU0M4UnpSeVFXZWo5MU0?oc=5,auto-6dd3894338,auto-507721e8e8,fusion
2026-10-05,https://mananeradehoy.com/mananera-de-hoy,auto-8ec13057e3,auto-ea5a0e5da2,fusion
2026-10-05,https://mananeradehoy.com/mananera-de-hoy,auto-3de5902549,auto-958b227a58,fusion
2026-10-05,https://mananeradehoy.com/mananera-de-hoy,auto-5b0830cd07,auto-cc44fee279,fusion
2026-10-05,https://news.google.com/rss/articles/CBMivwFBVV95cUxPTXRNb1JJNVRMOUE5WFpwdENUV01CWnY5WmdQOXNidHBBeW9pZndnam8xXzFuNkI4WElNQV90ZEJxRlJjczgtdDVnbXh5Y3JOX2FmQTctTHJJV2hJNTg5eE80WnduTHNpSUpCdktuT0ZyU0JJRTJwNGhhbzhDU3Z0MFI2RTJfeVpBWkdGSkNaWDBGek9JVW1RaEJqUkdZcGlvYUVuaUpBeGVZWU9LenJ5V2gyTTNIbW9nQ3JuWTFRYw?oc=5,auto-92330fb7c5,morena-coordinadores-distritales,historia
2026-10-05,https://news.google.com/rss/articles/CBMinwFBVV95cUxOb3IwME5GaW9IRFJRNV9Vd1Z2QjdrNzAyTDJ5aHBNTTBUWG5MTGFjb0EtZWppWGZjTmQ1c2Jmb2Z3RElqSlljZEoxM1V6NXlnM1F4SUUxNE9Pa2kzekU2MVhXRy1EX1liLUI2bkNuRnEwUjFXTGV3dTBjTk15RlN3azBJUWtmWFE1cUF1NDVnU0RfcjVxY1Y5amtkRGtTRzQ?oc=5,auto-7992b5f45c,morena-coordinadores-distritales,historia
2026-10-05,https://news.google.com/rss/articles/CBMiygFBVV95cUxQQnlBRFJqTjd6ZUE2a0JLSUM1dnZUUXN0Y1ZDVVZnWm5ZODk2TUg4WVVzVGZ2RFJ6by1BMGVGVDJ2V1haUHdfNWV4UnNWeWJFb1NRN1pZeGlKNEdnNERRbnotQ0JIS210SzRjMjYzTWUtRV9HeUFtUFhoT1VaXzFKQk9vejhrUVI4M1RHRUlndGJTR2pUT1kxSTFjOHQ3M0hTbkZMZjk3bUg1VTBRLUhoSDQtVGhveFlMRllvUUp0OXhPM0hCWjNnTnFB0gHkAUFVX3lxTE9WWENIVm8xcXgzd2dNRTNmdDRDdEZhb1N5VmVzX3NReDIyS1dPbVFiOHJDcFhFbWRVZDdMOXNWTVNnM3JUNTlaYjdFUkN2NlN0d09mV2VlOTdIaXpoQ2VxeUxPSHE3ZEp6d2dvMTlSNjI1eUhZM2JZaTlRQlc4R1BudjRWbjE0WGN4ZU1FSmhwbjJMR2hvQ05FQ2RSTGxheWlxZEZIblpZbWpEREt5M1VEZGVUSG1vSnVHTG8yVmVUc25fdHlwTXNNQUlXQ1NYT1A1WGptUDVYY2NkX2tFYm1VZ2pNUQ?oc=5,auto-92330fb7c5,morena-coordinadores-distritales,historia
2026-10-05,https://news.google.com/rss/articles/CBMirgFBVV95cUxPZFpsOFczVW5sclZHUWJBbzY2VHc3aUx3ZmZHaHJFbUt2TkxTUWFseVlWU2NYT2lJYm1TRTZ0TXR3TTd3NDViOUhhb0JaZkV5ZHZ4SGg1R1FOTG83T3lLRGt4YVB0MDRaSG9VandDVWIwcFhReTJIVWNhV0twNngwWk1sNzdxWEw5NWZxNWJMa0NMaDRpNnRlOTZHRkdzOEZuQmRLOW00aTNtSG5ic1E?oc=5,auto-92330fb7c5,morena-coordinadores-distritales,historia
2026-10-05,https://news.google.com/rss/articles/CBMioAFBVV95cUxPbzZiSFVpcGRQeFJkZm5CdzdoM281bDNsNTdxUGZTWFRFRnFUSWRoZ2RsQ3pNSV9kVy03WUxuNUx5ZEU1RGtxREFUMFZNQ2lDWVRDSkszRHhMaldhLU5WTHlRUjAyYVFOcXp3UVozUUc3V0RpM09hdHVINXpTRnkyNDVMMUhzMXBmdldkSWZ1NVlLQ3J6bG1NMkUzM3NGZDlX?oc=5,auto-92330fb7c5,morena-coordinadores-distritales,historia
2026-10-05,https://www.tabascohoy.com/cesar-burelo-oficializa-su-registro-por-la-coordinacion-distrital-federal-3-de-morena/,auto-071957561c,morena-coordinadores-distritales,historia
2026-10-05,https://news.google.com/rss/articles/CBMiuAFBVV95cUxPeVZtbXFFcUhkbGVrRGx1VmRGSGRwWVZqNjZTclUtOEpIWHM2WENHODNIMkc2T3pVZ0Y4WnpxTFpCMUEyV3kzRHQ2N090dE1VNlBIRnY1czdIT0FxTlhIem9wYVpJa09UVnpLVExiNVhXQTl4alU1MjZsT3FqWm55dG1aSkR3X0UyeXpBcmFHYkxoaWc5MjlzRXlscEpJd0diY0tlOGl2ZjRCem9rYWswUU1ESlJoSUVj?oc=5,auto-92330fb7c5,morena-coordinadores-distritales,historia
2026-10-05,https://imparcialoaxaca.mx/nacional/pausa-a-la-ley-antimemes-en-diputados-advierten-riesgo-de-autocensura-por-multas-millonarias/,auto-edaab292cb,ley-antimemes,historia
2026-10-05,https://news.google.com/rss/articles/CBMinwFBVV95cUxPX3dYbXdoY3R2TTZESkNDQVN0cnBYUDZiUUZBRHVBLVVBd19NUXhUaG5XcHBXVnpRdUFYaVFweHZzLVRRQ0pNQ1NMM01pOWtxY1RFZXdYUE1pT3cxc0k3Q2ItZThoUlVrUXQycmZjcUs3c3J5R21LblVVS1RxeDBBczJ0WjNFcjFzRDBwY1JEVEh4eUNGdXk3eHFUMllNLWM?oc=5,auto-725013b36f,ley-antimemes,historia
2026-10-05,https://www.tabascohoy.com/carcel-por-hacer-memes-avanza-ley-en-el-senado/,auto-ba02f40d99,ley-antimemes,historia
2026-10-05,https://www.yucatan.com.mx/mexico/2026/09/28/pan-acusa-a-morena-de-abrir-la-puerta-a-la-censura-de-memes-con-reforma.html,auto-019f20522e,ley-antimemes,historia
2026-10-05,https://news.google.com/rss/articles/CBMivgFBVV95cUxPVXJmc0FxaFlNaGRtNWJqQng5bFhyVWlEWURkWDJmcGRYRkpsSnUxamtCZUthX0pUOGNFY2xHQnhFV3lSdUo1NkdrVENFVXFXSHd2QWlqS3I1bFZCay1oQUFxYmJrRzBNMGNaUzJJQXBHSmhTT2hyNk4zUEkxbDh1amtDS2NIX1YxX2dWSHJmQ1BNSE5Gb3hwU09naENfTUhNSG9tS2tva0J4UGc1Wk00cVBjM3YxTHl1VnBHbV9n?oc=5,auto-1fd312da6e,ley-antimemes,historia
2026-10-05,https://www.tabascohoy.com/sheinbaum-descarta-prohibicion-de-memes-por-reforma-contra-la-pirateria/,auto-ef1bfa45f8,ley-antimemes,historia
2026-10-05,https://www.yucatan.com.mx/mexico/2026/09/29/avalan-ley-antimemes-y-multas-millonarias-en-comisiones-de-la-camara-de-diputados.html,auto-0f99c8535b,ley-antimemes,historia
2026-10-05,https://www.yucatan.com.mx/mexico/2026/09/30/senado-aprueba-ley-antimemes-advierten-que-criminaliza-la-risa.html,auto-edaab292cb,ley-antimemes,historia
2026-10-05,https://www.informador.mx/mexico/que-es-la-ley-antimemes-en-mexico-sheinbaum-niega-prohibicion-20261001-0095.html,auto-1a7070ab4b,ley-antimemes,historia
2026-10-05,https://mananeradehoy.com/mananera-de-hoy,auto-21bb16a21b,ley-antimemes,historia
2026-10-05,https://mananeradehoy.com/mananera-de-hoy,auto-21bb16a21b,ley-antimemes,historia
2026-10-05,https://news.google.com/rss/articles/CBMiqgFBVV95cUxPTWRqdkdkVTlSZUJ0M2RPazA3eFY1VXlZWkk2TUZ2alVsa0h6Tko4dWdCN3VPeVd3TW43X2pyR2Vnbkw2NndEX25MbTNSMGI0ZzBWRE9WWjUzS2hVRlVsR0IxWTNIeEdtTHBQMFl4TFJ1eHBIMWpPRjlXV290NFQ0TDVsYjNVUVh2SlRJVjEwZ2JnYjJXOG1yS3lhc3NQRmhVM2tEbDRsWVFjUQ?oc=5,auto-02d8e54c89,ley-antimemes,historia
2026-10-05,https://mananeradehoy.com/mananera-de-hoy,auto-21bb16a21b,ley-antimemes,historia
2026-10-05,https://mananeradehoy.com/mananera-de-hoy,auto-21bb16a21b,ley-antimemes,historia
2026-10-05,https://news.google.com/rss/articles/CBMikwFBVV95cUxPTFV1WnZjSHVubzEtdy1TSnRTS05vU09mTXlmOEdrZzdUS0FtVFhuUVdidkhJUUFiYzRIRjVXRU55OXhZaTlXOEd5QS1FNXh1UzE2blktTjJlR2JiNEZVVVcwdkVPQnZ6Ul9oZDFCNXkxcmIxTEtndnF6TEtTcjlGc0p6WW1welBPUFMtQ1FTV2Q0eGvSAZMBQVVfeXFMT0xVdVp2Y0h1bm8xLXctU0p0U0tOb1NPZk15ZjhHa2c3VEtBbVRYblFXYnZISVFBYmM0SEY1V0VOeTl4WWk5VzhHeUEtRTV4dVMxNm5ZLU4yZUdiYjRGVVVXMHZFT0J2elJfaGQxQjV5MXJiMUxLZ3ZxekxLU3I5RnNKelltcHpQT1BTLUNRU1dkNHhr?oc=5,auto-f60aba29d1,ley-antimemes,historia
2026-10-05,https://news.google.com/rss/articles/CBMivwFBVV95cUxQZTRrQmlVUjZrNjhURlU2Wm1Fd1VydXhSYlZobHdIWVU5OFBaT2xBcmREb2ZlSXRxU0FScGVOZ245bkZEOERzSUJ4TjhDdmxxZW5KdHpWVl9BbVkzWGpBMjdXbmJWZ3JBTjluMTM4a3dtLWRkVzZjNVFDT0hUS1Vycmc4SFJNd3Fsd0dHU011aHk4Y1JBZkpGRGtmYTl5TjVwdTYzcmtrcXVvRGpNR19fckg1TkVfRWVXT3pnY0xnTQ?oc=5,auto-c23661b683,operacion-enjambre,historia
2026-10-05,https://news.google.com/rss/articles/CBMi6AFBVV95cUxPTFNXYTQxM2JHT3R3ZEppd0k2QU9lNzFEMjdoZ1h1NnFwaFV0TS1pU3pTUnBHQ2dCSTNCNDdMazhMNENDTEppcVJsd2thZ1gzRE1FWkJxQ1N6elVkN0x0R1V2a1h4UHFmZnpqSjdIR3JsWnF5NlROcVZGX3JWT1ZwNEUwX285VzJ2OVpIcGxFM3dkSGpXNE9yZjJvVV80S1d0a1A1VTFrdHdlV2tFaXFyNEpwaGpOblUtdXF1VGFPV2N5Y1BnR3lPWTBBSEF1Q0FpNEVxZXpRSzlxc3lHcjlJTGJyYWdISXFf?oc=5,auto-b7f9c3e7ec,operacion-enjambre,historia
2026-10-05,https://news.google.com/rss/articles/CBMi5AFBVV95cUxPTU0zazNHcWxKLVBnNkNFUkJYMzVIQ0oyZ29uWnhlVDc2UHBLYmVnQVVSajROa2czSXRGZnhCSk0tVHpudF9qVVpTZXJrUXVreHd6UG5abGlaRnQ4OE1JMmNFT2JHcjEyVndiS3JtalNuakJCek96cFNaVnBwazVyLS1iOGotd0pEaTBLZ0NVTXc0NkxMQ1g3VVBnU09qUFZkYmV5d1d6VTQzOGU1ZXZwRjdsWU43THVNQ2NlMWFRQjZRQ2RYcXBjVzlJYzVEbHRMRjA3eUgxQlZTSV9qLUNhN19DNGo?oc=5,auto-9477a1ae65,operacion-enjambre,historia
2026-10-05,https://news.google.com/rss/articles/CBMi6AFBVV95cUxQTlkyV0xiMnROUXpxSGpreW1MaHFvYjNwMzZZNlA2bXhXZGtFUEVtOTZhSnVwUnRoaDRfVGE1azByNkVaWE9PX3pHalZsOUdIdTctclItOGc3R09zZHN1NkJ4RlpCOW13TnBWNzJYYThielhiak9lNlAyMGpuOERRZ1FQZFlXMmhZNllLcy1jdmpSTVoxNHFrYWh2dDk1OXFsc0dOWndUMU1RaTB2TUd1QWk3YkV1VDlzWmRXR213bUhwXzc1NkM3Mk5yNThtb1hIQ3dKWnAwNUJ6WG9uS2I1amJObXBJUTNo?oc=5,auto-9477a1ae65,operacion-enjambre,historia
2026-10-05,https://news.google.com/rss/articles/CBMiowFBVV95cUxOeERNNXowdzY2N3F6dVFrRm5nU1dHUlRTWXk3SlBjaTZGdktiYkhyM0phdks1QzBIV3VaRUlKQUx0TDlWNTNqblhBRjRybkVLcURJRDMwOGs5SDg2aGotc3FZYjE4alNPcWQza3VjeG9XUmlXOWhzN3NRd1RqQkVIc3ZQN2dmRkQ4YXhUMTJCMHJWZTJwN0Rnc0djSXFkZ0VyRWdj?oc=5,auto-9477a1ae65,operacion-enjambre,historia
2026-10-05,https://news.google.com/rss/articles/CBMimgFBVV95cUxNVURHeDYwRTQxQWxhb2dOR0QwZnNqblFXU1YzOFpkNWxXOURlSWhVNk5TRFUwLWVkTzR6ekZRRlcyeUFTX1RJb0RHRXpCcXAwSk92TF9sSVBzS1RWSk5LUUFLZTJtbEZsa01MYkRJNUE5YXFlRHE4S0UwbzJVeHR5aWxNZUl4d1Q3ZHJoN1pvSDBqMnJIMUJGWU5n?oc=5,auto-9477a1ae65,operacion-enjambre,historia
2026-10-05,https://news.google.com/rss/articles/CBMi0AFBVV95cUxNZU9yZWJMU19LQ0R0NGdhR3Vna2RQblE4Tk5LM25qTnBmWWNON182czVZX2FhUWUzSUlKUGNsTl85X1NOcDFTMmlKUFpzdk1FVi11cFVmVTBqZlFEWjRQUUppajdVQTByYWJWR3NsRDRNdml2c2NsQ0l0d2lXN2twUUE1VVFSNWhLZzF5eFEwQ0RKN0RKZHM4MjBRRlFvTlVmSFN3TFBMZDhfSUhHanFPbnN1WFcxWVd1c0lrN0k5aG5mMzY1aGFQMTJGZGFVZWxQ?oc=5,auto-d5328b92e7,morena-coordinadores-2027,historia
2026-10-05,https://news.google.com/rss/articles/CBMipAFBVV95cUxPbmJmdHozQkdBTy0wYm9vbHhrRHNaWUVqYXNEaU1hNU5TSGpfR2Q0QVFWTVVFMkxYcU96QWJueklneW5QVWlfS3I0YTBJbFBoUkI5dE9JNzZjWmE2U28zbzJuZ0pINW5qanlvV2E3aXhOZEpMdW1heG9XWElzbkVUeTE3SzZodmZMbnhpcWhOcE9OVGdtQ1Brdlp2V3hsWEdFVVJPcw?oc=5,auto-57c1f64bb1,morena-coordinadores-2027,historia
2026-10-05,https://news.google.com/rss/articles/CBMiwwFBVV95cUxPcjdrQkJvQ1BCelJLQ24xNlh4ZzNKSDRDbHRQaFpJY1Vkd2Y0ZlJ0QzVpcGMyTmNkNVVFb3FtRWxiR0JPTEFCWkZ0MWJmSnJBUTFWbVcyS194WjZpQklITkx0bFlVY3RLMFJ0T2E5YUNON1p5ZDhTbmNsdENhdmR4MHdIX2NoNHBsMFRsOGhsTnQweDhDM3BSUF9xVXYxWjRJNXBXRWJkWkZfRWk2WUM4WnZzR2J6UFNadnNpVlMwMjFiWlk?oc=5,auto-27ce389554,visa-de-andy,fusion
2026-10-05,https://mananeradehoy.com/mananera-de-hoy,auto-8ec13057e3,auto-ea5a0e5da2,fusion
2026-10-05,https://mananeradehoy.com/mananera-de-hoy,auto-3de5902549,auto-958b227a58,fusion
2026-10-05,https://mananeradehoy.com/mananera-de-hoy,auto-5b0830cd07,auto-cc44fee279,fusion
2026-10-05,https://news.google.com/rss/articles/CBMiyAFBVV95cUxQMVhiUlQ0WWllS0dnY0dDcEFNOXNiTjFUZFFUVjNRWUFEVVpMQkRXa3dVcHB1b0NTYXZsbV9lalZGbUFPM2drV1k2eE0zQnRLVDdSOENCZllnSVdoU3dEZU5lc0RqUENBdTdRcjQ5bjJnSjEzTUR1NE1hOEppdlgxOElCVWxoaVhsWVlIMlRVN0tqZGRtSDFiRUVXMDdtdnJfV25zZTdMWTJMQURDUzd6VWN5cXcxaXJzQnNSNkpqYXRZTFJBVENFdQ?oc=5,auto-066e4c60fe,morena-coordinadores-2027,historia
2026-10-05,https://mananeradehoy.com/mananera-de-hoy,auto-8ec13057e3,auto-ea5a0e5da2,fusion
2026-10-05,https://mananeradehoy.com/mananera-de-hoy,auto-3de5902549,auto-958b227a58,fusion
2026-10-05,https://mananeradehoy.com/mananera-de-hoy,auto-5b0830cd07,auto-cc44fee279,fusion
2026-10-05,https://news.google.com/rss/articles/CBMiywFBVV95cUxPQ0VHMlFOVG54NjJ3RWVMUkd3VUMzVTRGMll6U01nUlpRSmFTQ0RvZXFJTUxVUFlReU9BUFBpbFFCZXRhWGpuYnZsVzRxNjNKNXBnWG5TRnR4clJwT1Y5QnJQQWJFNGhPOUpadmppTVlpcFI4R01kUTl6T1hrZXI2STBRWmpVOFhWM3NzX0RTRVF2YUJxQkRVX0RYVGxEcU80cnRMTzIzdW5PVVZSaHR6MXVyUWFhRXdHVWtIemxQQ29VT3JveGVXS2ZvTQ?oc=5,auto-de47880d26,auto-7f7c69e0b9,fusion
2026-10-05,https://mananeradehoy.com/mananera-de-hoy,auto-8ec13057e3,auto-ea5a0e5da2,fusion
2026-10-05,https://mananeradehoy.com/mananera-de-hoy,auto-3de5902549,auto-958b227a58,fusion
2026-10-05,https://mananeradehoy.com/mananera-de-hoy,auto-5b0830cd07,auto-cc44fee279,fusion
2026-10-05,https://news.google.com/rss/articles/CBMihAFBVV95cUxOc28ta0xBTjRneGdsYkVuaHVDZGJXNTA4aTUtR2xNaUhkdWM1RUJTSXY4S0xmR2l4dF9RWXJ1NmpjNm5VQ25hdG5qWmdwMzVPVHBONVlRNGREMC1TMncyOXpraEoySEVxSXZXLTltRGZTeER2TEh1YW1fRHd3SzhycDRKa2jSAYQBQVVfeXFMTnNvLWtMQU40Z3hnbGJFbmh1Q2RiVzUwOGk1LUdsTWlIZHVjNUVCU0l2OEtMZkdpeHRfUVlydTZqYzZuVUNuYXRualpncDM1T1RwTjVZUTRkRDAtUzJ3Mjl6a2hKMkhFcUl2Vy05bURmU3hEdkxIdWFtX0R3d0s4cnA0Smto?oc=5,auto-23bb494e42,morena-coordinadores-2027,historia
2026-10-05,https://mananeradehoy.com/mananera-de-hoy,auto-8ec13057e3,auto-ea5a0e5da2,fusion
2026-10-05,https://mananeradehoy.com/mananera-de-hoy,auto-3de5902549,auto-958b227a58,fusion
2026-10-05,https://mananeradehoy.com/mananera-de-hoy,auto-5b0830cd07,auto-cc44fee279,fusion
2026-10-05,https://mananeradehoy.com/mananera-de-hoy,auto-8ec13057e3,auto-ea5a0e5da2,fusion
2026-10-05,https://mananeradehoy.com/mananera-de-hoy,auto-3de5902549,auto-958b227a58,fusion
2026-10-05,https://mananeradehoy.com/mananera-de-hoy,auto-5b0830cd07,auto-cc44fee279,fusion
2026-10-05,https://mananeradehoy.com/mananera-de-hoy,auto-8ec13057e3,auto-ea5a0e5da2,fusion
2026-10-05,https://mananeradehoy.com/mananera-de-hoy,auto-3de5902549,auto-958b227a58,fusion
2026-10-05,https://mananeradehoy.com/mananera-de-hoy,auto-5b0830cd07,auto-cc44fee279,fusion
2026-10-05,https://news.google.com/rss/articles/CBMiqAFBVV95cUxOV1ZTMEx5UUtocUJtcmhtQ2txb1pBU193bmF6c2pBLWR6TUdhZXJJX2dCM2xZbWkwX2JhR1JmNnRPdkU4NnU5cUtaTGRHeUNnOGJvam1UOHB6QVV3RGxUWWZ3aC15bEw4bkhLNDlhb1VCV2JUblh4SHd1R2x3MF9kWnNkNmpsLW9aMy1xS1A3b1pDN01WQlItNmZOM3VzTm9GWW4yMEsxM0k?oc=5,auto-1e279cbe95,morena-coordinadores-2027,historia
2026-10-05,https://news.google.com/rss/articles/CBMixwFBVV95cUxNUTVLTUxWMXFHMWRMY21JMjBrWWZhY2hmX0ZwYlRlVWoxRG1HUnRiczJqNUhUSFJ0LUc2Z2M2V2FwQlJLMy02Y0lHRXJqRnZPX214WFpyUGV6N1l1dnJGaC0tVVlPN2VJNWJNaGZKdmJNME1FRlBQOFA3aHVxYVN6X2ozdXdic0VSQmFzS0g1a0NQZUpSSVVndXZzcG40U3pQcWF4VVZWOWNRWEZmdjEwNjd5dkFrZHJ1a3M5X21nSURFREZ6aTVV?oc=5,auto-dea247be45,auto-7f7c69e0b9,fusion
2026-10-05,https://mananeradehoy.com/mananera-de-hoy,auto-8ec13057e3,auto-ea5a0e5da2,fusion
2026-10-05,https://mananeradehoy.com/mananera-de-hoy,auto-3de5902549,auto-958b227a58,fusion
2026-10-05,https://mananeradehoy.com/mananera-de-hoy,auto-5b0830cd07,auto-cc44fee279,fusion
2026-10-05,https://mananeradehoy.com/mananera-de-hoy,auto-8ec13057e3,auto-ea5a0e5da2,fusion
2026-10-05,https://mananeradehoy.com/mananera-de-hoy,auto-3de5902549,auto-958b227a58,fusion
2026-10-05,https://mananeradehoy.com/mananera-de-hoy,auto-5b0830cd07,auto-cc44fee279,fusion
2026-10-05,https://www.yucatan.com.mx/mexico/2026/10/05/el-pt-cierra-la-puerta-a-tatiana-clouthier-dice-tener-un-excelente-perfil-para-nuevo-leon.html,auto-b60e53cbb4,morena-coordinadores-2027,historia
2026-10-05,https://news.google.com/rss/articles/CBMixwFBVV95cUxNY0s5T0R2V2dWY0FYYlR4eWpOaHhkSmMzZDRHalBvZlEyZzFuek5KbWVBX1RvTTFkdDh1cEE4RnhNMWhxYWdzX3pzRENLU2VaNHpLbFp6cmx6WTZqUWo4TThYQXJpUXQ3anJVSUtEQllkXzZOTUVxZklVSWJ2eWVVOWhjMERBQXNncDlPejg2WWZtNjBPVWdnZV9vTEdwcGFFc2lvZVhPZVlxeGhlX19PQXl4bi12a3FRZjJ1MmQ1Sk1NMFVkOW8w?oc=5,auto-071957561c,morena-coordinadores-distritales,historia
2026-10-05,https://news.google.com/rss/articles/CBMitgFBVV95cUxOb3VvMFozUU9Sc0ZOaFN3M0ttTG9PQVpESjVUSEVqN2JBOEN4TGcwS1N1eWJSOEhvNjF0SzhaZmVnbllDRkVxaDdOeUlWa19idVJlam43RzFtVkMtUjNVZktpempKaG5DN3RlUW9LSXNwU0pRNTl4bGZxbjQ0YlNHY2Vtd2VYSjFFd2FNVDhxWnZGaGhNLUV6N2JJb2FISHI3alZSekdvaHdyalpHb1BpNlJsVUFudw?oc=5,auto-5a508036ee,auto-7f7c69e0b9,fusion
2026-10-05,https://news.google.com/rss/articles/CBMi7wFBVV95cUxPbmJxd2ZPdDVrbjhKSC0tRV9pbVdCWVZZSlV4cGxDM0UzS3pGTGwwdEhUNERURVQwZ0VPMDZFVlRuWllBenY4NHdZaGNqdXR4cWdTUlU0U29hOThrQ2IwNnE4VlMwRXhNSUdKRFBmVDRuZXY0NXo1QjhtTHd2ZnNCS0hrZXRTQTNQTXktSG5IdzA2a0VDZnlfdG1NblZXMkdFOUw4MFNOWkpzQ1g3c1JMQ2h6OVNwWWt1QzVvaXVqN3ZIMXpENjd0cEF5Q0tSRmtTcWFjUEl2SlZWUzNfSk8xOV93WlNZZUwzQ2xIZmJhdw?oc=5,auto-c62cbc14fc,morena-coordinadores-2027,historia
2026-10-05,https://news.google.com/rss/articles/CBMivAFBVV95cUxPdFpFME5PTDlLZVFOMG0yLTNPT1BZdjAzaDh5U0d2RVVaaDFVYmlIYklKSFF3ajdaZHZ0NWJUWC1TeXgwZU8xOE1IdVhrcFExeTZJLTNJSnl6Nlp6VjlFc0xMd2RCRVFCZ05ma1Z3cVdzallCNGxRQXFXYUdBSWFyb2pmSFd4djRyX005UGszMHVjWDUyTFRTSEtUMmVWTU5hUDNjb0FrV2FxM3V0ZWJwdUFFNEN1MTB5SjhQQQ?oc=5,auto-c0fe47bc19,morena-coordinadores-2027,historia
2026-10-05,https://news.google.com/rss/articles/CBMipAFBVV95cUxPNFFya1JRZ3NMVGdkelduV2Rqc0dhRzAxbEpBM1FMVHhFZVYyMVlHdlA0MHQ3OHozSVYycWp3a2d3X3BET01LMzlJN1ZWQ05RNXFtWmVoZkNZem1FNlZHMmNFX1BLaE4zUDNQRHFKYmVUOHB5R3lDaUEySHlheE4ybGEtWHhDQVJxSE1CZjlZWHBROXZIdXJiV3BOUTd6SU1IZ0xBUg?oc=5,auto-28603c7610,morena-coordinadores-2027,historia
2026-10-05,https://news.google.com/rss/articles/CBMi-AFBVV95cUxPdk1jUHcweXNUR2ZFVUIzd3VTd3RFbHlNV3JmY0FZclRUNmNpZVo3TEdVMkhGQldkeHVtcHJuMVZ3dXVScF80U2U0LTU4NEJFSnV6cW1sTktQNDQ3VTJPMlZ4ZG52N1ZBa3lXWW4wcWFLYml3bmJ3RERNNl9Va1M2REtMR0Zoc0R4STF6SEp3Tnk3WS1Qd1hTR0xQMGpTRjZwaE5LT1hJckNGZXFsaDhMbTVtb3dPXzBEUXVXNy01OHcwSURxbldqeEtOMTJNWVlJZXNoUG56WUUzbkR2cVp2RkVzZ1JGQ2hGQXZLX0ZfMTd4Y2hBX3JaR9IB_gFBVV95cUxQWWxlRklkMVBsZnVPUnNFU0g4bkJSYnJ5TDd6Q0c5ZmxNNWtTc3hTRVlqdldtMjdlT0I3NDdDNV9VcU9GcEdPSTdTUGVKczAyWXlGeS12dnRqZ2owVkFmNFVpa0h0WWpGOEFKajdBdGRsZXM5ck1xOXZxRDdqYUVpNEZfQmhoNlduQW5TaGVRRE9HSXhJMXVwWE5pSnZTLTJOMUEta21iNXRHWF82ZmFXNGdKemtfMWVHQkFoZXZ6VW9YWnRMbnRNVENBbHpiaXJReThjc3FON19CcERhV2VYRmJzYnh0WXp6WEt4TjBMOTFMY0sydkVKV3JDSmhTQQ?oc=5,auto-deb968be37,morena-coordinadores-2027,historia
2026-10-05,https://news.google.com/rss/articles/CBMizAFBVV95cUxON3VvZ0VGQ1hmbWNFcFNlMXo4RnZSZzBUcFhpN1hWU2RZWVV6NTdUWjBva3JTaW9KZmF2UUxLUHdOMFQ1OFdmczZDLWJrQzZ2U2E3aC12T0k4QXpZSjN3XzBqd2JsbjVXcjdiMkRoTC1jYmlkQjJDczRLbHE1NTJ2aWpiSTBiREEtakZXelNuNTJCdGFQRktEZHRTUjhoN1RtTWE3QmdUNDNtZS0xdkVWUGFOaGhvQXZNN2xtd19vVnlfd1lJS19Ra0hTLVg?oc=5,auto-73c1c5814c,morena-coordinadores-2027,historia
2026-10-05,https://news.google.com/rss/articles/CBMif0FVX3lxTFAxRjJxNk1BcGZEbF9iYzZaQm05TnladjlaZU5qQUpRa0xoT3V3bGJmZEVXOTE1SDhoazdjMmhPanJLWVEycUMzRDhXemwxaGhCeDJIVWltMmw5ZUVhY2o0T3Uzc1RVNXgwLU8tWVlnRXZTRUhZamNPR1Ixb2RWQjg?oc=5,auto-b134c2bded,morena-coordinadores-2027,historia
2026-10-05,https://news.google.com/rss/articles/CBMi6gFBVV95cUxOOUNQb0tOcXBQa0pNaElKMU1IcjZzT2FUOG44aFF4cWVidHNWWHdnZ3BDeWJiU0Qxb3paOWNZeDl6Y19NZlZzaVJ0ZV9WbHVlZ2FDdklPTmxOU1Z4dHhsYUtRNE9KTmlnVlFTX1puWENSOXZxU21WcC02T1dmNDE5MUZrM2psdDJoYkQzVFlxdWF1MjNvLU1qVVh3WC1NTkZRUmgycVdYcll6VHI5X3RfSkpXeF91bU9tM1lTcWtwWDg0UGoxLW51WndqdlZVY3FLMHgzNlk2RzBFd0J2eG1UMXpFcTJJcXJvVHc?oc=5,auto-52d955f410,morena-coordinadores-2027,historia
2026-10-05,https://news.google.com/rss/articles/CBMiqgFBVV95cUxOeXVYYlhuWVkwWU03Y3plOU1QbVFMX0tUbzlsWE80U2I0a1BSTndvajgxdGIxYThXUUlueTR3Y0l0YmtUeXVhZS1RM1RVcFdxaHJsZHpqbFNVN29zQ2o1MHZKNXFJOTFQN2pEc2N5aWJVSU93eE96cVV5Yll5WlRjQU5EZ20wa0NiRklJSXR5ZzVLU19NSkVRUms4blQ0dmV4ZGpMLWNPV1Axdw?oc=5,auto-d0398273a8,morena-coordinadores-2027,historia
2026-10-05,https://news.google.com/rss/articles/CBMi0gFBVV95cUxNcjNjZXdncTkwRjdDeThzU0dzQWUxQlc2eUVZY1ZnZzZ0RVM4YjNCNmplaDUtdlU3TWpnLW04czlNcWtfNnRsOHZVZmlQVGpxdUt4ay0zeE9LcHpaMURZOHhIanNuTUxVdHBEb0gwRjhmNTIxV0ZnRlpyVEIxLTJSSnkwWXdzaUdic081ZkVwWGFVU2VySzlQU2VDbEYxdHlMbzJqMXItSmowamNWb0llaHJpSE80WUtDTExaS2FRVjVtckJkRVZwZm11VFpDeGxkZ2c?oc=5,auto-ca77cd34d4,morena-coordinadores-2027,historia
2026-10-05,https://news.google.com/rss/articles/CBMikgFBVV95cUxNWVd0SFRncUxPTzU1czRYajRYakFoODZCVUFwMWhfZE93XzJlcnZiUEtxU2owSDEwQktWS3d3VzllZkhBSE1IcURLWnRIM1JmQXIyZUtXNzBTYlJtWWE5cFRndFpleWx6djFkcHpYYklMLWFvYmhuNXFSRkdVS2wzeG5vNlllZTBka21MYmVsTmNWQQ?oc=5,auto-73c1c5814c,morena-coordinadores-2027,historia
2026-10-05,https://news.google.com/rss/articles/CBMi4gFBVV95cUxPTnhJMHJISE50alVxR0xWZFNaNXYwcDRLTVFtejJPZ2wzU2FEaG1WX1VLcUxlcy15RjJFV29RZzZrYnBOUVF0Nmlub3h3OE1VUWhkY1V4LVNjU0lUM1N2Rm1YT1lsd1Q2eTN5SHZnR3VsZFVhX0RPYXk5VE9QSFd1M2FpWnVDYldDZy1lTDlMZHZWcWFMZnBiMUgzTnRxUE9IRTB2ZnJWMkxOVThwMGJhNFdJT3BWc0F3WnltaUJkR3d6TUtyNW8zUllHQV82eHF1aWVSaG1VQ1hSZW1DX2twT2pn0gH8AUFVX3lxTE01amRRSzNjSVpaNjlIYnFDVE1hSTNNWUFoOXJmZUM5ZzJLOE5QeUFwamJnUzUya0Z1TjJrUHV5eEZ0Q2l6cnNvYi05cXVlNGVESjVMUy1ZblBtOGpCR0g1N1RuT3gtQk1reEFlRGUwMThvYXQxcDNBVTRuUmc5LUJPbDZ3akFidm1sMVVuX2RkUVVuLU9GSjE4TEJKcno2N0RGdVI0OTJ2R2JyS0FaamhzMGxESHhYUlg4SWF3M2ZfZ3RoNlBnejFVU0RVNDk0Z1pub3VvSlNBYVZUQVZGSVRKc3l5d1lXRGgycHg1SzI2YWRneWEybENVTGktMA?oc=5,auto-be9b220d4a,morena-coordinadores-2027,historia
2026-10-05,https://news.google.com/rss/articles/CBMie0FVX3lxTE1meGlvWWRSVlZTbXZsbkRIRFJ6dXRvT0hCSUJ1V0VWRWh6SmRQUWxncWUyT2Jwem9BMmlRelpDMUJxUzNYUWp2VE9RSnNGeEliaHU4U1dWRnVsSFB2YW9IU2xXbkR1ajdKWDRxbHlqeG1KOVp3RHNEYlhpd9IBe0FVX3lxTE1meGlvWWRSVlZTbXZsbkRIRFJ6dXRvT0hCSUJ1V0VWRWh6SmRQUWxncWUyT2Jwem9BMmlRelpDMUJxUzNYUWp2VE9RSnNGeEliaHU4U1dWRnVsSFB2YW9IU2xXbkR1ajdKWDRxbHlqeG1KOVp3RHNEYlhpdw?oc=5,auto-28603c7610,morena-coordinadores-2027,historia
2026-10-05,https://news.google.com/rss/articles/CBMi8gFBVV95cUxORjJrc1czOHdLM1NvRkZpT0o2Uzk1OXo2M2FVNHAtMHhWczk5S1Z2V0VOWXc1Y0xrLWpnM0lYMFQ3aV9PMlpOWkV0S1JQTTI1OW5tODlobGpESk83bWRKY1V1QURpUUhkenpZQlMxdW84dVlLREh5STNBY1loaGFIeFk5LVRpNS1ZMzc0R2pHZGQyMUF5NzhEMkJHYzRKUGozTlZrZ25hcnhYUGdacVJLTVJvNWNVdWptUkNwUklEbjJEZHc0ckZIT0lsODZtUTZlRGdYbjZyV01ydmgxT3VYamR6WU5hajRWdExmTmsyaFB4d9IB9wFBVV95cUxPekx1ZlViSWtvZDB2bnJvS2duUEZrWlNoUUhVdTUtY1pXYkFRREVOTjBTSnYwV1d2NERKM0xkQnZVOGRsWlNuVmRZY3I5dEgyanZOMEdjNlp2Q1prMEZ3ZEllOWFoRnAxUUQ5NWtZcW9QUU1sV3ZXdDFucUQ1eUVhOUxTWWRjdjNWVm5WX3NLc1BJNXJVZWhmZjNYZVpaMEMwUldlQ0tQTUlVQnlxQXR1eF9OR05HbUZGR04wNXNzdEE1T1ZjVUQ4UV91NG1Hb0w3OUJlQzFZUUhVZENXMEhGc3VpQVREYV9xd1hKM0RnOWJsZXAxMl9J?oc=5,auto-321188bdb6,morena-coordinadores-2027,historia
2026-10-05,https://www.jornada.com.mx/2026/09/23/politica/005n1pol?partner=rss,auto-28603c7610,morena-coordinadores-2027,historia
2026-10-05,https://news.google.com/rss/articles/CBMigAFBVV95cUxPdTBkaU5lVW5XM2JGVjVKLUpWWVQ0ckxGdG5oMmZvLXF5dkV0RHdSTUdFa2VSUjhEZlJhM2RHSEN3X1NvNW5yaDM0ZDI0a0JpdkVXcWZqRWR0NHJKc0RZRm1kQVQxZWhQRXRjVU50VmlISXhCRXRacHFqZlRWcWJyOA?oc=5,auto-73c1c5814c,morena-coordinadores-2027,historia
2026-10-05,https://news.google.com/rss/articles/CBMisAFBVV95cUxOTm9QRWloWmNLdDh6b0NGa3V4MVpEV05JS3BxMXc0MXBCQTZBd3h4RGRvWkNYenhrZEh5OXRGSUtONVVrWVRILUtqam55WWtIQjJOOVJXdW5Qd2RyWHk3cFhKZHBvMTdkU3JySFFNOHBydGNCdTZrTDc1cEYtMFpWX05mdGdtY2kySTVQR3d5bWFPdzEtby1uYjR3Wl9Fc01CS21ORGZuSE5ZZXZXR2Rfdw?oc=5,auto-641d6ee9f0,morena-coordinadores-2027,historia
2026-10-05,https://news.google.com/rss/articles/CBMilAFBVV95cUxNYWxjYm80cVdOVHlVTzhtckUzb2VHb05hbzEwRHQzZ2ZQVGlubFFkVkRzTDJkaUU1aEJWWk1MZEU5d1NKeDZZcnhSclZNcGhscE9GUXpQZWZzVXltNFNFYTQ5VVFqVFVhZHA4RUlLaE96b1A5WVZUYnBjdDRZRkZkX3pENWhFWHlFSVhyTk9DSHpvdEJV?oc=5,auto-efdacc4cff,morena-coordinadores-2027,historia
2026-10-05,https://news.google.com/rss/articles/CBMizAFBVV95cUxPOEl6TDd5LVk0YnBRcV9pc0xTZ2xHS1hkdllwNDlFcjFFUUhyZzJvV2ZzMmM5TTkzOU5IZFdiSWhmR3gzZnRTeDZtR19ucnMtekFDcXRQNFZ3VU5CWFU5YWN2d0ViU1ZwekNiVTR0cVZzSXJBSUctTUZBeG5ybEhkYUREdDBMSmt5YTBMYmgtWGFKdGRJOXVzTTdPQjJ3OGVSQlBRdFRSNFRhb1VTbWJQdndPb1BUa2gzWHhBZFpBbnpGZWZ6a1oyc2dPb3Y?oc=5,auto-09750f0991,morena-coordinadores-2027,historia
2026-10-05,https://www.elfinanciero.com.mx/entretenimiento/2026/09/29/los-mejores-memes-de-la-eleccion-de-corcholatas-de-morena/,auto-1a9d6b0545,morena-coordinadores-2027,historia
2026-10-05,https://news.google.com/rss/articles/CBMi3gFBVV95cUxOamRpYUJWZW9QZWV4dlY0THVWSHB1QXNjQ3oyZFNjYWRQZUJ5RnN6YkhSQWxxRDFfSWx1N2lwZXdDSTdLX1cweDRiaW1xdHJaZkl1V25uRmJ4Z3lERFJGempybnVKalVfbVRlcmJpckFaNWxaVWZkRE1kUWdmNnhpc0czR083TGJ1QWlfY3hhRXdfelB5dGhuZmx5QThtcXBTTE1VV19CcVRHdFhmZC00OTMxblN0ck52NlFoM3M5SGFjS3lXQmFEQTc5Unpfa2NGOWJhUXFMLVZ6UElINEE?oc=5,auto-321188bdb6,morena-coordinadores-2027,historia
2026-10-05,https://news.google.com/rss/articles/CBMijwFBVV95cUxOV3RFa1NVaTVGcGlXaG9LV2E2WkRCSjlPd0JpbUxtVUMyX1otOXRrMkgyN3UxZk83b2M1TVBOdWRLUWhHMHZaTFlDTEUwOGZaMWs0bVpIdHhLcGFCbUJKS2k3QTRkZVdWbWZubWNjRUxGdU5aVGhJR3hVQkNtaVByV0I1Zi03S3FJWncxMm9nSQ?oc=5,auto-c62cbc14fc,morena-coordinadores-2027,historia
2026-10-05,https://news.google.com/rss/articles/CBMimAFBVV95cUxOdGZsOGVRaHJxM2dvOVpRSWotdENEdTY4TmZoY20wcWt1UFNIOWhmREwwLWRNMjJZWlluT1Z0RzRRSjVkd3EtNUozMkdqRjVnOHd6dXFhYVdTNHRRRFY2ZVRWSEU1UXFjRzkydHlSazduQ3o3eEdaNjJLVTVnT05sTHhrRG5Kb25EeF83Qi1NNGNLSzBabXduXw?oc=5,auto-40bd63a8c7,morena-coordinadores-2027,historia
2026-10-05,https://news.google.com/rss/articles/CBMiowFBVV95cUxNR3hBY3NaMms5Q1E0QVRDMFRvZTNwLW5aNEh0b3RLVXROYkkyaVZxLUVRVlpZNzR5NmNwckRVbmZ3ZHBIUE1od09YUGtZazExcTkzTFZ4NUVtcHRkLWpLRU11WVkxck9PQ28yU1cxbVJwSnkxWEFMbkFLdzdhWXFnYTBHN1diNnp6VVdRMDkwajNlc29YSzVPR1FlZEM2SThtcXlF?oc=5,auto-e334602297,morena-coordinadores-2027,historia
2026-10-05,https://news.google.com/rss/articles/CBMiqwFBVV95cUxQUFNWNFVWcnJBbmhmbDNJVm9hY2lXaHNVbDZYeTZsNDhxdW1BdmtjUnRWT3FaNzdvRnRLb296LVVBQzFMNVpCaTZTX1ZNYWNJeV9jWklUV3FnZmZEcnZtYnVINlRackxKLVgxZkI1Q0p2LWNKNERIdU9MaDlUenIyYVN6Rk9tbUxlcV84ZXpGNElGTW02V3RrNXNHaE0tZTduWGR2VFF4RmtXLW8?oc=5,auto-1fd312da6e,morena-coordinadores-2027,historia
2026-10-05,https://news.google.com/rss/articles/CBMi3AFBVV95cUxPQkhwa3ZnQno4a19IZHdMNXFiWnhRRFBaUnpBcmJGVEVfSUxqemdwX29aUjktZnJWcUdTSmo3SEpQUy12Z1IzeDNLNHFWc1lpcjdEUzltZlowVFVPckFydk1lNnQwbENxQmhZSEpjLUx1YkFBYkFSVUpGM2FlY25oWExMOEF1WE5PMjdxUXdLb2dkY3UtcHNVb2pUbXNSU01oQ0luR0ZRNk1vTXl1V0FhM0VZOUlodGNEZnpoOUh3XzNHdHhLSmh6WU40SFRQNU1vcUZmckNMU1dKQm1v0gH3AUFVX3lxTE96YTZfQWdLVDBBVG5IT0NzRnMyTjVTY2xqZ0gtbFVwdGwwQ1FtR1BjU3hsVnlaSzlDUGNiX0N2bnJ0bWM3Z2k5TVBjWFI1NWZodElucnR2elZCb2VHeFBUQ1hTRVMyb0ctVnVOd0xETjJ0eFN2d0wtT3dOenJVNEtobUlXbmpqeHpXNWhTd2hQZDVtYlhITWdMWnpROEs3Z3FSMEw1MlJxWDhhd21CNXcwc0FjUFVoTHBWcHcwemdSVzFnT1dRYXJLR3pIVnZPOWxKSTdyMnI5NTdvd3h6NHlwRW0tdURGV19VTlNuNElLaDluS3JFVHc?oc=5,auto-006fe23c33,morena-coordinadores-2027,historia
2026-10-05,https://news.google.com/rss/articles/CBMikgFBVV95cUxPRGMtV0IyRWs0bG14T1VYcWdKbGlBamF6Z1FoNmFYX1UteHBfRHljR1V1MlIyMURRTVZJRWxrZm5XLWdoNXJ5c2loR2w2R1VKVUlXVGNxTUthQmNJdmRwRTBPam1vR216NTZYaGhoRDJjTEQ0UnlFLVJtc05uU28tYnlCNzhkX2NKaWF1bS1Vdm51Zw?oc=5,auto-af69b48c84,morena-coordinadores-2027,historia
2026-10-05,https://news.google.com/rss/articles/CBMi8wFBVV95cUxPcXVaQWFCUGRHaTY1TzgtZmRfZ1dvazhHZHBlZ3E3ZzhySEdGLW8xNmNDOTJtTjZmSWFtb1A2UHhqTzN6bVhKY2Jaa2NJa0huSVdUZWc2MmZ2Zk83bk43RkVnOFZlVndTUVZnM0daYl9wT2VOc3NmcmFhcjd1RFYwelh3VmZQUUhwWTctVUw0ek5ZS3c1Q1k0Wk5yUGFPZS1DcUcxWG9KdHF5SWF3NUpOVURrT2FocHUwQkVFemY5anZiakFwd3oyTkhHYXpkMjVuY0laZXFCNDlkcmYxdXNkclp2TDBucVVwLVhQQ2ktbGR5UjA?oc=5,auto-444faadc89,morena-coordinadores-2027,historia
2026-10-05,https://news.google.com/rss/articles/CBMimAFBVV95cUxNNWVLVDNPOEFJTDVVX1Q5dG5RLTh4RC00alJzQThlUm9sTnhsMHdIQ3M2SF9acE9RYnFNRXV5T2kwckp2Nm1pdkVzbmhDZ3lhbFJLZ092cS04Y2NieDZjckc5MElFckt1aTlkR1VhUWhrS29VUTkxRVUzSUVVX01vTTBOTldEOTFONjN4TFplVzg5M2ljUDZWbw?oc=5,auto-1fd312da6e,morena-coordinadores-2027,historia
2026-10-05,https://www.tabascohoy.com/se-tambalea-corcholata-en-nayarit/,auto-8730f6343c,morena-coordinadores-2027,historia
2026-10-05,https://news.google.com/rss/articles/CBMi1AFBVV95cUxPN29lNG0zTWVoVjJ1cHRnbkwxRzBNb243V2RTOUREMzMyMjFCNkxjVjdXa2tRLUxqX01ndUFfS3Ayem5DcUJkQ2ZWbnI3QjY4bWxnN0FpOE5RY09Hdmc1a1hNbHJqakNQM3E4X04zVjJEV2dEUnQ0Mk1IRGxzSU14SnlSX1RUWEMzcGxoRFVSeVNGS0Q1Vk1obGp2RnhYWUNkTXo2eDFKQVAyMmwwbVBCd2dnZWdtRkdMcHByNUQ0ZXBucC10QmJjeDJ3VXNGX3M5UUJBbQ?oc=5,auto-b57cec062e,morena-coordinadores-2027,historia
2026-10-05,https://www.elfinanciero.com.mx/nacional/2026/10/01/corcholatas-de-morena-rumbo-a-2030-quien-es-el-secretario-de-sheinbaum-mejor-evaluado/,auto-0590dcc243,morena-coordinadores-2027,historia
2026-10-05,https://news.google.com/rss/articles/CBMizgFBVV95cUxPMWZEaC1Kbi1ONVNRRDNxM0JDaG5HdHF2YlExVkVMMUsyTmNxcFdZWTFmTDBsdFhBVmpLcURyVmpJd2JQckE4bGtBMkVvQm1ubDVFbXIxaHUxRElhMmV4d0J5WlVXX2pfWnJTbmlMNVJBZ1hYSGc1eE1uRUMzODllLTVQSUkxb0NSdFNxZzdGRmt6RHVqNlpHVEM4U012eTNTLTh3bjZ2S1RWck1lVWYycTlndXVwV1Z6SmQ0aUJ4VjBOV0U5NGlxS2dlSUpoQQ?oc=5,auto-deb968be37,morena-coordinadores-2027,historia
2026-10-05,https://www.tabascohoy.com/sheinbaum-defiende-encuestas-de-morena-tras-inconformidades/,auto-deb968be37,morena-coordinadores-2027,historia
2026-10-05,https://news.google.com/rss/articles/CBMikAFBVV95cUxNWWtuSHFxVjc4dU1JWEc0ZjFOWk1NTlVmRWJYUXZRbUZJZmpxcFY1MHNzcTYxZFlocVZLZ2FHRk1uTmxQTnFjcHA1dWlrVjlzQll0SDdqNWZtSWhtTjNTNUxKTGVEb1FQcl83c0dCdG9CWFFzUEpBNU9wLV9DekkwNTU4UG11dlgzMEQ4V19weXM?oc=5,auto-e0fea45fdb,morena-coordinadores-2027,historia
2026-10-05,https://www.elfinanciero.com.mx/estados/2026/10/05/alejandra-leon-quien-aspira-a-ser-corcholata-de-morena-en-mexicali-niega-arresto-en-eu/,auto-dd2835aa14,morena-coordinadores-2027,historia
2026-10-05,https://news.google.com/rss/articles/CBMi5AFBVV95cUxQQmRJaGwtel9SSHJBaXdLV1RVMGRycTcxeUZGRGxFZ3dVNG9XUjhRdEthdTFvMnZDb3FIWUhUX29aQzdpazdMR0VLbWlJMzdMRG01WmU3YUtwQVBmeC15NExKUnAycTd6Y1B6MkNNRVY2LXNBTHV6RUFIR2RqR21CdndnQXdiVmF5dUxFYkVqUlNVTXRYcHQwY2NTRWc3eGNwM2Y3NWgzem91b0RyWWtBSHMxa05vbXBYY1c1UFBmVHR1ODBfLUdEYmJPSTBpSjZyajA0dXZCeVBSNnZqRGtmRlNpby0?oc=5,auto-6343b1c7d2,morena-coordinadores-2027,historia
2026-10-05,https://news.google.com/rss/articles/CBMinwFBVV95cUxOT3NncFdpWk44d1VEV245QXphM3NCVy1iTEpBNmxHNDBfNkM4VWwyei1md2F3eEZJRUtFM0hHMlYtd1BJdGY4amRHdHhKMzI2SVFVZzJoblhFbjAwR25xUXBJOF9RR040YWdPcnh0OXRDbE8wN3RKRWs1Wnk4Q0FLMHNnVFc2TG1YaHdnb1loMG1YdDJJY0xTODc1OEhGdFHSAZ8BQVVfeXFMTk9zZ3BXaVpOOHdVRFduOUF6YTNzQlctYkxKQTZsRzQwXzZDOFVsMnotZndhd3hGSUVLRTNIRzJWLXdQSXRmOGpkR3R4SjMyNklRVWcyaG5YRW4wMEducVFwSThfUUdONGFnT3J4dDl0Q2xPMDd0SkVrNVp5OENBSzBzZ1RXNkxtWGh3Z29ZaDBtWHQySWNMUzg3NThIRnRR?oc=5,auto-6343b1c7d2,morena-coordinadores-2027,historia
2026-10-05,https://news.google.com/rss/articles/CBMitgFBVV95cUxPckFVRUhMeUxBVlMxbnlBcTV2bWY0Sm9BdmIwNjlHQ0h3UHJxVkxfUXlkdUhEU01HeDczSGFPUlJBc3Nsb0d2MXFMbHNXcHZYYk5mVGVQMFNKYjhwQ09UUjhObDh5aF8zZUVsS3JwbDliZ3YyLW1ma1FpOHBiZU9mVGUtaEVuLUpMS2t4Zzl1S0FHUzVFR2RfVEVBOExNVTAzNVNLSVVSVlAyZ2tyazFSaTFwUnFPZw?oc=5,auto-05a0d62964,auto-bbaa4a7b46,fusion
2026-10-05,https://news.google.com/rss/articles/CBMijwFBVV95cUxQS3A3NTUwWV81R0VIUmRRRC1NOGN1bktjRnhXeG5JalZnalJzTW5vQW1RTEN2MEtURnhNWVZKM0JBRGpWRVlSXzFwM0lzWlVpUTYzU1dEelBtOTN0Rk5XVWhMMW9mUFl0Y005bEpRaUJ4NWFRZjZPYWNUTXFkSTJSREZzUHdZdUV1enBKVWpHaw?oc=5,auto-05a0d62964,auto-bbaa4a7b46,fusion
2026-10-05,https://news.google.com/rss/articles/CBMilwFBVV95cUxOR083cDJPdjdlX2M4bXhhdU5QbTdMb3VmQnZ4bnlqa09lLVN4NzNPa25CUUxPNVdUTWtWaTBDdGhGbklkU2hISlZiNXlxTUdIV0tGVkNKT2RSVHNtM0JfcHVYbUJPQ0N3UVlKODZYZGpyYmV5YkNpRFdPNkhuUFRBVlYtUzIxSFEtSncwQjJWcU1VV3ZYVUNB0gGXAUFVX3lxTE5LOFFMVDhZRkMwREVMd2lfRzVhTENJZlFTalZ4cEJqTzR6Vlh3SFdkaXdDRFNQeEwybkFybUVkLXZINHZuMmNDbUwyM2hTZlVzZkZZVDRfOGR6eEY1Sk9SVURIRnd4U1lWRkx6RWhNY1FhLTZyV1BTeU8zU01La3dLOVdwNkMtUzhSSldaaWJ3TlZfZ25qaHM?oc=5,auto-c1a81f165c,morena-coordinadores-2027,historia
2026-10-05,https://news.google.com/rss/articles/CBMiwwFBVV95cUxQTmhRZy1EWGxBUUpYSEZJUjVYWDdCVnJNOW10NDFCUDdSU21iaDRFdUd4WVQwZjVTRUJFMlpuMjNsZlI4MFpsSnkzblMzMW9WbU9nYkMzRkhYV3JVbVlYeTFFWG1ZZ2V4a2J5Tk5RMy1hMktwUF9oNkpGZnZZSHpYRGxhVEN5My1CdlF6TF8wdGZXcjRLNUFKMlp4VjFkS0FDQm1sQmloS3ZtWUJrZlJpeUtxaTJaV2R2VTZhTW8yeFlkdjQ?oc=5,auto-e339ea7c3f,auto-15914cd38c,fusion
2026-10-05,https://news.google.com/rss/articles/CBMirwFBVV95cUxPTXM5QTZ5Ri1lWjZ6czQ0RzczQmJqbWE0aGF2dkxsdUJtQXVhandlLXB5OVZ6eXQ1bko2Zl81THl0WXhYQVJudmFFYTdkb1l0M1ZCeGFnOV9yUmQ5dHZkVnFseVhuZXA5aW91LU91SXdIeDUwdVRxWXdJX3VFd1NtdTNBSF9ZN0YxWEs5TWpCZkhvNEM3OUNxYlFhQXdLV2JQX1A0bG5aS1NzOXpkWlY4?oc=5,auto-e339ea7c3f,auto-15914cd38c,fusion
2026-10-05,https://news.google.com/rss/articles/CBMiuwFBVV95cUxQbjYyYzVMRU81d1YtWk1sbVlXck9BVGdvY2lIUU1BeDBBbDdYSXFyLXpPNWRPdHVSa2xNMDJvMGN1Z2R0ODhRRUhRZjRkcUt2YUxvSVZUeEdIeFIxVU9iRVhOMHc4QmdtaEUtQ1owdjA3bVBtZjJudG5DcVF6OUNmQnBiOE1Rem9idWRZdElTcUtTcW5JLWMwSnVyci1Za2NJVkloWUd5NDZWd0FFdEFMVDNsdlVCd1VTbE9B?oc=5,auto-e339ea7c3f,auto-15914cd38c,fusion
2026-10-05,https://news.google.com/rss/articles/CBMimAFBVV95cUxQNUk2a2FpalJGVVlMb01VOWMzYkJQRE55NFRmTDk5SW0zc1M1cHJsdncyYUNlQThINk85c29aMldSQnNNU1N6NzRXR004WHV4dXlJNldsZWQ5UDN5dUJOWTdPTjdrdlpTXzJtRU1rME54MmF3RWNPYU9wS003c05QYXVXMEY4R2h1V3l1TUxodXozMEtPc1lfLQ?oc=5,auto-4dd1622bca,morena-coordinadores-2027,historia
2026-10-05,https://www.tabascohoy.com/fiscalia-insiste-a-grecia-quiroz-por-celulares-de-carlos-manzo/,auto-b811a3e260,carlos-manzo,fusion
2026-10-05,https://www.elfinanciero.com.mx/estados/2026/09/24/vuelve-el-festival-de-velas-donde-murio-carlos-manzo-grecia-quiroz-prepara-homenaje/,auto-b811a3e260,carlos-manzo,fusion
2026-10-05,https://www.elfinanciero.com.mx/estados/2026/09/27/voy-a-escuchar-a-la-gente-grecia-quiroz-visita-comunidad-migrante-en-california/,auto-b811a3e260,carlos-manzo,fusion
2026-10-05,https://www.elfinanciero.com.mx/estados/2026/09/28/grecia-quiroz-denucia-guerra-sucia-en-su-contra-quieren-meterme-a-la-carcel/,auto-b811a3e260,carlos-manzo,fusion
2026-10-05,https://www.tabascohoy.com/fiscalia-advierte-a-grecia-quiroz-si-no-entrega-celulares-de-carlos-manzo-podria-ser-arrestada/,auto-b811a3e260,carlos-manzo,fusion
2026-10-05,https://www.elfinanciero.com.mx/opinion/lourdes-mendoza/2026/09/30/los-asesinos-de-carlos-manzo-se-esconden-bajo-el-sombrero/,auto-b811a3e260,carlos-manzo,fusion
2026-10-05,https://imparcialoaxaca.mx/nacional/caso-carlos-manzo-grecia-quiroz-exige-a-la-fgr-atraer-el-homicidio-y-denuncia-acoso-de-la-fiscalia/,auto-b811a3e260,carlos-manzo,fusion
2026-10-05,https://news.google.com/rss/articles/CBMimgFBVV95cUxNNHVHTGhTR2lxamlPbUxaUzl5bHVnWlJNZ0ZFR09PSEhrbE0yMlowLXRIT1R3MmN0MmNBbWlxekZpQW1jNjJMTE5kWjNmN2lGQXFaZ0tBb21oZXVXMFNicDB3b3Y1X0xTOFg5c0dCeUtkYU5WV1c1ZnhJeWtpcjMwOXFrRlJ5cDVZb1Z5QXNUczJ1OEtva0dhc01R?oc=5,auto-e27726f173,auto-cf2ebbe6da,fusion
2026-10-05,https://news.google.com/rss/articles/CBMirgFBVV95cUxOOE5TMXFUM09DRzNYUmV4UHVFbk4zUUtib2hXNUlMNUZORm1HTi1SN0ZRUmpVWVZMQkIyZDlrNURZdGhKbkxLY3BqaFNfMFh1c3RPdnhtT0h3eHhmWlZGVDE1Z29IZzlvUmhYVWZfN1EwajM0Y0N0LU81MmRuQzJVZ28tQ1J4NEplOWhwTHYwS3B2QkFkTjlCZE51Q3Y2R3VKQmFCYlFMcDBueENSR3c?oc=5,auto-e27726f173,auto-cf2ebbe6da,fusion
2026-10-05,https://www.informador.mx/mexico/loret-de-mola-revela-presunto-pacto-entre-adan-augusto-lopez-y-la-familia-yunes-para-aprobar-la-reforma-judicial-20260928-0041.html,auto-e27726f173,auto-cf2ebbe6da,fusion
2026-10-05,https://news.google.com/rss/articles/CBMiqAFBVV95cUxNTnhHeC1LUHhzb2hsOXhodjhkZWJocTlXcEF3emprUXBJQ2dTTXdFVE14amdRTFM2UVJ6eGZyQ1M2Y0VvVF9QLXZyNnBGTkVVOHBSeGtzbGlpMjJYM0huMkE1VHNfalI2X0ZrTi1USS10ZEtUSFczSUQxRC13MG9fbTQ1RnluaGFUNGU1M3J3dUhoMV9pWFFVbDA1WVpkQThIWWR6bkhON3M?oc=5,auto-e27726f173,auto-cf2ebbe6da,fusion
2026-10-05,https://www.yucatan.com.mx/editorial/2026/09/29/carlos-loret-de-mola-el-pacto-de-adan-augusto-la-carcel-o-tu-voto.html,auto-e27726f173,auto-cf2ebbe6da,fusion
2026-10-05,https://news.google.com/rss/articles/CBMijwFBVV95cUxOTWZuSFhGLTAyMHFLVnRGemNNdi1Ya0ZNWjVlamVYckw1TDJKbE92aWJyWGk1aVYzMDRacTBUVEhyeXNWYWdwTWtfTFZXLUlIVnEwa2lId09kRzY2UlROVmlHd2wyRzk5R2ZxVmlpTmNuTzFCempNNWJSalR2ekhZM0FWbi1HQThSN1R3X1Vzbw?oc=5,auto-e27726f173,auto-cf2ebbe6da,fusion
2026-10-05,https://news.google.com/rss/articles/CBMinAFBVV95cUxOUVhkS1E3b2FLWnFKOURWTjNSdFltelI4cVROdHJ1LU5BRTVuNFpZYnBqY2h5cmJ2NzJ6SlBKUjM5X1VTTGJidE81bm5ReElFQlZnZEN2R3RVZ0tXa1REQmJuNFlMT182Skd2eFh0VVVRVEFNTURqMGRQVEdWd05SQVUtNTdVVkM2MDY1V3dvX3hNQ3hGaHNscVZ6Ync?oc=5,auto-e27726f173,auto-cf2ebbe6da,fusion
2026-10-05,https://news.google.com/rss/articles/CBMilwFBVV95cUxOcTFJNExKRS1DbFBuckV1QkN0d3lkYlRaZHk3M2c5bWRnMmJxcXlocE43NUZlS0g2VGItLTVubV9COTBrSDU3akstQVFoUTExZzZlU1ZuNV9lbnc5NDVqbVZFY1paNlZYTGhkNElRN0hsczhnNWVUZ25tZDNwVEFfNDR1TXJ1aThpM0NxaHVNX2NlUC1mdXNv?oc=5,auto-e27726f173,auto-cf2ebbe6da,fusion
2026-10-05,https://news.google.com/rss/articles/CBMi1gFBVV95cUxQY2hqNmM5SXhjQkJSRVZRZkFoOXRoZzhyTUlhNVhaRnZpU0dsdzRhWXBDSVNhTlJrQk5mcGtpZ3l2MUtDTmR6eFM1bkZfNEk1ZFhqUkR4RmdhUm9qRWN1QUhkcW1EYWUtdm85N0FUMElXQjMyZFphbkJyT0VhRlRVY1ozcDRNZ0g0YTAzM0xPQndSdXVtYmVpSUVvdHhxVWpyb3BXbDhsOFpjS2FFMS10SW9tRUVQUFBBbC00NHhRbTV1eWxaQUdmVTFTQ19fV0M3UklLeG9B?oc=5,auto-9317c43684,morena-coordinadores-2027,historia
2026-10-05,https://news.google.com/rss/articles/CBMikAFBVV95cUxObVBxOGsxQ0podHZhRmE2azFCaVBkMkVRSlQ5THVBS19PMzQyNV9kYkFlWHlxOXVTQ0tPSzRtTUFHcFFqLWFBaE1pd3BEM3ctWnhDQ3ZzaUJNd2hNZ0loLUVaOHlYMkJRRGk3SkVxZ2l3Z0dHaExVV0JpcmZQM2FmRkNIU1NTbkZvSGd4QnNpMGI?oc=5,auto-04464d0d5c,auto-7f7c69e0b9,fusion
2026-10-05,https://news.google.com/rss/articles/CBMizAFBVV95cUxNTFBxUzVqb1BCNFZCX2dSMkVFcUNoTVROUmFTdG42V0VOOGlxVUVHcE45WXdfcDhBUVpPdGRleGVQVk1KRGtUekI5QzRxUldlNUhTTGROcVVneEJSb3M5SnNkREFld0dROU9JV3pXZjRTbE52RXBlZTNSVFpJZDRqVnRaZGdJQjVEV0FfS0hiUEN4Z1lZUHBPYnBEbDRzSE9DNXk2VXdDUnJ0NW4zLTZCSmdLcnN4em1CRWRZMG9hX1c5cmRNekllMWRnV1A?oc=5,auto-ec02a65207,auto-538d99c148,fusion
2026-10-05,https://news.google.com/rss/articles/CBMi4AFBVV95cUxPS3Q3LUl5LV9HQ2RhVWhFcG1PUVF3OXRGR1NiY2FVTU9GVi1VUGlmODB4U2pZTjhCaW9pTHZLSUktNkc0cnNSNVR6NTlCalBiNnJ4aUdPa09GejZ3b25jcHlxZVdkZkhPRlVwT1lWM0JJc3pITlVXWVlraVBsM0dPMDhZS0RERUNQbDJNRzJMOHp4cTExRXhPZjdoMFVpa3N2WXptTnB6ZlpHakRiZWxQanhFNUZGaWU5anhjNElLSmp1V1NuZmxaYnBHbFpkZjV3TFZ5b0hoX2EybzRobjFIVQ?oc=5,auto-ec02a65207,auto-538d99c148,fusion
2026-10-05,https://news.google.com/rss/articles/CBMixAFBVV95cUxPZ21xbTIycDczOW1SNGN5VXVyZnk0TkRxNi1LX3B3Z1J2d2ZYWU9haE9lTlpzdXZhbzA1RzNRZmdKTFpTY0dWYWI4ZFlPY0RSZUpwUlFGbG9hTUxxQWNtcWdHNnc5UGdWdC1rRlhUZFdjbzhWcXBZRnlDUUg5dDVGOWFFdTlfUF9aNFN1ZENCLUw2UklaS3J1WXp2dVB6eGs1aU9DT3NhY3Zid3RPREZfZzZGYWUzS2pVSVVUc3hiTktCWENB?oc=5,auto-ec02a65207,auto-538d99c148,fusion
2026-10-05,https://news.google.com/rss/articles/CBMioAJBVV95cUxPOHA1M24ycVpRNzBEck4xRkEtcXZyQjZHdEdCdWtnSTR6R0wwODg3QS16VEZZakwtQTZ1a1M1MEhRYjF2RkhFYnVPQ0U1aU1CRGxmeEt3R3JtRmQxd1NHUU5OYVkyV1l5WHVxNFJDREQ4b1ZaOER2MnIyOVc0WkNWSkVGZ2l3TUxXTEwyQ3ZBWWhhTHV4aklVTW9CU25VUE9ydmJjV21QNHJRMVczSzUxcGdXYnFwaGNFaDgyU2xiUGRLOG1zbkVVVl9wazdfQUhzb2E1ODBTeVRyUE51VVU3akszSDFsbUJDdUtySFBYUHQ0U1M5bVc5Z0VQRTJxRTlzWlY4SVpudzhMbnI1aDdMdzZ5cHZzcGNIMkVRYkJ4dmk?oc=5,auto-2f3574332a,auto-5ac251969e,fusion
2026-10-05,https://news.google.com/rss/articles/CBMizwFBVV95cUxPbkdtM09zb3VIMV9IU3VocW5XbUtOYmJvSC0ydmk0enpYNG5rd2RLLW5PamRwcmhvenI4Y2tiamRwcEpUSk9ndWxJSkxkUlhFMWJKdlV6RU5kZkFjeUpzblpZSXVycGtBdHZzbHRNM1locHJ0WWJTQ2VIaUh0bmV3RFNIXzYzZzFkdm9PSFZ6Rl9sbS1FNjZxRGF2S1JNUUMzMzI3RjhpVndOT243V0xDWGd0eFdxRmNQMEF6MkR6bUI4X1ZXU3ctZzJ6eWxMZUE?oc=5,auto-4f493e2e17,auto-1fd312da6e,fusion
2026-10-05,http://campechehoy.mx/2026/10/05/pueblo-uniformado-y-nunca-va-a-reprimir/,auto-4f493e2e17,auto-1fd312da6e,fusion
2026-10-05,https://heraldodemexico.com.mx/edicion-impresa/2026/10/5/magico-mundo-marino-busca-reabrir-fortalecer-el-turismo-en-acapulco-ricardo-salinas-901780.html,auto-9ef565f038,auto-9fb59b4eac,fusion
2026-10-05,https://www.elfinanciero.com.mx/mundo/2026/10/05/gobierno-de-trump-compra-carceles-para-deportar-migrantes-paga-950-mdd-por-tres-penales-en-california/,auto-4369910840,trump-agenda,paraguas
2026-10-05,https://news.google.com/rss/articles/CBMiqwFBVV95cUxNcTZvWEFzV3hsWFNwU0dqbVlGXzFDRFduT1NlZ0ZPVndVWTJXdjY4ekxCT2IwenpoblNpZS1DZThwbkpoTEpPN1VrY3RVSUY3TklzQXpIS0NJal8yNk9QVkE2QVh5VGx3U0hNNnk2emJnVGZhNDduSDF3NEQtNjhRMlZEWXRsLTZRQXdqdG9faUNrZ1lmVGI0Q1I2VmYxMF9JdkhfaXVCeUZyTTA?oc=5,auto-871d0d6a20,auto-502a234977,fusion
2026-10-05,https://news.google.com/rss/articles/CBMi3AFBVV95cUxQN0QxVkVqWFNCdGtlTC00TVk0aXNseVFUczREeTNmV2I3QTFQdmIwUkVncDVldTVNYTVGamE5SmtZVTVnMFF6Ul9NZ01FQng2U3BtOUlEbWpQRmxLRVMxZmtQTktyVF96N3haWndyNlg0Rll0OEhLLV9pYm8zbzVvMXlaa2hLTnFGZEN1NmppYWF6SGJYaFg0UUJtNHlXUWM2bFV3cEZzOW1ENkhTTVBnUzZRdC1yNWdJVk52ckhHWVh5cnJxTHJvaDBXdFFjQUx1ZUhVUFU1c2FNMGZw?oc=5,auto-03f57b9890,auto-1183a7b0c4,fusion
2026-10-05,https://news.google.com/rss/articles/CBMihwJBVV95cUxQMlBGZVVnZEFGVG1LOXRMekVBWlRheEdDNlAzQWh2Q2JIeGJEYVVVUl9WVndWSWFxSGZUaVZCX3EzbHdtajZ6bFJHaE1ZZ2xOcklmeS0wRW1pRE83Wkk3emlXY3NrNnVjcmZTal80MUdjZWxDY3ctSVB6cEZ0UWRTNUZHNUk1RmJLR08tM0RHdEVpRlJDUnl0T3Qtd1NleUFKNFlmTmxIaUJIdERSdHJOUFB4LTBnbXhJZm04SFRrT0plMXVpOUpOQ1FTSFVGREpMYjFvM3RhNk9RTTBZamZBV3lVV0ZhcGdqN1lBNWJpeW81eE52Q3hITzBWck50OUJvZy1iZ2x6WdIBhwJBVV95cUxQMlBGZVVnZEFGVG1LOXRMekVBWlRheEdDNlAzQWh2Q2JIeGJEYVVVUl9WVndWSWFxSGZUaVZCX3EzbHdtajZ6bFJHaE1ZZ2xOcklmeS0wRW1pRE83Wkk3emlXY3NrNnVjcmZTal80MUdjZWxDY3ctSVB6cEZ0UWRTNUZHNUk1RmJLR08tM0RHdEVpRlJDUnl0T3Qtd1NleUFKNFlmTmxIaUJIdERSdHJOUFB4LTBnbXhJZm04SFRrT0plMXVpOUpOQ1FTSFVGREpMYjFvM3RhNk9RTTBZamZBV3lVV0ZhcGdqN1lBNWJpeW81eE52Q3hITzBWck50OUJvZy1iZ2x6WQ?oc=5,auto-689938bd71,auto-73a08896f9,fusion
2026-10-05,https://news.google.com/rss/articles/CBMioAFBVV95cUxPc3ZPNUdCVV9sYk1FeFc1RmdmSGFzYkYtY1VIeDl6ZGxTT3dZZ1RfU2Yxa0FULUlPX0loYXoyVTZRei12ay1hakM0Nlh1dHRnN0xScXVIdnhRaTN3b3M0cFN2MlJhWjFCZkNoLXplR3Y3dlF3UHhHb3hiY2ZqTUpBNjR5NjMyc2xIbm95c1FCcVc4MTQwWWQ4OFRhS0Q4ZDdu0gGgAUFVX3lxTE5KQ19DbkU5TUZIeERjOEsyOFQ1RV9xWmxWVE4xUXVEdXJxVWJMVkplVjV2c0Z6S3hUVWVocEUtV3V2ajVnRzNPV1M2RGdvMlJLZEhLeGVhREhQU1dKcGRCeHRGOHlNWUw4ZlByeTRkMXNjalJBdHp2T3FLWkVYMjN0RzJtaUdVNUFjazZ3M0dBNVVWcXlsUWltMzY5LVVjbVU?oc=5,auto-48b846fd16,auto-f66c5a4c05,fusion
2026-10-06,https://oem.com.mx/diariodexalapa/local/exigen-justicia-por-feminicidio-de-maria-cristina-con-ceremonia-en-veracruz-padre-exige-resultados-a-fiscalia-32255146,auto-5be2512196,auto-b480e1b6cb,fusion
2026-10-06,https://www.elfinanciero.com.mx/economia/2026/09/29/alza-de-la-deuda-publica-preocupa-edgar-amador-descarta-que-se-convierta-en-un-problema/,auto-e9f7f37986,auto-08b061e1fe,fusion
2026-10-06,https://news.google.com/rss/articles/CBMilAFBVV95cUxNdzZIZkhBejRkdjdfSFpUSlhiUXZlajdtLU5UcTMzQkgyS1RJamJxblM0VEs1SGdFYXRaQ0V5YUNlZExYeUFtNXZreld4d2RYTTF3VmkxMWwxM3dGZ3hEby0yX1poQ1pOWng5bnZucEJKanRzbE1xazJIRzM0VV96ZWprcVlPUFVpLUsweEo2S0Jzb0Ju0gGUAUFVX3lxTE13NkhmSEF6NGR2N19IWlRKWGJRdmVqN20tTlRxMzNCSDJLVElqYnFuUzRUSzVIZ0VhdFpDRXlhQ2VkTFh5QW01dmt6V3h3ZFhNMXdWaTExbDEzd0ZneERvLTJfWmhDWk5aeDludm5wQkpqdHNsTXFrMkhHMzRVX3plamtxWU9QVWktSzB4SjZLQnNvQm4?oc=5,auto-f517e64944,morena-coordinadores-2027,historia
