id,nombre,categoria,peso_politico,horizonte,resumen,actores_involucrados,responsable,fuente_nombre,fuente_url,fecha,nivel_relevancia,tipo,estado
huachicol-fiscal,Huachicol Fiscal,Seguridad Nacional,9,largo,"Red de contrabando fiscal de combustibles operada desde la Semar y aduanas de Tampico y Altamira desde 2025. Ha dejado más de 300 mil millones de pesos en afectación estimada, decenas de detenidos y al menos dos altos mandos navales procesados. En agosto de 2026 Sheinbaum declaró el problema 'prácticamente terminado', mientras la FGR mantiene investigaciones abiertas y Fernando Farías Laguna fue trasladado a México tras su detención en Argentina.",farias_fernando;farias_manuel;roberto_blanco_cantu;ernesto_ruffo;ojeda;riestra_fernandez;goicoechea;adan_augusto;andy;solano_ruiz;torres_joaquin;soto_picha;gonzalez_hemadi;tijerina_mendoza;sheinbaum;gertz;jesus_ramirez_cuevas,garcia_harfuch,Infobae,https://www.infobae.com/mexico/2026/08/21/buques-empresas-fantasma-y-servidores-publicos-corruptos-el-mapa-del-huachicol-fiscal-que-llevo-a-farias-laguna-al-altiplano/,21/08/2026,1,completo,activo
visa-de-andy,Visa de Andy,Relación Bilateral,8,corto,"Estados Unidos revocó en agosto de 2026 la visa de Andrés Manuel López Beltrán, hijo de AMLO, con versiones de que sus hermanos José Ramón y Gonzalo también fueron notificados. Sheinbaum calificó el hecho como 'injerencia' política; Andy acusó por carta a Marco Rubio y Christopher Landau. El caso se lee en Palacio Nacional como una señal dirigida al propio AMLO.",andy;amlo;sheinbaum;trump;rubio;landau,sheinbaum,El Universal (Mario Maldonado),https://www.eluniversal.com.mx/opinion/mario-maldonado/la-reaccion-de-sheinbaum-a-la-carta-de-andy/,17/08/2026,1,completo,cerrado
visas-politicos-eeuu,Revocación de Visas a Políticos Mexicanos,Relación Bilateral,8,largo,"El gobierno de Trump ha revocado la visa estadounidense de al menos 50 políticos y funcionarios mexicanos señalados por presuntos vínculos con el narcotráfico, según Reuters, incluyendo a la gobernadora de Baja California Marina del Pilar Ávila y, en agosto de 2026, a Andy López Beltrán. La lista completa no ha sido confirmada públicamente.",marina_pilar;trump;sheinbaum;andy;rubio;sergio_salomon,trump,ProPublica,https://www.propublica.org/article/trump-mexico-travel-visa-restrictions-politicians-sheinbaum,01/01/2026,1,completo,activo
reconfiguracion-gabinete-2026,Reconfiguración del Gabinete 2026,Gobernabilidad,7,mediano,"Sheinbaum ha acelerado desde finales de 2025 una reorganización de su gabinete legal y ampliado -al menos 15 relevos entre secretarías y organismos descentralizados- en áreas como relaciones exteriores, hacienda, bienestar y consejería jurídica, leída como antesala de la estrategia electoral 2027.",sheinbaum;velasco;godoy;montiel;gertz,sheinbaum,Diario Basta!,https://diariobasta.com/2026/05/03/ajusta-sheinbaum-piezas-clave-del-gabinete/,03/05/2026,3,completo,cerrado
relevos-morena-2027,Relevos de Morena rumbo a 2027,Gobernabilidad,7,mediano,"Movimientos de perfiles clave de Sheinbaum hacia la estructura partidista de Morena -como Ariadna Montiel al frente del CEN- buscan fortalecer al partido de cara al proceso electoral de 2027, donde se disputarán 17 gubernaturas y 500 diputaciones federales.",montiel;monreal;adan_augusto;sheinbaum,montiel,Expansión Política,https://politica.expansion.mx/mexico/2026/04/29/cambios-gabinete-sheinbaum-para-tomar-control-en-morena,29/04/2026,3,completo,activo
tmec-revision,Revisión del T-MEC,Economía,8,mediano,"México negocia la revisión del T-MEC en un proceso crítico para la relación comercial con Estados Unidos y Canadá; la Secretaría de Economía, encabezada por Marcelo Ebrard, coordina la negociación con apoyo de asesores especializados en temas agroalimentarios.",ebrard;sheinbaum,ebrard,La Silla Rota,https://lasillarota.com/nacion/2026/5/1/gobierno-de-claudia-sheinbaum-estos-son-los-cambios-que-ha-habido-en-su-gabinete-592962.html,01/05/2026,1,completo,activo
curp-biometrica,CURP Biométrica y Control Digital,Social,6,mediano,"El gobierno de Sheinbaum aprobó un paquete de leyes que centralizan el control digital y establecen la CURP biométrica como identificación oficial, en sustitución gradual de la credencial de elector, lo que generó debate sobre vigilancia y protección de datos.",sheinbaum,sheinbaum,Madison Intelligence,https://madisonintelligence.substack.com/p/9-de-julio-2025,09/07/2025,3,completo,cerrado
reforma-fiscal-2026,Reforma Fiscal Integral,Economía,6,mediano,"Morena anunció el análisis de una reforma fiscal integral orientada a mejorar la recaudación sin incrementar impuestos, como parte de la discusión presupuestal para 2026.",monreal;sheinbaum,monreal,Madison Intelligence,https://madisonintelligence.substack.com/p/9-de-julio-2025,09/07/2025,3,completo,activo
carlos-manzo,Asesinato de Carlos Manzo,Seguridad Nacional,9,largo,"El presidente municipal independiente de Uruapan, Carlos Manzo, crítico frontal del crimen organizado, fue asesinado a tiros el 1 de noviembre de 2025 durante el Festival de las Velas. El caso detonó protestas nacionales y el Plan Michoacán por la Paz y la Justicia, con más de 57 mil millones de pesos de inversión federal y 5,000 elementos de Guardia Nacional y Sedena desplegados. Al 21 de agosto de 2026 hay 31 personas detenidas y la investigación sigue activa.",manzo;sheinbaum;garcia_harfuch,garcia_harfuch,Cultura Colectiva,https://news.culturacolectiva.com/noticias/mexico/quien-es-carlos-manzo/,30/07/2026,1,completo,activo
rocha-moya-acusacion,Acusación de Narcotráfico contra Rocha Moya,Seguridad Nacional,9,mediano,"Fiscales federales del Distrito Sur de Nueva York acusaron el 29 de abril de 2026 al gobernador de Sinaloa, Rubén Rocha Moya, y a otros nueve funcionarios de ayudar al Cártel de Sinaloa a traficar drogas a cambio de sobornos y apoyo político, incluyendo una presunta reunión con hijos de 'El Chapo' antes de las elecciones de 2021. Rocha se separó del cargo, compareció como testigo ante la FGR y se reincorporó como gobernador el 21 de agosto de 2026 tras 112 días sin que la Fiscalía mexicana hallara pruebas en su contra. Es el funcionario de más alto rango de Morena acusado formalmente por la justicia estadounidense.",rocha_moya;sheinbaum;amlo;enrique_inzunza;juan_gamez;gerardo_merida;enrique_diaz_vega;damaso_castro;marco_almanzar;alito,rocha_moya,CNN en Español,https://cnnespanol.cnn.com/2026/08/21/mexico/rocha-moya-retoma-gobierno-de-sinaloa-tras-ser-acusado-por-eeuu-de-presuntos-vinculos-con-el-narco-y-los-chapitos/,21/08/2026,1,completo,activo
lista-periodistas,"Lista de Periodistas (""Derecho de Réplica"")",Social,7,corto,"El 12 de agosto de 2026, la consejera jurídica de la Presidencia, Luisa María Alcalde, proyectó en la mañanera una presentación con 54 cuentas de medios, periodistas y comentaristas críticos al gobierno, dentro del segmento 'Derecho de Réplica'. Sheinbaum defendió el ejercicio como una explicación de cómo operan las redes sociales, no como una lista negra, aunque el 18 de agosto aceptó que 'ya no se digan estos nombres' tras las críticas de organizaciones de prensa y analistas que advirtieron riesgo de estigmatización.",luisa_maria_alcalde;sheinbaum,luisa_maria_alcalde,El Financiero,https://www.elfinanciero.com.mx/nacional/2026/08/14/sheinbaum-niega-que-4t-persiga-a-periodistas-no-son-listas-son-ejemplos/,14/08/2026,2,completo,cerrado
intervencion-militar-eeuu,Amenazas de Intervención Militar de Trump,Relación Bilateral,8,largo,"Trump ha amenazado en repetidas ocasiones (mayo y agosto de 2026, entre otras) con atacar cárteles mexicanos en territorio nacional si el gobierno de Sheinbaum 'no hace la tarea', llegando a declarar que 'los cárteles gobiernan México'. Sheinbaum ha rechazado sistemáticamente cualquier despliegue de tropas estadounidenses, calificándolo como no negociable para la soberanía nacional, mientras exige a Washington frenar el tráfico de armas hacia México.",trump;sheinbaum;rubio,sheinbaum,El Informador,https://www.informador.mx/mexico/reconozcan-su-problema-sheinbaum-frena-a-trump-tras-amenaza-de-intervencion-militar-en-mexico-20260507-0059.html,07/05/2026,1,completo,activo
la-barredora,La Barredora,Seguridad Nacional,8,largo,"Grupo criminal de Tabasco -según reportes de inteligencia militar de la Sedena, consultados por Mexicanos Contra la Corrupción y la Impunidad (MCCI)- presuntamente liderado por Hernán Bermúdez Requena, exsecretario de Seguridad Pública de Tabasco con Adán Augusto López. La red operó robo de combustible en el puerto de Dos Bocas desde al menos 2025. Bermúdez huyó de México en febrero de 2025 con ficha roja de Interpol vigente; la UIF bloqueó sus cuentas y las de empresas de familiares y socios en julio de 2025.",hernan_bermudez;adan_augusto;carlos_merino;andy,adan_augusto,MCCI,https://contralacorrupcion.mx/la-barredora-hizo-negocios-con-el-tren-maya/,13/09/2025,1,completo,activo
el-mencho,"Abatimiento de ""El Mencho""",Seguridad Nacional,8,corto,"El 22 de febrero de 2026, fuerzas de seguridad mexicanas abatieron a Nemesio 'El Mencho' Oseguera Cervantes, líder del Cártel Jalisco Nueva Generación, durante un operativo militar en Tapalpa, Jalisco. El operativo detonó una ola de violencia, bloqueos e incendios en varios estados; su lugarteniente 'El Tuli' encabezó las represalias hasta ser abatido, con un saldo de al menos 25 elementos de la Guardia Nacional muertos y decenas de detenidos.",sheinbaum;garcia_harfuch,garcia_harfuch,Wikipedia (en),https://en.wikipedia.org/wiki/2026_Mexico_cartel_unrest,22/02/2026,1,completo,cerrado
sinaloa-crisis,Crisis de Violencia en Sinaloa (Chapitos vs. Mayos),Seguridad Nacional,9,largo,"Desde el 9 de septiembre de 2024, cuando Los Chapitos entregaron a Ismael 'El Mayo' Zambada a autoridades de EE.UU., Sinaloa vive la guerra interna más sangrienta del cártel en su historia. 2025 cerró con 1,654 homicidios dolosos (el año más violento desde 2011); para julio de 2026 se contabilizaban cerca de 3,000 muertos y más de 3,600 desaparecidos según Infobae, con al menos 80 policías asesinados. El gobierno de Rocha Moya, ya bajo cuestionamiento por la acusación de EE.UU. en su contra, enfrenta una de las mayores crisis de seguridad del sexenio de Sheinbaum.",rocha_moya;sheinbaum;garcia_harfuch,garcia_harfuch,Infobae,https://www.infobae.com/mexico/2026/07/03/chapos-contra-mayos-la-guerra-mas-prolongada-y-sanguinaria-del-cartel-de-sinaloa-desde-su-fundacion/,03/07/2026,1,completo,activo
gusano-barrenador,Gusano Barrenador y Frontera Ganadera,Economía,6,mediano,"Plaga del gusano barrenador del ganado (Cochliomyia hominivorax), reaparecida en México desde noviembre de 2024, llevó a EE.UU. a cerrar su frontera a la exportación de ganado en pie mexicano por más de un año, con pérdidas estimadas en 592-2,800 millones de dólares según distintas fuentes del sector. México respondió con una planta de moscas estériles en Chiapas; la frontera reabrió de forma gradual a partir del 24 de agosto de 2026, empezando por Sonora.",sheinbaum,sheinbaum,El Financiero,https://www.elfinanciero.com.mx/nacional/2026/08/22/ganaderos-mexicanos-se-preparan-para-exportar-a-eu-enfrentaran-filtros-para-evitar-al-gusano-barrenador/,22/08/2026,1,completo,activo
reforma-judicial-jueces,Reforma Judicial — Elección de Jueces,Gobernabilidad,9,largo,"Reforma constitucional impulsada por AMLO y continuada por Sheinbaum que instauró la elección por voto popular de jueces, magistrados y ministros — el primer país del mundo en hacerlo. Aprobada en septiembre de 2024, con la primera elección judicial en junio de 2025 (participación de solo ~13%), y ajustes posteriores en 2026 que posponen la siguiente elección a 2028.",,,,,,1,completo,activo
desaparicion-organismos-autonomos,Desaparición de Organismos Autónomos,Gobernabilidad,8,largo,"Reforma constitucional (iniciativa de AMLO, respaldada por Sheinbaum) que desapareció 7 organismos autónomos — INAI, Cofece, IFT, Coneval, CRE, CNH y Mejoredu — transfiriendo sus funciones a dependencias del gobierno federal. Aprobada en diciembre de 2024; el INAI formalizó su extinción en marzo de 2025. Criticada por la oposición y sociedad civil como un golpe a los contrapesos institucionales.",,,,,,1,completo,activo
extradicion-29-narcotraficantes,Extradición Masiva de 29 Narcotraficantes a EE.UU.,Relación Bilateral,9,corto,"El 27 de febrero de 2025, México extraditó a Estados Unidos a 29 narcotraficantes de alto perfil —incluidos Rafael Caro Quintero y los hermanos Treviño Morales (Z-40 y Z-42)— en la mayor operación de este tipo en la historia reciente del país. La acción se dio días antes del plazo de Trump para imponer aranceles del 25% a México por el tráfico de fentanilo, y fue leída como un gesto de la presidenta Sheinbaum para evitar sanciones económicas.",,,,,,1,completo,activo
aranceles-trump-mexico,Guerra de Aranceles de Trump contra México,Economía,9,largo,"Saga arancelaria iniciada cuando Trump, ya como presidente electo, anunció en noviembre de 2024 aranceles del 25% a México por fentanilo y migración irregular. Se ha extendido por meses con negociaciones directas entre Sheinbaum y Trump: pausas, extensiones de 90 días, y aranceles específicos a acero, aluminio y automóviles que se han mantenido vigentes pese a las conversaciones.",,,,,,1,completo,activo
rancho-izaguirre-teuchitlan,Rancho Izaguirre — Crematorios Clandestinos en Teuchitlán,Seguridad Nacional,9,largo,"El colectivo Guerreros Buscadores de Jalisco descubrió en marzo de 2025 crematorios clandestinos y cientos de pertenencias personales en el Rancho Izaguirre, Teuchitlán — un predio ya intervenido dos veces antes (septiembre 2024 y enero 2025) sin que las autoridades detectaran la magnitud del sitio, vinculado al CJNG. El caso generó indignación nacional e internacional por las omisiones de las autoridades estatales de Jalisco y reabrió el debate sobre la crisis de desapariciones forzadas en el país.",,,,,,1,completo,activo
ovidio-guzman-culpabilidad,Ovidio Guzmán se Declara Culpable en EE.UU.,Relación Bilateral,8,largo,"Ovidio Guzmán López (""El Ratón""), hijo de ""El Chapo"" y líder de ""Los Chapitos"", se declaró culpable el 11 de julio de 2025 ante una corte de Chicago por cargos de narcotráfico, lavado de dinero y armas — el primer hijo de El Chapo en llegar a un acuerdo con la justicia estadounidense, comprometiéndose a cooperar y entregar información, lo que podría incluir a políticos y empresarios mexicanos. Su abogado generó controversia al calificar a Sheinbaum de ""vocera de relaciones públicas"" del narcotráfico.",,,,,,1,completo,activo
plan-mexico-industrial,Plan México — Política Industrial,Economía,7,largo,"Estrategia de reindustrialización presentada por Sheinbaum el 13 de enero de 2025, al cumplir 100 días de gobierno — 13 metas y 18 programas para atraer inversión, sustituir importaciones (particularmente de China) y ubicar a México entre las 10 economías más grandes del mundo para 2030. Incluye los Polos de Desarrollo Económico del Bienestar (PODEBIS) como componente clave.",,,,,,2,completo,activo
reforma-ley-amparo,Reforma a la Ley de Amparo,Gobernabilidad,8,largo,"Reforma impulsada por Sheinbaum a la Ley de Amparo, presentada el 15 de septiembre de 2025, que endurece los requisitos para promover el recurso legal clave en la protección de derechos humanos frente a actos de autoridad. Generó tensión pública cuando Morena agregó en el Senado un artículo transitorio para aplicar la reforma retroactivamente a casos en trámite — medida que la propia Sheinbaum criticó en su mañanera por violar la Constitución, obligando a corregirla durante el proceso legislativo.",,,,,,1,completo,activo
ley-telecomunicaciones-2025,Nueva Ley de Telecomunicaciones y Radiodifusión,Social,7,largo,"Reforma que sustituye la Ley Federal de Telecomunicaciones de 2014, desaparece el IFT y crea la Agencia de Transformación Digital y Telecomunicaciones (ATDT). La oposición la calificó de ""Ley Censura"" y ""Ley Espía"" por un artículo (109, luego eliminado) que permitía bloquear plataformas digitales, y por vincular el registro de líneas celulares a la CURP biométrica. El gobierno defendió que no hay censura y que restituye derechos de audiencias.",,,,,,2,completo,activo
ruptura-diplomatica-ecuador,Ruptura Diplomática con Ecuador,Relación Bilateral,7,largo,"México rompió relaciones diplomáticas con Ecuador el 5 de abril de 2024, bajo AMLO, tras la irrupción de la policía ecuatoriana en la embajada mexicana en Quito para detener al exvicepresidente Jorge Glas, asilado ahí. Sheinbaum heredó la crisis y ha mantenido la postura de no reanudar relaciones mientras Daniel Noboa sea presidente de Ecuador, mientras México sostiene una demanda contra Ecuador ante la Corte Internacional de Justicia.",,,,,,2,completo,activo
mayo-zambada-sentencia,"Declaración de Culpabilidad y Sentencia de ""El Mayo"" Zambada",Seguridad Nacional,9,largo,"Ismael ""El Mayo"" Zambada, cofundador y líder histórico del Cártel de Sinaloa, capturado en julio de 2024, se declaró culpable el 25 de agosto de 2025 ante corte federal de Nueva York por narcotráfico, lavado de dinero y liderar una empresa criminal continua desde 1989. Fue sentenciado a cadena perpetua el 20 de julio de 2026 por el juez Brian Cogan.",mayo_zambada,mayo_zambada,Univision / Telemundo,https://www.univision.com/local/nueva-york-wxtv/sentencian-isamel-el-mayo-zambada-nueva-york,20/07/2026,1,completo,concluido
eleccion-judicial-2025,Primera Elección Judicial Popular de México,Gobernabilidad,9,largo,"El 1 de junio de 2025 México celebró su primera elección de jueces, magistrados y ministros de la Suprema Corte por voto directo, resultado de la reforma judicial de 2024. La participación fue de apenas 12.6-13.3% del padrón (INE), con más votos nulos que votos para los candidatos más votados. Sheinbaum calificó el proceso de ""éxito histórico""; especialistas advirtieron riesgos para la independencia judicial. Hugo Aguilar Ortiz resultó el más votado para la Suprema Corte, perfilándose como su primer presidente bajo el nuevo esquema.",,,CNN en Español / Infobae / France 24,https://cnnespanol.cnn.com/mexico/live-news/elecciones-judiciales-mexico-2025-resultados-orix,01/06/2025,1,completo,concluido
segundo-informe-gobierno-2026,Segundo Informe de Gobierno de Claudia Sheinbaum,Gobernabilidad,8,corto,"El 1 de septiembre de 2026, Sheinbaum presentó su Segundo Informe de Gobierno desde el Patio de Honor de Palacio Nacional, cumpliendo el mandato del Artículo 69 constitucional. Canceló su mañanera ese día. Destacó récord de inversión extranjera directa (34,968 mdd), caída de 51% en homicidios dolosos diarios (42.5/día), incremento del salario mínimo (154% desde 2019) y estabilidad económica pese a los aranceles de Trump y la guerra Irán-EE.UU. Aprobación ciudadana de 68% según encuesta de El Financiero (agosto 2026), aunque con fuerte caída en percepción de seguridad (76% de opiniones negativas). Inicia gira por los 32 estados desde el 3 de septiembre, con cierre en el Zócalo capitalino a finales de mes.",,sheinbaum,El Financiero,https://www.elfinanciero.com.mx/nacional/2026/09/01/mantiene-sheinbaum-aprobacion-de-68-en-agosto-encuesta-ef/,01/09/2026,1,completo,activo
investigacion-grecia-quiroz,Investigación sobre posible vínculo de Grecia Quiroz con el crimen de Carlos Manzo,Seguridad Nacional,8,mediano,"Desde el 26 de agosto de 2026, la Fiscalía de Michoacán abrió una nueva línea de investigación sobre un presunto vínculo entre Grecia Quiroz (alcaldesa de Uruapan, viuda de Carlos Manzo) y Samuel García Rivero, exfuncionario municipal señalado de compartir información sobre los movimientos de Manzo con el CJNG antes del atentado. Una exsecretaria de Manzo declaró que García Rivero llegó al ayuntamiento por recomendación de Quiroz. El hermano de Manzo, Juan Manzo (subsecretario de Gobierno de Michoacán), acusó públicamente a Quiroz de obstaculizar la investigación al no entregar oportunamente los celulares de Carlos Manzo. Quiroz rechaza cualquier relación ilícita, califica los señalamientos de persecución política y pidió a la FGR atraer el caso.",,,La Silla Rota / Infobae / El Siglo de Torreón,https://www.infobae.com/mexico/2026/08/28/la-fiscalia-de-michoacan-pidio-otra-vez-a-grecia-quiroz-los-celulares-de-carlos-manzo-tras-acusaciones-en-su-contra/,29/08/2026,3,completo,activo
auto-3dc8440e55,"""Marie"" alcanzaría categoría 2 como huracán; descubre si impactará en México",Gobernabilidad,5,corto,"""Marie"" alcanzaría categoría 2 como huracán; descubre si impactará en México",,,,,,3,completo,activo
auto-4cbf8f2e71,Conferencia de prensa matutina de la presidenta Claudia Sheinbaum | Minuto a min,Gobernabilidad,5,corto,Conferencia de prensa matutina de la presidenta Claudia Sheinbaum | Minuto a minuto - Grupo Animal,,,,,,3,completo,activo
auto-58c4fa9e35,"¿Terry Cole “promueve” a Harfuch? EU siempre ha buscado dividirnos, dice Sheinba",Social,5,corto,"¿Terry Cole “promueve” a Harfuch? EU siempre ha buscado dividirnos, dice Sheinbaum - SinEmbargo",,,,,,3,informativo,activo
auto-ca69e07782,"Claudia Sheinbaum reconoce ""compleja relación"" con Estaos Unidos tras imposición",Relación Bilateral,5,corto,"Claudia Sheinbaum reconoce ""compleja relación"" con Estaos Unidos tras imposición de aranceles - El Heraldo de México",,,,,,3,completo,activo
auto-05fd716ae4,Sheinbaum ataja las críticas a su gestión: “Esta idea de que López Obrador está ,Gobernabilidad,5,corto,Sheinbaum ataja las críticas a su gestión: “Esta idea de que López Obrador está detrás es muy machista” - elpais.com,,,,,,3,completo,activo
auto-a4e0825e5a,Sheinbaum tiene lista la maleta: Estos son los primeros estados que visitará por,Gobernabilidad,5,corto,Sheinbaum tiene lista la maleta: Estos son los primeros estados que visitará por su Segundo Informe - El Financiero,,,,,,3,completo,activo
auto-1707cdcc27,Sheinbaum adelanta reformas para pymes y economía digital en el Paquete Económic,Gobernabilidad,5,corto,Sheinbaum adelanta reformas para pymes y economía digital en el Paquete Económico 2027 - Yahoo,,,,,,3,completo,activo
auto-550e05291d,Sheinbaum minimiza meta de Alito Moreno de regresar al poder en 2030 - El Univer,Gobernabilidad,5,corto,Sheinbaum minimiza meta de Alito Moreno de regresar al poder en 2030 - El Universal,,,,,,3,completo,activo
auto-dfc70a7131,Sheinbaum destaca proyectos estratégicos para Veracruz - Yahoo,Gobernabilidad,5,corto,Sheinbaum destaca proyectos estratégicos para Veracruz - Yahoo,,,,,,3,completo,activo
auto-cf305ce8bf,"Sheinbaum acusa intentos de división desde EU y afirma que ""se topan con pared"" ",Gobernabilidad,5,corto,"Sheinbaum acusa intentos de división desde EU y afirma que ""se topan con pared"" - El Economista",,,,,,3,completo,activo
auto-c2d73704d8,Sheinbaum y la reducción de la violencia: ¿de qué país habla porque en México no,Seguridad Nacional,5,corto,Sheinbaum y la reducción de la violencia: ¿de qué país habla porque en México no sucede? - Revista Espejo,,,,,,3,completo,activo
auto-3912652253,Gobierno de Sheinbaum aumenta 31% el padrón de programas sociales rumbo a las el,Gobernabilidad,5,corto,Gobierno de Sheinbaum aumenta 31% el padrón de programas sociales rumbo a las elecciones de 2027 - LatinUS,,,,,,3,completo,activo
auto-c28af28b42,"AMLO ha sido respetuoso, no ha habido una sola llamada: Sheinbaum - El Heraldo d",Gobernabilidad,5,corto,"AMLO ha sido respetuoso, no ha habido una sola llamada: Sheinbaum - El Heraldo de México",,,,,,3,completo,activo
auto-10f212e5e5,🗳️📌 SHEINBAUM ANTICIPA MOVILIZACIONES SI HAY INJERENCIA DE ESTADOS UNIDOS Claudi,Relación Bilateral,5,corto,🗳️📌 SHEINBAUM ANTICIPA MOVILIZACIONES SI HAY INJERENCIA DE ESTADOS UNIDOS Claudia Sheinbaum adelantó que su gobierno podría recurrir a movilizaciones si considera que existe intervención extranjera en asuntos de México. “Si es necesa - x.com,,,,,,3,completo,activo
auto-b222e927b0,Sheinbaum presume avances en salud y educación pero especialistas advierten reza,Gobernabilidad,5,corto,Sheinbaum presume avances en salud y educación pero especialistas advierten rezagos - Buzos de la noticia,,,,,,3,completo,activo
auto-7539214bf2,Sheinbaum acusa a EE.UU. de usar tácticas de 'injerencia' para dividir a su Gobi,Gobernabilidad,5,corto,Sheinbaum acusa a EE.UU. de usar tácticas de 'injerencia' para dividir a su Gobierno - Aristegui Noticias,,,,,,1,completo,activo
auto-d6d92f644c,Nepal pide a turistas no cancelar viajes para apoyar a damnificados: ‘Destinos t,Gobernabilidad,5,corto,Nepal pide a turistas no cancelar viajes para apoyar a damnificados: ‘Destinos turísticos son seguros’,,,,,,3,informativo,activo
auto-228e1e9f00,Chevron ayudará a Trump a ‘explotar’ el petróleo de Venezuela: Invertirá 7 mmd p,Relación Bilateral,5,corto,Chevron ayudará a Trump a ‘explotar’ el petróleo de Venezuela: Invertirá 7 mmd para duplicar producción,,,,,,3,informativo,activo
auto-2383a2e7c0,"Claudia Sheinbaum marca diferencia con AMLO: él en la reflexión, “la acción nos ",Gobernabilidad,5,corto,"Claudia Sheinbaum marca diferencia con AMLO: él en la reflexión, “la acción nos toca a otros” - Infobae",,,,,,3,completo,activo
auto-f14c3b7c7a,"DEA busca dividir al gobierno mexicano, acusa Sheinbaum tras declaraciones sobre",Gobernabilidad,5,corto,"DEA busca dividir al gobierno mexicano, acusa Sheinbaum tras declaraciones sobre García Harfuch - El Imparcial",,,,,,3,completo,activo
auto-8c5c29d450,La responsabilidad de Sheinbaum Pardo para evitar que se hunda Morena - Línea Po,Gobernabilidad,5,corto,La responsabilidad de Sheinbaum Pardo para evitar que se hunda Morena - Línea Política,,,,,,3,completo,activo
auto-89457be41c,Wall Street abre con ganancias por ajustes en precios de acciones: ¿Cómo opera H,Gobernabilidad,5,corto,Wall Street abre con ganancias por ajustes en precios de acciones: ¿Cómo opera HOY?,,,,,,3,informativo,activo
auto-d97d4305b4,"Sheinbaum: López Obrador ""ha sido sumamente respetuoso con nuestro gobierno"" - L",Gobernabilidad,5,corto,"Sheinbaum: López Obrador ""ha sido sumamente respetuoso con nuestro gobierno"" - López-Dóriga Digital",,,,,,3,completo,activo
auto-f27936fb50,"Elogios a García Harfuch, táctica de injerencia de EU: Sheinbaum - La Silla Rota",Gobernabilidad,5,corto,"Elogios a García Harfuch, táctica de injerencia de EU: Sheinbaum - La Silla Rota",,,,,,3,completo,activo
auto-91f4bc0944,Sheinbaum rechaza una detención de Rocha sin sustento para México - Rotativo,Gobernabilidad,5,corto,Sheinbaum rechaza una detención de Rocha sin sustento para México - Rotativo,,,,,,3,completo,activo
auto-2620f7266e,"Los lujos de la titular de Turismo y su prometido: relojes Rolex, Cartier y un a",Gobernabilidad,5,corto,"Los lujos de la titular de Turismo y su prometido: relojes Rolex, Cartier y un anillo de diamantes",,,,,,3,informativo,activo
auto-56938d65bf,Estados Unidos pone a la venta una moneda con el rostro del presidente Donald Tr,Relación Bilateral,5,corto,Estados Unidos pone a la venta una moneda con el rostro del presidente Donald Trump,,,,,,3,completo,activo
auto-3faa7d0d06,Ojo de Tinta: “Acción Mariaelenacional”,Gobernabilidad,5,corto,Ojo de Tinta: “Acción Mariaelenacional”,,,,,,3,completo,activo
auto-7b1ae4da73,"Uber sacude su estructura y elimina 3,300 empleos a nivel mundial",Gobernabilidad,5,corto,"Uber sacude su estructura y elimina 3,300 empleos a nivel mundial",,,,,,3,informativo,activo
auto-01cd360743,Choque de taxi y autobús en la carretera Amozoc-Nautla deja tres personas lesion,Seguridad Nacional,5,corto,Choque de taxi y autobús en la carretera Amozoc-Nautla deja tres personas lesionadas,,,,,,3,completo,activo
auto-422c0710a5,Unidad 4T: del dicho al hecho,Economía,5,corto,Unidad 4T: del dicho al hecho,,,,,,3,informativo,activo
auto-b55424439d,Talento en el karate,Gobernabilidad,5,corto,Talento en el karate,,,,,,3,informativo,activo
auto-e3d9250680,Fiestas patrias ya tiene a su representante en Nacajuca,Gobernabilidad,5,corto,Fiestas patrias ya tiene a su representante en Nacajuca,,,,,,3,completo,activo
auto-46d69367c3,#UnoHastaElFondo | “El segundo Informe de gobierno de la presidenta Sheinbaum en,Gobernabilidad,5,corto,"#UnoHastaElFondo | “El segundo Informe de gobierno de la presidenta Sheinbaum entró de inmediato por el túnel de la realidad alterna y salió a la luz de un paraíso de problemas resueltos. Los escandalosos casos de corrupción no existen, lo que hemos vi - facebook.com",,,,,,3,completo,activo
auto-4f6a578e43,Sheinbaum rechaza pugna con López Obrador y acusa una visión machista contra su ,Gobernabilidad,5,corto,Sheinbaum rechaza pugna con López Obrador y acusa una visión machista contra su gobierno - alcanzandoelconocimiento.com,,,,,,3,completo,activo
auto-7431fa1918,Sujetos armados atacan a tiros al coordinador de Protección Civil de Mazatlán,Gobernabilidad,5,corto,Sujetos armados atacan a tiros al coordinador de Protección Civil de Mazatlán,,,,,,3,informativo,activo
auto-edadb8ce04,Cecilia Patrón Laviada considera un reto mantener el crecimiento ordenado de Mér,Gobernabilidad,5,corto,Cecilia Patrón Laviada considera un reto mantener el crecimiento ordenado de Mérida,,,,,,3,informativo,activo
auto-572df17654,¡Prepare el bolsillo! Analizan subir el precio de la cerveza y gravar sopas inst,Gobernabilidad,5,corto,¡Prepare el bolsillo! Analizan subir el precio de la cerveza y gravar sopas instantáneas,,,,,,3,informativo,activo
auto-3888f6a008,¿Por qué tiembla en México? La explicación científica detrás de la “coincidencia,Gobernabilidad,5,corto,¿Por qué tiembla en México? La explicación científica detrás de la “coincidencia” de septiembre,,,,,,3,completo,activo
auto-772a5743be,¡Alerta en 5 Señores! Marina y Fiscalía irrumpen en inmueble sobre Periférico,Seguridad Nacional,5,corto,¡Alerta en 5 Señores! Marina y Fiscalía irrumpen en inmueble sobre Periférico,,,,,,3,informativo,activo
auto-9317990416,Diputados de Veracruz ganan hasta 65 mil pesos mensuales; Congreso detiene descu,Economía,5,corto,Diputados de Veracruz ganan hasta 65 mil pesos mensuales; Congreso detiene descuentos a quienes justifican inasistencias,,,,,,3,completo,activo
auto-c7e27cc0a4,"Eric Domínguez, subsecretario de Sefiplan, niega “padrinazgo” en su aspiración p",Gobernabilidad,5,corto,"Eric Domínguez, subsecretario de Sefiplan, niega “padrinazgo” en su aspiración para dirigir el Orfis",,,,,,3,informativo,activo
auto-9cdea0ad45,Guatemala reabre cruces fronterizos con México tras bloqueos por combustibles,Social,5,corto,Guatemala reabre cruces fronterizos con México tras bloqueos por combustibles,,,,,,1,completo,activo
auto-0ebc91bcca,Pesca en la laguna de Cabildo cae de 75 a 20 toneladas por temporada,Gobernabilidad,5,corto,Pesca en la laguna de Cabildo cae de 75 a 20 toneladas por temporada,,,,,,3,informativo,activo
auto-995d1fce6a,“Son tiempos de zopilotes”: May acusa aprovechamiento político por falta de agua,Social,5,corto,“Son tiempos de zopilotes”: May acusa aprovechamiento político por falta de agua,,,,,,3,informativo,activo
auto-a8e45df92d,Un florete tabasqueño,Gobernabilidad,5,corto,Un florete tabasqueño,,,,,,3,informativo,activo
auto-4a4ddad935,"Con protesta en escuela de Momoxpan, despiden a conserje acusado de trabajar ebr",Social,5,corto,"Con protesta en escuela de Momoxpan, despiden a conserje acusado de trabajar ebrio",,,,,,1,completo,activo
auto-8e22d39c6f,Habrá ley seca el 15 de septiembre en el primer cuadro del centro de Puebla,Gobernabilidad,5,corto,Habrá ley seca el 15 de septiembre en el primer cuadro del centro de Puebla,,,,,,3,completo,activo
auto-c4363a69d5,El dinero y las mujeres,Gobernabilidad,5,corto,El dinero y las mujeres,,,,,,3,informativo,activo
auto-b9a5e3fbe3,Francisco Garduño falta a audiencia por incendio del INM; juez difiere caso sin ,Social,5,corto,Francisco Garduño falta a audiencia por incendio del INM; juez difiere caso sin nueva fecha,,,,,,3,informativo,activo
auto-e6261fe5ff,Iniciativa de doble nacionalidad será discutida en comisiones el 9 de septiembre,Gobernabilidad,5,corto,Iniciativa de doble nacionalidad será discutida en comisiones el 9 de septiembre,,,,,,3,completo,activo
auto-d88f079137,Explica Maru Campos ausencia en informe de Sheinbaum y reitera disposición al di,Gobernabilidad,5,corto,Explica Maru Campos ausencia en informe de Sheinbaum y reitera disposición al diálogo - ADN | A Diario Network,,,,,,3,completo,activo
auto-1898627732,Donald Trump presume que en Latinoamérica “todos están yendo hacia la derecha”,Relación Bilateral,5,corto,Donald Trump presume que en Latinoamérica “todos están yendo hacia la derecha”,,,,,,3,informativo,activo
auto-ff0161cbbe,Reconocimiento sindical y advertencias analíticas marcan lectura del Informe lab,Gobernabilidad,5,corto,Reconocimiento sindical y advertencias analíticas marcan lectura del Informe laboral de Sheinbaum - El Economista,,,,,,3,informativo,activo
auto-d06e8791a7,Delcy Rodríguez dice que sí habrá elecciones... pero cuando Venezuela ‘esté prep,Social,5,corto,Delcy Rodríguez dice que sí habrá elecciones... pero cuando Venezuela ‘esté preparada’,,,,,,3,informativo,activo
auto-77fe72c06b,"Noroña dice que tendrá ‘relación telepática’ con Higinio Martínez, nuevo preside",Social,5,corto,"Noroña dice que tendrá ‘relación telepática’ con Higinio Martínez, nuevo presidente del Senado",,,,,,1,completo,activo
auto-272bf9dd0d,"ASUR cierra compra de 20 aeropuertos en Brasil, Ecuador, Costa Rica y Curazao po",Gobernabilidad,5,corto,"ASUR cierra compra de 20 aeropuertos en Brasil, Ecuador, Costa Rica y Curazao por 992 mdd",,,,,,3,informativo,activo
auto-cab730481f,Piden a la ONU un “mecanismo extraordinario” ante la crisis de desapariciones en,Relación Bilateral,5,corto,Piden a la ONU un “mecanismo extraordinario” ante la crisis de desapariciones en México,,,,,,3,completo,activo
auto-0d61cdf990,"Fuerzas federales sitian hospital por sicario de Las Américas, implicado en ejec",Seguridad Nacional,5,corto,"Fuerzas federales sitian hospital por sicario de Las Américas, implicado en ejecución de empresario en Mérida",,,,,,3,informativo,activo
auto-d89d7b5a09,Embajador de EE.UU. pide a las autoridades mexicanas incautar el dinero de los c,Seguridad Nacional,5,corto,Embajador de EE.UU. pide a las autoridades mexicanas incautar el dinero de los cárteles,,,,,,3,completo,activo
auto-e79d1153bf,¡Fichaje bomba en Coapa! América presenta al español Carlos Álvarez como su nuev,Gobernabilidad,5,corto,¡Fichaje bomba en Coapa! América presenta al español Carlos Álvarez como su nuevo refuerzo,,,,,,3,completo,activo
auto-9a866c22c7,¡Tiembla Chiapas! Cinco sismos sacuden la costa en menos de dos horas,Gobernabilidad,5,corto,¡Tiembla Chiapas! Cinco sismos sacuden la costa en menos de dos horas,,,,,,3,informativo,activo
auto-84df9edfbc,Investigan hallazgo de un feto entre residuos de basura en la colonia Arboledas ,Gobernabilidad,5,corto,"Investigan hallazgo de un feto entre residuos de basura en la colonia Arboledas del Tronconal, en Xalapa",,,,,,3,informativo,activo
auto-51f1c6269f,"Olivia Gorra, Nelson Kanzela y Grupo Cañaveral de Humberto Pabón amenizarán el G",Gobernabilidad,5,corto,"Olivia Gorra, Nelson Kanzela y Grupo Cañaveral de Humberto Pabón amenizarán el Grito de Independencia en Xalapa",,,,,,3,informativo,activo
auto-16ca7f7d12,Morena y partidos tienen prohibido nepotismo: Parra por casos de Tianguismanalco,Gobernabilidad,5,corto,Morena y partidos tienen prohibido nepotismo: Parra por casos de Tianguismanalco y Acatlán,,,,,,3,completo,activo
auto-459449c796,Chiapas recupera atractivo para inversiones nacionales e internacionales - La Cr,Gobernabilidad,5,corto,Chiapas recupera atractivo para inversiones nacionales e internacionales - La Crónica de Hoy,,,,,,3,completo,activo
auto-df37e3a44f,Cablebús tiene más de 70 estudios que lo avalan: García Parra - El Universal Pue,Gobernabilidad,5,corto,Cablebús tiene más de 70 estudios que lo avalan: García Parra - El Universal Puebla,,,,,,3,completo,activo
auto-8c95067d18,"Nuestra presidenta Claudia Sheinbaum Pardo quiere mucho a Veracruz, y muestra de",Gobernabilidad,5,corto,"Nuestra presidenta Claudia Sheinbaum Pardo quiere mucho a Veracruz, y muestra de ello fueron los resultados que presentó ayer durante su Segundo Informe de Gobierno, donde nuestro estado estuvo presente con acciones y avances en cada rubro. Amo - facebook.com",,,,,,3,completo,activo
auto-511d3dcab0,Nacional | Astrid Sánchez | Niega Sheinbaum que apagón en el sureste sea por fal,Gobernabilidad,5,corto,Nacional | Astrid Sánchez | Niega Sheinbaum que apagón en el sureste sea por falta de infraestructura - La Jornada Maya,,,,,,3,completo,activo
auto-1717c07ca2,Lo que dice la psicología sobre las personas que pueden doblar la lengua en “taq,Social,5,corto,Lo que dice la psicología sobre las personas que pueden doblar la lengua en “taquito”,,,,,,3,informativo,activo
auto-fb4d93c43b,"Narcomanta en la Mérida-Campeche, firmada por el Cártel de Caborca, acusa a func",Seguridad Nacional,5,corto,"Narcomanta en la Mérida-Campeche, firmada por el Cártel de Caborca, acusa a funcionarios de corrupción",,,,,,3,informativo,activo
auto-b75e7ba45b,Caso Paola Buenrostro: Fiscalía CDMX buscará reclasificar el crimen como feminic,Seguridad Nacional,5,corto,Caso Paola Buenrostro: Fiscalía CDMX buscará reclasificar el crimen como feminicidio,,,,,,3,informativo,activo
auto-fe2d9c8294,“Lo Absurdo de lo estrambótico”: La irreverente sátira visual de Emmanuel Valdez,Gobernabilidad,5,corto,“Lo Absurdo de lo estrambótico”: La irreverente sátira visual de Emmanuel Valdez llega al corazón de Oaxaca,,,,,,3,informativo,activo
auto-9478ddbee9,¿Subirá la cerveza en México? Diputados analizan aumentar el IEPS,Economía,5,corto,¿Subirá la cerveza en México? Diputados analizan aumentar el IEPS,,,,,,3,informativo,activo
auto-b9de28388b,Nicolás Maduro tiene hasta este miércoles para pedir inmunidad ante la Justicia ,Gobernabilidad,5,corto,Nicolás Maduro tiene hasta este miércoles para pedir inmunidad ante la Justicia de EE.UU.,,,,,,3,informativo,activo
auto-85401c92ac,3 SOBRINOS DE AMLO TRABAJAN EN EL GOBIERNO DE ROCÍO NAHLE PERO “NO ES PARA ALARM,Social,5,corto,"3 SOBRINOS DE AMLO TRABAJAN EN EL GOBIERNO DE ROCÍO NAHLE PERO “NO ES PARA ALARMARSE”, DICE EL TITULAR DE LA SEGOB ESTATAL - Tribuna Campeche",,,,,,3,completo,activo
auto-28cabd871c,«Sheinbaum defendió con mentiras obras de AMLO»: Carlos Elizondo #Colaboración -,Gobernabilidad,5,corto,«Sheinbaum defendió con mentiras obras de AMLO»: Carlos Elizondo #Colaboración - José Cárdenas,,,,,,3,completo,activo
auto-ca901b56d9,¿Reportar migrantes o perder fondos de seguridad alimentaria? La nueva presión d,Social,5,corto,¿Reportar migrantes o perder fondos de seguridad alimentaria? La nueva presión de Trump a los estados,,,,,,3,informativo,activo
auto-e7da6314b3,De declarar por caso Manzo a ganar 70 mil pesos en Uruapan: ¿Qué señaló exsecret,Economía,5,corto,De declarar por caso Manzo a ganar 70 mil pesos en Uruapan: ¿Qué señaló exsecretaria sobre Samuel García?,,,,,,3,completo,activo
auto-05ccdb6a32,Lujo vs austeridad: la principal crítica en redes por reunión de hijos de AMLO c,Gobernabilidad,5,corto,Lujo vs austeridad: la principal crítica en redes por reunión de hijos de AMLO con empresarios,,,,,,3,informativo,activo
auto-ad6108042d,Aseguran mil 800 huevos de tortuga transportados ilegalmente en Chiapas; hay un ,Seguridad Nacional,5,corto,Aseguran mil 800 huevos de tortuga transportados ilegalmente en Chiapas; hay un detenido,,,,,,3,informativo,activo
auto-d2e58d7afb,El Taxista llega a Coatepec para una función de lucha libre gratuita; cartelera ,Gobernabilidad,5,corto,El Taxista llega a Coatepec para una función de lucha libre gratuita; cartelera del 5 de septiembre,,,,,,3,informativo,activo
auto-c980ba7873,"A casi 20 años del caso Ernestina Ascencio, buscan que México reconozca su respo",Gobernabilidad,5,corto,"A casi 20 años del caso Ernestina Ascencio, buscan que México reconozca su responsabilidad",,,,,,3,informativo,activo
auto-6f9a0419f2,Liberan tramo Las Trancas-Coatepec tras más de 24 horas de bloqueo; autoridades ,Gobernabilidad,5,corto,Liberan tramo Las Trancas-Coatepec tras más de 24 horas de bloqueo; autoridades prometen reencarpetarlo,,,,,,3,informativo,activo
auto-dda509b8ea,Detienen a Luis de Llano por presunto incumplimiento de sentencia en caso Sasha ,Gobernabilidad,5,corto,Detienen a Luis de Llano por presunto incumplimiento de sentencia en caso Sasha Sokol,,,,,,3,informativo,activo
auto-b3a28cb6ab,Triunfan universitarios de la UJAT en coloquio internacional de tecnología,Gobernabilidad,5,corto,Triunfan universitarios de la UJAT en coloquio internacional de tecnología,,,,,,3,completo,activo
auto-50851e4c1e,Sin necesidad de separarse del cargo para participar en reelección de diputacion,Gobernabilidad,5,corto,Sin necesidad de separarse del cargo para participar en reelección de diputaciones federales: Ariadna Montiel,,,,,,3,informativo,activo
auto-ab7247f936,Enrique Inzunza deja bancada de Morena en el Senado; votará en bloque,Gobernabilidad,5,corto,Enrique Inzunza deja bancada de Morena en el Senado; votará en bloque,,,,,,3,completo,activo
auto-97615f5eb5,Roberto Velasco visitará China para reunirse con el ministro Wang Yi el 7 de sep,Gobernabilidad,5,corto,Roberto Velasco visitará China para reunirse con el ministro Wang Yi el 7 de septiembre,,,,,,3,informativo,activo
auto-b0eef37bca,"En Cuetzalan, hallan a 2 mujeres sin vida y con signos de violencia; hay 2 deten",Seguridad Nacional,5,corto,"En Cuetzalan, hallan a 2 mujeres sin vida y con signos de violencia; hay 2 detenidos",,,,,,1,completo,activo
auto-0949cf5b9f,"Tras petición de PT, ASF iniciará auditoría de gastos en Avenida Juárez",Gobernabilidad,5,corto,"Tras petición de PT, ASF iniciará auditoría de gastos en Avenida Juárez",,,,,,3,informativo,activo
auto-e3b36e7308,"¿Te gusta el cine? En Puebla, lanzan concurso de cortos de horror para estudiant",Economía,5,corto,"¿Te gusta el cine? En Puebla, lanzan concurso de cortos de horror para estudiantes",,,,,,3,informativo,activo
auto-8a8f4af9ee,Yankuilotl será proveedora de bicicletas del Servicio Postal Mexicano: Armenta,Gobernabilidad,5,corto,Yankuilotl será proveedora de bicicletas del Servicio Postal Mexicano: Armenta,,,,,,3,informativo,activo
auto-818af887d4,Sheinbaum niega ruptura con López Obrador y descarta injerencia en su Gobierno -,Gobernabilidad,5,corto,Sheinbaum niega ruptura con López Obrador y descarta injerencia en su Gobierno - elexpres.com,,,,,,3,completo,activo
auto-ff54ae2249,"Gaby Molina Destaca Salarios Históricos, Empleo Y Estabilidad Económica Con Shei",Gobernabilidad,5,corto,"Gaby Molina Destaca Salarios Históricos, Empleo Y Estabilidad Económica Con Sheinbaum - Changoonga.com",,,,,,3,informativo,activo
auto-dd5a8d1b74,"En Puebla, hay 696,376 trabajadores de Uber y Didi registrados en IMSS; son 3.5%",Gobernabilidad,5,corto,"En Puebla, hay 696,376 trabajadores de Uber y Didi registrados en IMSS; son 3.5% del país",,,,,,3,completo,activo
auto-d379341a3b,SHEINBAUM: A LA SOMBRA DE LÓPEZ OBRADOR - Crónica Puebla,Gobernabilidad,5,corto,SHEINBAUM: A LA SOMBRA DE LÓPEZ OBRADOR - Crónica Puebla,,,,,,3,completo,activo
auto-6f74833cef,Claudia Sheinbaum oficializó el cambio al Bachillerato Nacional: ya no habrá exa,Gobernabilidad,5,corto,"Claudia Sheinbaum oficializó el cambio al Bachillerato Nacional: ya no habrá examen, pero sí doble certificación - El Cronista",,,,,,3,completo,activo
auto-ba46ac6620,"Muere el papá de Altagracia Gómez, asesora empresarial de Sheinbaum: Fue dueño d",Gobernabilidad,5,corto,"Muere el papá de Altagracia Gómez, asesora empresarial de Sheinbaum: Fue dueño de Dina y Minsa",,,,,,3,completo,activo
auto-ab3f2d6dae,Cartón de Tony: Los grandes ausentes,Gobernabilidad,5,corto,Cartón de Tony: Los grandes ausentes,,,,,,3,informativo,activo
auto-5a5d3543ae,Respaldo a Ceuta: manifestaciones en España acusan crisis migratoria,Gobernabilidad,5,corto,Respaldo a Ceuta: manifestaciones en España acusan crisis migratoria,,,,,,3,informativo,activo
auto-9d138649d6,Documentan anomalías en la Reserva Cuxtal,Gobernabilidad,5,corto,Documentan anomalías en la Reserva Cuxtal,,,,,,3,informativo,activo
auto-b7e111d102,Impulsan en G20 desarrollo de la Inteligencia Artificial en México,Gobernabilidad,5,corto,Impulsan en G20 desarrollo de la Inteligencia Artificial en México,,,,,,3,completo,activo
auto-7a6dd846df,Alerta CNDH sobre situación indigna y abusos contra médicos residentes,Social,5,corto,Alerta CNDH sobre situación indigna y abusos contra médicos residentes,,,,,,3,completo,activo
auto-49841eab7a,Familiares de personas ausentes y ONG alistan gestiones ante la ONU,Gobernabilidad,5,corto,Familiares de personas ausentes y ONG alistan gestiones ante la ONU,,,,,,3,informativo,activo
auto-cc7018d16e,Julio Hernández López: Astillero,Relación Bilateral,5,corto,Julio Hernández López: Astillero,,,,,,3,completo,activo
auto-e013071082,Se eleva en 89.3% ingreso de quienes reciben el Fondo de Pensiones para el Biene,Economía,5,corto,Se eleva en 89.3% ingreso de quienes reciben el Fondo de Pensiones para el Bienestar,,,,,,3,informativo,activo
auto-8a10f05a99,Durazo responde a crítica de Colosio a Sheinbaum: “le falta aprender y madurar”,Gobernabilidad,5,corto,Durazo responde a crítica de Colosio a Sheinbaum: “le falta aprender y madurar”,,,,,,3,completo,activo
auto-80e6ef5a3e,"Educación superior, único nivel con alza en su matrícula: Informe presidencial",Gobernabilidad,5,corto,"Educación superior, único nivel con alza en su matrícula: Informe presidencial",,,,,,3,completo,activo
auto-05538f59ea,Mario Patrón: Crisis de desaparición: un termómetro institucional,Gobernabilidad,5,corto,Mario Patrón: Crisis de desaparición: un termómetro institucional,,,,,,3,completo,activo
auto-91546c5aa6,Trump carece del mando total; otros peores que él toman las decisiones,Relación Bilateral,5,corto,Trump carece del mando total; otros peores que él toman las decisiones,,,,,,3,informativo,activo
auto-ab528dfc00,"En 10 meses hubo 6,679 acciones de búsqueda de desaparecidos: Sheinbaum",Gobernabilidad,5,corto,"En 10 meses hubo 6,679 acciones de búsqueda de desaparecidos: Sheinbaum",,,,,,3,completo,activo
auto-e2b558a507,Perfila INE rechazar otro emblema de Somos que conserva el rosa mexicano,Gobernabilidad,5,corto,Perfila INE rechazar otro emblema de Somos que conserva el rosa mexicano,,,,,,3,completo,activo
auto-4229a42d42,"Absurdo, presunta pugna con AMLO, reitera la Presidenta",Gobernabilidad,5,corto,"Absurdo, presunta pugna con AMLO, reitera la Presidenta",,,,,,3,informativo,activo
auto-1cd82e22dd,"Detienen a 'El amarillo', líder de una célula criminal vinculada con 'Los Rusos'",Gobernabilidad,5,corto,"Detienen a 'El amarillo', líder de una célula criminal vinculada con 'Los Rusos' que operaban en Acapulco: Harfuch",,,,,,3,informativo,activo
auto-8575d673e0,Honestidad para no hablar de corrupción,Relación Bilateral,5,corto,Honestidad para no hablar de corrupción,,,,,,3,informativo,activo
auto-972096446a,El futuro del fracking latinoamericano,Gobernabilidad,5,corto,El futuro del fracking latinoamericano,,,,,,3,informativo,activo
auto-00aefaf795,Boom de exportaciones y crecimiento mediocre,Gobernabilidad,5,corto,Boom de exportaciones y crecimiento mediocre,,,,,,3,informativo,activo
auto-8be4e698f6,"Plaza Grande: ¿Error o dolo? Señalamientos desde el Ejecutivo, contradictorios",Gobernabilidad,5,corto,"Plaza Grande: ¿Error o dolo? Señalamientos desde el Ejecutivo, contradictorios",,,,,,3,informativo,activo
auto-16d9e61c86,Lluvias en Yucatán dejan un “cóctel de moscos”,Gobernabilidad,5,corto,Lluvias en Yucatán dejan un “cóctel de moscos”,,,,,,3,informativo,activo
auto-337120a287,A ordenar estacionamientos en plazas comerciales: diputados,Gobernabilidad,5,corto,A ordenar estacionamientos en plazas comerciales: diputados,,,,,,3,informativo,activo
auto-2dcc78062c,Involucrados funcionarios municipales en ilícitos,Gobernabilidad,5,corto,Involucrados funcionarios municipales en ilícitos,,,,,,3,informativo,activo
auto-9bc7a87177,Concentra Oaxaca 9.9% de casos de Gusano detectados en ganado,Gobernabilidad,5,corto,Concentra Oaxaca 9.9% de casos de Gusano detectados en ganado,,,,,,3,informativo,activo
auto-db2e0eef28,Jubilados del Cobao insisten en sus finiquitos; son ignorados,Gobernabilidad,5,corto,Jubilados del Cobao insisten en sus finiquitos; son ignorados,,,,,,3,informativo,activo
auto-d8705837e4,Una mañana entre amigas,Gobernabilidad,5,corto,Una mañana entre amigas,,,,,,3,informativo,activo
auto-0e6583c035,Preparatoria No. 2 de Tapachula casi duplica su matrícula con alumnos de siete p,Gobernabilidad,5,corto,Preparatoria No. 2 de Tapachula casi duplica su matrícula con alumnos de siete países,,,,,,3,informativo,activo
auto-76ab769bc8,Los detienen arrreando ganado ajeno en Macuspana,Gobernabilidad,5,corto,Los detienen arrreando ganado ajeno en Macuspana,,,,,,3,informativo,activo
auto-40b4be774e,Intrigas gringas “topan con pared”,Relación Bilateral,5,corto,Intrigas gringas “topan con pared”,,,,,,3,informativo,activo
auto-52df7509c8,"¡877 mil no votarán en 2027! abstención, el partido más grande",Gobernabilidad,5,corto,"¡877 mil no votarán en 2027! abstención, el partido más grande",,,,,,3,completo,activo
auto-ad8d2dd2e3,"Harfuch confirma detención de ""El Amarillo"": ¿de qué se le acusa?",Gobernabilidad,5,corto,"Harfuch confirma detención de ""El Amarillo"": ¿de qué se le acusa?",,,,,,3,completo,activo
auto-94c6e55870,"Gracias al respaldo de nuestra presidenta Claudia Sheinbaum Pardo, seguimos cone",Gobernabilidad,5,corto,"Gracias al respaldo de nuestra presidenta Claudia Sheinbaum Pardo, seguimos conectando e impulsando el desarrollo de Veracruz. 🗺️📈 Con más y mejor infraestructura vial, la transformación llega a todas las regiones de nuestro estado. 🛣️❤️ #ClaudiaD - facebook.com",,,,,,3,completo,activo
auto-eab7d88dca,Adiós a las trampas en el pago de impuestos: Sheinbaum va por evadir la evasión ,Gobernabilidad,5,corto,Adiós a las trampas en el pago de impuestos: Sheinbaum va por evadir la evasión fiscal - politica.expansion.mx,,,,,,3,completo,activo
auto-cf824fdb01,"Además de la publicación de su libro, Sheinbaum invita a Petro a dar pláticas en",Gobernabilidad,5,corto,"Además de la publicación de su libro, Sheinbaum invita a Petro a dar pláticas en el Instituto Nacional de Estudios Históricos - LatinUS",,,,,,3,completo,activo
auto-7a83d34c51,"MILENIO. . #ENVIVO | Ya comienza la conferencia matutina de Claudia Sheinbaum, p",Gobernabilidad,5,corto,"MILENIO. . #ENVIVO | Ya comienza la conferencia matutina de Claudia Sheinbaum, presidenta de México, desde Palacio Nacional Sigue #LaMañaneraDelPueblo por Milenio Televisión - facebook.com",,,,,,3,completo,activo
auto-a204ca7bb6,Gobernabilidad se ha preservado en gobierno de Sheinbaum con la construcción de ,Gobernabilidad,5,corto,Gobernabilidad se ha preservado en gobierno de Sheinbaum con la construcción de paz: Rosa Icela Rodríguez - La Jornada,,,,,,3,completo,activo
auto-22b073d319,MILENIO. . ▶️ Presidente de la República de Corea vendrá a México acompañado de ,Gobernabilidad,5,corto,"MILENIO. . ▶️ Presidente de la República de Corea vendrá a México acompañado de un grupo de K-Pop, anuncia Sheinbaum; destaca temas de comercio y cultura 📺 #LaMañaneraDelPueblo por Milenio Televisión - facebook.com",,,,,,3,completo,activo
auto-148b9c7b05,"Si quieres gobernar México, debes renunciar a otra nacionalidad: Claudia Sheinba",Gobernabilidad,5,corto,"Si quieres gobernar México, debes renunciar a otra nacionalidad: Claudia Sheinbaum - zetatijuana.com",,,,,,3,completo,activo
auto-9e1a0a3380,¿Sheinbaum le ‘dará chamba’ a Gustavo Petro? Esta invitación le hizo al expresid,Gobernabilidad,5,corto,¿Sheinbaum le ‘dará chamba’ a Gustavo Petro? Esta invitación le hizo al expresidente de Colombia,,,,,,1,completo,activo
auto-af9b570b32,Irán responde a bombardeos de EE.UU. y ataca bases militares estadounidenses en ,Gobernabilidad,5,corto,Irán responde a bombardeos de EE.UU. y ataca bases militares estadounidenses en Kuwait,,,,,,3,completo,activo
auto-1519354ed3,El gobierno de Trump lanza una cacería contra un fraude electoral que nadie encu,Relación Bilateral,5,corto,El gobierno de Trump lanza una cacería contra un fraude electoral que nadie encuentra,,,,,,1,completo,activo
auto-984f07c5c6,San Sebastián Río Hondo: la ingobernabilidad ahoga la ley y secuestra a la prens,Gobernabilidad,5,corto,San Sebastián Río Hondo: la ingobernabilidad ahoga la ley y secuestra a la prensa,,,,,,3,informativo,activo
auto-1b62976749,"Seis mujeres y 22 hombres, entre los aspirantes a la titularidad del Orfis; Comi",Gobernabilidad,5,corto,"Seis mujeres y 22 hombres, entre los aspirantes a la titularidad del Orfis; Comisión Permanente realizará entrevistas el 8 y 11 de septiembre",,,,,,3,informativo,activo
auto-7c80f6b331,Cuatro días sin luz en comunidades de Tapachula; familias preparan protestas y b,Social,5,corto,Cuatro días sin luz en comunidades de Tapachula; familias preparan protestas y bloqueos,,,,,,3,informativo,activo
auto-6e13fed93e,"Presidenta lamenta fallecimiento de Raymundo Gómez, padre de Altagracia Gómez",Gobernabilidad,5,corto,"Presidenta lamenta fallecimiento de Raymundo Gómez, padre de Altagracia Gómez",,,,,,3,completo,activo
auto-4c5d753fa2,Segob destaca avances y asegura que en México “hay cero censura”,Gobernabilidad,5,corto,Segob destaca avances y asegura que en México “hay cero censura”,,,,,,3,completo,activo
auto-bfeea789a9,Gobierno del estado acompaña y protege a migrantes poblanos en Estados Unidos - ,Social,5,corto,Gobierno del estado acompaña y protege a migrantes poblanos en Estados Unidos - Gobierno del Estado de Puebla,,,,,,1,completo,activo
auto-8566a879ba,Sheinbaum defiende iniciativa para prohibir doble nacionalidad a gobernadores - ,Gobernabilidad,5,corto,Sheinbaum defiende iniciativa para prohibir doble nacionalidad a gobernadores - El Universal,,,,,,3,completo,activo
auto-25972bdda2,Ebrard viaja seguido a EU en busca de acuerdo para reducir aranceles al aluminio,Relación Bilateral,5,corto,"Ebrard viaja seguido a EU en busca de acuerdo para reducir aranceles al aluminio, acero y autos: Sheinbaum - La Jornada",,,,,,3,informativo,activo
auto-f10f2472fc,La morenista Julieta Ramírez impulsó la creación de memes contra Sheinbaum en ti,Gobernabilidad,5,corto,"La morenista Julieta Ramírez impulsó la creación de memes contra Sheinbaum en tiempos de las “corcholatas”, según conversaciones reveladas - latinus.us",,,,,,1,completo,activo
auto-b4749077e7,Carlos Slim habría 'suavizado el golpe' para grandes contribuyentes en el plan f,Gobernabilidad,5,corto,Carlos Slim habría 'suavizado el golpe' para grandes contribuyentes en el plan fiscal de Claudia Sheinbaum - EL CEO,,,,,,3,completo,activo
auto-2d8057a405,Construirán en Perú una estatua de 14 metros de altura del papa León XIV,Gobernabilidad,5,corto,Construirán en Perú una estatua de 14 metros de altura del papa León XIV,,,,,,3,informativo,activo
auto-59f34c52ae,EU reafirma colaboración con México contra los cárteles y sus finanzas,Seguridad Nacional,5,corto,EU reafirma colaboración con México contra los cárteles y sus finanzas,,,,,,1,completo,activo
auto-cef39c624f,Mantiene México separados los temas de comercio y seguridad con EUA: Sheinbaum -,Gobernabilidad,5,corto,Mantiene México separados los temas de comercio y seguridad con EUA: Sheinbaum - El Comentario,,,,,,3,completo,activo
auto-bb473f06d1,Sheinbaum revela sus decisiones patrimoniales - MILENIO,Gobernabilidad,5,corto,Sheinbaum revela sus decisiones patrimoniales - MILENIO,,,,,,3,completo,activo
auto-3b0d8822ba,"Bonos mexicanos, en top 3 de mayor rentabilidad entre mercados emergentes: Sura ",Gobernabilidad,5,corto,"Bonos mexicanos, en top 3 de mayor rentabilidad entre mercados emergentes: Sura Investments",,,,,,3,informativo,activo
auto-1ab8e8c8ad,"Avión del secretario de Seguridad Nacional de Estados Unidos, Markwayne Mullin, ",Relación Bilateral,5,corto,"Avión del secretario de Seguridad Nacional de Estados Unidos, Markwayne Mullin, aterriza de emergencia",,,,,,3,completo,activo
auto-e44925e90d,CFE interpone denuncia ante la FGR por el apagón en Yucatán,Seguridad Nacional,5,corto,CFE interpone denuncia ante la FGR por el apagón en Yucatán,,,,,,3,informativo,activo
auto-e2037f2969,¡Ni las ambulancias pasan! Bloqueo en la supercarretera a la Costa encierra a oa,Gobernabilidad,5,corto,¡Ni las ambulancias pasan! Bloqueo en la supercarretera a la Costa encierra a oaxaqueños y turistas,,,,,,3,informativo,activo
auto-bb3a5d01d5,Tecnológico de Xalapa rompe récord de nuevo ingreso; prevé matrícula total de 6 ,Gobernabilidad,5,corto,Tecnológico de Xalapa rompe récord de nuevo ingreso; prevé matrícula total de 6 mil 500 estudiantes,,,,,,3,informativo,activo
auto-3bc403d0b7,"Erandi López, rectora del Colver y familiar de AMLO, niega salario de 145 mil pe",Economía,5,corto,"Erandi López, rectora del Colver y familiar de AMLO, niega salario de 145 mil pesos: “es total y absolutamente falso”",,,,,,3,completo,activo
auto-706717c57b,Rescatan en Actopan a hombre que subió a torre de telecomunicaciones sobre Paso ,Gobernabilidad,5,corto,Rescatan en Actopan a hombre que subió a torre de telecomunicaciones sobre Paso del Cedro,,,,,,3,informativo,activo
auto-b3ec61dc96,Padres exigen cuentas por recursos de “La Escuela Es Nuestra” en secundaria,Gobernabilidad,5,corto,Padres exigen cuentas por recursos de “La Escuela Es Nuestra” en secundaria,,,,,,3,informativo,activo
auto-f69303ecec,"“Si tienes antecedentes penales, no puedes participar”: presidente de la JUCOPO",Gobernabilidad,5,corto,"“Si tienes antecedentes penales, no puedes participar”: presidente de la JUCOPO",,,,,,3,informativo,activo
auto-f697a8ac5e,¿Sufriste algún delito? FGE de Puebla permite denunciar en línea hasta 24 tipos ,Gobernabilidad,5,corto,¿Sufriste algún delito? FGE de Puebla permite denunciar en línea hasta 24 tipos de ilícitos,,,,,,3,informativo,activo
auto-d5f8e64198,"'Hay Quienes Buscan Dividirnos, Pero No lo Lograrán': Afirma Sheinbaum de Gira p",Gobernabilidad,5,corto,"'Hay Quienes Buscan Dividirnos, Pero No lo Lograrán': Afirma Sheinbaum de Gira por Morelos - N+",,,,,,3,completo,activo
auto-47ec581ea0,Sheinbaum llama a nuevos cadetes militares a poner a México por encima de intere,Gobernabilidad,5,corto,Sheinbaum llama a nuevos cadetes militares a poner a México por encima de intereses personales - Nación321,,,,,,3,completo,activo
auto-4f127a43d9,Resultados Chispazo de las Tres HOY: números ganadores del jueves 3 de septiembr,Gobernabilidad,5,corto,Resultados Chispazo de las Tres HOY: números ganadores del jueves 3 de septiembre 2026 de la Lotería Nacional,,,,,,3,completo,activo
auto-977e578517,"Presentan el libro 'Medir la corrupción', coordinado por Nancy García Vázquez; a",Gobernabilidad,5,corto,"Presentan el libro 'Medir la corrupción', coordinado por Nancy García Vázquez; analiza trabajos para terminar con la problemática",,,,,,3,completo,activo
auto-b1d757ef82,STUNAM pide incremento de presupuesto para mejorar salarios de los trabajadores,Gobernabilidad,5,corto,STUNAM pide incremento de presupuesto para mejorar salarios de los trabajadores,,,,,,3,completo,activo
auto-26a7bd961c,María Corina Machado critica ‘suavecito’ acuerdo petrolero de Trump: ‘Desconocem,Relación Bilateral,5,corto,María Corina Machado critica ‘suavecito’ acuerdo petrolero de Trump: ‘Desconocemos cómo nos beneficia’,,,,,,3,informativo,activo
auto-642994a56b,Aseguran precursores químicos para fabricar drogas sintéticas,Gobernabilidad,5,corto,Aseguran precursores químicos para fabricar drogas sintéticas,,,,,,3,informativo,activo
auto-7db04787f7,Arrestan al presunto asesino de la modelo Agostina Jalabert. ICE da nuevos detal,Social,5,corto,Arrestan al presunto asesino de la modelo Agostina Jalabert. ICE da nuevos detalles: 3 años siguieron su rastro,,,,,,3,informativo,activo
auto-4a1023c56b,Salinas habría ordenado matar al subcomandante Marcos; “El Grande” recibió la mi,Social,5,corto,"Salinas habría ordenado matar al subcomandante Marcos; “El Grande” recibió la misión, revela Anabel Hernández",,,,,,3,completo,activo
auto-31e0fabfba,¿Tu celular termina en 2? Esta es la fecha límite para vincular tu línea o perde,Gobernabilidad,5,corto,¿Tu celular termina en 2? Esta es la fecha límite para vincular tu línea o perderás el servicio,,,,,,1,completo,activo
auto-c96f2c3645,Volcadura provoca derrame de 12 mil litros de ácido sulfúrico en carretera de So,Gobernabilidad,5,corto,Volcadura provoca derrame de 12 mil litros de ácido sulfúrico en carretera de Sonora,,,,,,3,informativo,activo
auto-896ee45fdc,Médicos residentes del HAEV protestan nuevamente por desabasto de insumos; se po,Social,5,corto,Médicos residentes del HAEV protestan nuevamente por desabasto de insumos; se posponen hasta 15 cirugías diarias,,,,,,3,completo,activo
auto-d5b1a4b84d,Padres exigen destitución de directora de la primaria Benito Juárez en Xalapa po,Gobernabilidad,5,corto,Padres exigen destitución de directora de la primaria Benito Juárez en Xalapa por encubrir a maestro señalado de acoso,,,,,,3,completo,activo
auto-832f1c0529,Asume Laura Itzel Castillo cargo de secretaria de las Mujeres,Gobernabilidad,5,corto,Asume Laura Itzel Castillo cargo de secretaria de las Mujeres,,,,,,3,informativo,activo
auto-f7884a1fcc,Puebla fue resguardo de grupos delictivos por años; operativos seguirán: SSP,Gobernabilidad,5,corto,Puebla fue resguardo de grupos delictivos por años; operativos seguirán: SSP,,,,,,3,completo,activo
auto-8bb9996c52,"Detienen en Jalisco a 3 hombres buscados por el FBI, acusados de fraude y lavado",Relación Bilateral,5,corto,"Detienen en Jalisco a 3 hombres buscados por el FBI, acusados de fraude y lavado de dinero",,,,,,1,completo,activo
auto-5e3e474940,Amnistía Internacional señala omisiones sobre derechos humanos en el informe de ,Social,5,corto,Amnistía Internacional señala omisiones sobre derechos humanos en el informe de Sheinbaum - Yahoo,,,,,,3,completo,activo
auto-cc3ba1bbfe,La fórmula Sheinbaum - Harfuch da resultados en seguridad: Manuel Velasco,Gobernabilidad,5,corto,La fórmula Sheinbaum - Harfuch da resultados en seguridad: Manuel Velasco,,,,,,3,completo,activo
auto-977788c4da,Rosa Icela y Harfuch recorren Centro de Alerta Nacional de Búsqueda,Gobernabilidad,5,corto,Rosa Icela y Harfuch recorren Centro de Alerta Nacional de Búsqueda,,,,,,3,completo,activo
auto-d9e0e6d2db,Sheinbaum visitará Sinaloa el 20 de septiembre; prevé reunirse con Graciela Domí,Gobernabilidad,5,corto,Sheinbaum visitará Sinaloa el 20 de septiembre; prevé reunirse con Graciela Domínguez - El Sol de México,,,,,,3,completo,activo
auto-42a032670b,🗳️📌 SHEINBAUM DEFIENDE A FUNCIONARIO QUE COMPRÓ DOS DEPAS DE CONTADO POR 22 MILL,Gobernabilidad,5,corto,"🗳️📌 SHEINBAUM DEFIENDE A FUNCIONARIO QUE COMPRÓ DOS DEPAS DE CONTADO POR 22 MILLONES Claudia Sheinbaum respaldó a Carlos Ulloa, director de Birmex y uno de sus colaboradores más cercanos desde que gobernaba la CDMX. “To - x.com",,,,,,3,completo,activo
auto-c23661b683,Fuerte operativo se mantiene en Puebla tras la captura de “El Amarillo”,Gobernabilidad,5,corto,Fuerte operativo se mantiene en Puebla tras la captura de “El Amarillo”,,,,,,3,informativo,activo
auto-5a86d632a0,Los pros y contras ocultos de las colecciones retro y los marketplaces modernos ,Gobernabilidad,5,corto,Los pros y contras ocultos de las colecciones retro y los marketplaces modernos de videojuegos,,,,,,3,informativo,activo
auto-9af66c409e,Casos de administraciones anteriores siguen en tribunales: Trijaev explica por q,Gobernabilidad,5,corto,Casos de administraciones anteriores siguen en tribunales: Trijaev explica por qué las inhabilitaciones tardan años,,,,,,3,informativo,activo
auto-ff8042afdf,Veracruz invertirá mil millones de pesos para comprar medicamentos e insumos ant,Economía,5,corto,Veracruz invertirá mil millones de pesos para comprar medicamentos e insumos ante desabasto en hospitales,,,,,,3,completo,activo
auto-4f55e0c040,EE.UU. sanciona a nieto de Raúl Castro y al Banco Exterior de Cuba,Relación Bilateral,5,corto,EE.UU. sanciona a nieto de Raúl Castro y al Banco Exterior de Cuba,,,,,,3,informativo,activo
auto-7bb62e866a,Trump pide al Supremo permitir restricciones al voto por correo en EE.UU.,Relación Bilateral,5,corto,Trump pide al Supremo permitir restricciones al voto por correo en EE.UU.,,,,,,3,completo,activo
auto-f2176ed789,Estudiantes BUAP crean con sargazo biohilos para raquetas de tenis,Gobernabilidad,5,corto,Estudiantes BUAP crean con sargazo biohilos para raquetas de tenis,,,,,,3,informativo,activo
auto-576fd6d49a,Lotería Nacional Develan billete conmemorativo del 57 Aniversario del Metro de l,Gobernabilidad,5,corto,Lotería Nacional Develan billete conmemorativo del 57 Aniversario del Metro de la Ciudad de México,,,,,,3,completo,activo
auto-d42b7e703b,"Sheinbaum: “mientras sea presidenta, la soberanía no se negocia”, reafirma al in",Gobernabilidad,5,corto,"Sheinbaum: “mientras sea presidenta, la soberanía no se negocia”, reafirma al iniciar gira por Durango - La Jornada",,,,,,3,completo,activo
auto-32dee1a56b,"Con Alonso Romero, ANAM fortalece controles de confianza para nuevo personal: Sh",Gobernabilidad,5,corto,"Con Alonso Romero, ANAM fortalece controles de confianza para nuevo personal: Sheinbaum - Revista Fortuna",,,,,,3,informativo,activo
auto-2570dff348,Monreal rechaza penas de hasta 140 años de cárcel a narcopolíticos: ‘Yo no soy d,Seguridad Nacional,5,corto,Monreal rechaza penas de hasta 140 años de cárcel a narcopolíticos: ‘Yo no soy draconiano’,,,,,,3,informativo,activo
auto-d89383963c,El Cervantino 2026 se escapa de Guanajuato: Así será el Circuito en otros estado,Gobernabilidad,5,corto,"El Cervantino 2026 se escapa de Guanajuato: Así será el Circuito en otros estados, con Francia como invitada",,,,,,3,informativo,activo
auto-480615b123,Supervisan construcción de domo y modernización de cancha en Vergel II,Relación Bilateral,5,corto,Supervisan construcción de domo y modernización de cancha en Vergel II,,,,,,3,informativo,activo
auto-e2e8e2e0f6,"¿Quién es Juan Manuel Reverter, acusado de asesinar a una modelo argentina en Pl",Social,5,corto,"¿Quién es Juan Manuel Reverter, acusado de asesinar a una modelo argentina en Playa del Carmen?",,,,,,3,completo,activo
auto-4822c9492f,Ayuntamiento de Mérida coloca topes en cruce peligroso tras petición vecinal,Gobernabilidad,5,corto,Ayuntamiento de Mérida coloca topes en cruce peligroso tras petición vecinal,,,,,,3,informativo,activo
auto-f65f93f390,Trump proyecta un gigantesco arco dorado para celebrar los 250 años de EU,Relación Bilateral,5,corto,Trump proyecta un gigantesco arco dorado para celebrar los 250 años de EU,,,,,,1,completo,activo
auto-77a0e87117,SSP reforzará vigilancia con SMT en Hueyotlipan tras agresión a concesionarios d,Seguridad Nacional,5,corto,SSP reforzará vigilancia con SMT en Hueyotlipan tras agresión a concesionarios de ruta s22 de Tepeaca,,,,,,3,informativo,activo
auto-b00bcf8e99,"Detienen a Óscar N., influencer y excolaborador de Badabun, por almacenar pornog",Gobernabilidad,5,corto,"Detienen a Óscar N., influencer y excolaborador de Badabun, por almacenar pornografía infantil",,,,,,3,informativo,activo
auto-e2f4992241,SEP prepara acuerdo nacional sobre uso de celulares en planteles,Gobernabilidad,5,corto,SEP prepara acuerdo nacional sobre uso de celulares en planteles,,,,,,3,completo,activo
auto-ba9f10ded5,Gilberto López Y Rivas / Ii: La vigencia plena del legado de José Martí,Relación Bilateral,5,corto,Gilberto López Y Rivas / Ii: La vigencia plena del legado de José Martí,,,,,,3,completo,activo
auto-c100e11a08,Recibe Lomelí Vanegas en la UNAM al ministro chino de Ciencia y Tecnología,Gobernabilidad,5,corto,Recibe Lomelí Vanegas en la UNAM al ministro chino de Ciencia y Tecnología,,,,,,3,informativo,activo
auto-4299348447,Casi 11 mil cadáveres almacenados en Semefos al cierre de 2025,Seguridad Nacional,5,corto,Casi 11 mil cadáveres almacenados en Semefos al cierre de 2025,,,,,,3,informativo,activo
auto-6763223afb,Ha impuesto el TDJ medidas cautelares a 19 juzgadores en un año de operación,Gobernabilidad,5,corto,Ha impuesto el TDJ medidas cautelares a 19 juzgadores en un año de operación,,,,,,3,informativo,activo
auto-70baaff3bf,Gobernación y la FGR presentarán nuevo informe sobre los 43,Seguridad Nacional,5,corto,Gobernación y la FGR presentarán nuevo informe sobre los 43,,,,,,3,completo,activo
auto-b4d460d57a,Enviarán 10 sugerencias al Congreso para afianzar la lucha contra la corrupción,Gobernabilidad,5,corto,Enviarán 10 sugerencias al Congreso para afianzar la lucha contra la corrupción,,,,,,3,completo,activo
auto-9dfdb95494,"Tijuana y Reynosa, municipios con más desapariciones en el país",Gobernabilidad,5,corto,"Tijuana y Reynosa, municipios con más desapariciones en el país",,,,,,3,informativo,activo
auto-898826892e,Intenso debate en el INE por “boletas planchadas”,Gobernabilidad,5,corto,Intenso debate en el INE por “boletas planchadas”,,,,,,1,completo,activo
auto-ddddfbc34d,Rosa Icela Rodríguez: con diálogo dimos atención prioritaria a 8 mil 38 grupos,Seguridad Nacional,5,corto,Rosa Icela Rodríguez: con diálogo dimos atención prioritaria a 8 mil 38 grupos,,,,,,3,informativo,activo
auto-84b7db61b3,"Claudia Sheinbaum responde a Moody’s, Fitch y S&P: la consolidación fiscal será ",Gobernabilidad,5,corto,"Claudia Sheinbaum responde a Moody’s, Fitch y S&P: la consolidación fiscal será paulatina - EL CEO",,,,,,3,completo,activo
auto-d53c44ebbe,Estados Unidos aplica desde este jueves aranceles de hasta 100% a determinados d,Relación Bilateral,5,corto,Estados Unidos aplica desde este jueves aranceles de hasta 100% a determinados drones importados mientras Trump busca reducir la dependencia extranjera y acelerar la fabricación de estas aeronaves - elimparcial.com,,,,,,3,completo,activo
auto-781cb3ae33,Madre de Carlos Emilio se reúne con Sheinbaum y pide acelerar búsqueda de su hij,Economía,5,corto,Madre de Carlos Emilio se reúne con Sheinbaum y pide acelerar búsqueda de su hijo desaparecido - MILENIO,,,,,,3,completo,activo
auto-188c4a250c,Justicia transaccional,Gobernabilidad,5,corto,Justicia transaccional,,,,,,3,informativo,activo
auto-e1e0f1db38,Videojuego Maga: Casa Blanca lanza ‘Tetris’ sobre construir muro fronterizo cont,Social,5,corto,Videojuego Maga: Casa Blanca lanza ‘Tetris’ sobre construir muro fronterizo contra ‘hordas’ de migrantes,,,,,,3,informativo,activo
auto-e1c1e84e1c,Congreso de Puebla inicia proceso para revocación de edil de Acatlán; se resolve,Gobernabilidad,5,corto,Congreso de Puebla inicia proceso para revocación de edil de Acatlán; se resolvería antes del 15 de septiembre,,,,,,3,completo,activo
auto-338a29d142,Sheinbaum: hegemonía de virtudes sencillas - MILENIO,Gobernabilidad,5,corto,Sheinbaum: hegemonía de virtudes sencillas - MILENIO,,,,,,3,completo,activo
auto-cac3ead906,Conferencia presidencial de Claudia Sheinbaum de este viernes 4 de septiembre de,Gobernabilidad,5,corto,Conferencia presidencial de Claudia Sheinbaum de este viernes 4 de septiembre de 2026 - sociedad-noticias.com,,,,,,3,completo,activo
auto-2e58e28885,La hazaña de CSP,Gobernabilidad,5,corto,La hazaña de CSP,,,,,,3,informativo,activo
auto-8967281dfc,¿Por qué comprender lo cambia todo?,Gobernabilidad,5,corto,¿Por qué comprender lo cambia todo?,,,,,,3,informativo,activo
auto-e460f3ae98,Coparmex advierte riesgos por próximas reformas,Gobernabilidad,5,corto,Coparmex advierte riesgos por próximas reformas,,,,,,1,completo,activo
auto-965536a0cb,Piden estrategia a largo plazo contra los apagones en Mérida,Gobernabilidad,5,corto,Piden estrategia a largo plazo contra los apagones en Mérida,,,,,,3,informativo,activo
auto-c841e760fc,Otra oaxaqueña va a Cruz Azul,Gobernabilidad,5,corto,Otra oaxaqueña va a Cruz Azul,,,,,,3,completo,activo
auto-f623f11af0,Se desborda solidaridad en donación,Gobernabilidad,5,corto,Se desborda solidaridad en donación,,,,,,3,informativo,activo
auto-cc0bbe1b91,Día Internacional del Taekwondo: impacto y disciplina,Gobernabilidad,5,corto,Día Internacional del Taekwondo: impacto y disciplina,,,,,,3,completo,activo
auto-f5148c6063,No soportó ver a su ex con el otro,Seguridad Nacional,5,corto,No soportó ver a su ex con el otro,,,,,,3,informativo,activo
auto-f7e8cb6efb,¿Diversificación de alianzas?,Gobernabilidad,5,corto,¿Diversificación de alianzas?,,,,,,3,completo,activo
auto-b6d6521ca9,De los 3 mejores,Gobernabilidad,5,corto,De los 3 mejores,,,,,,3,informativo,activo
auto-f9794e99ef,De Llano: las órdenes de un juez no son opcionales,Gobernabilidad,5,corto,De Llano: las órdenes de un juez no son opcionales,,,,,,3,informativo,activo
auto-e19915194c,Deben energía y medio ambiente ser agendas con un mismo futuro: Javier May Rodrí,Gobernabilidad,5,corto,Deben energía y medio ambiente ser agendas con un mismo futuro: Javier May Rodríguez,,,,,,3,informativo,activo
auto-0a13de99b2,Nacional Monte de Piedad emite nuevo mensaje a cerca de 11 meses de huelga,Social,5,corto,Nacional Monte de Piedad emite nuevo mensaje a cerca de 11 meses de huelga,,,,,,3,completo,activo
auto-dbf5410b7f,Descarta Sheinbaum indagatorias de la FGR contra Adán Augusto y ‘Andy’ López Bel,Seguridad Nacional,5,corto,Descarta Sheinbaum indagatorias de la FGR contra Adán Augusto y ‘Andy’ López Beltrán - Ríodoce,,,,,,3,completo,activo
auto-402e5d429d,BI Noticias. . EL SEGUNDO INFORME DE SHEINBAUM BAJO LA LUPA DE LOS PARTIDOS Acom,Gobernabilidad,5,corto,BI Noticias. . EL SEGUNDO INFORME DE SHEINBAUM BAJO LA LUPA DE LOS PARTIDOS Acompáñanos en esta mesa de análisis en #MásAlládelaNoticia Este en vivo utiliza música y material audiovisual con licencias vigentes otorgadas por Megatrax y E - facebook.com,,,,,,3,completo,activo
auto-6beca1cb3b,"Sheinbaum confirma extradición de Linda Cristina Pereyra, esposa de García Luna ",Gobernabilidad,5,corto,"Sheinbaum confirma extradición de Linda Cristina Pereyra, esposa de García Luna - sdpnoticias",,,,,,3,completo,activo
auto-2b231780a3,Argentina intensifica su reclamo sobre las Malvinas. Esto es lo que debes saber,Relación Bilateral,5,corto,Argentina intensifica su reclamo sobre las Malvinas. Esto es lo que debes saber,,,,,,3,informativo,activo
auto-49ef335db1,De pleito escolar a caos vial: bloquean Plaza Bella y estrangulan el norponiente,Gobernabilidad,5,corto,De pleito escolar a caos vial: bloquean Plaza Bella y estrangulan el norponiente de Oaxaca,,,,,,3,completo,activo
auto-b3e8f84808,Harfuch revela conflicto económico detrás del crimen de Jonathan Meléndez,Gobernabilidad,5,corto,Harfuch revela conflicto económico detrás del crimen de Jonathan Meléndez,,,,,,3,completo,activo
auto-c5a8cd1517,Las paredes oyen y chismean,Gobernabilidad,5,corto,Las paredes oyen y chismean,,,,,,3,informativo,activo
auto-8cb0f8713f,"Con 13.5 mdp, rehabilitan calle Emiliano Zapata de Coronango; beneficiará a 46 m",Economía,5,corto,"Con 13.5 mdp, rehabilitan calle Emiliano Zapata de Coronango; beneficiará a 46 mil habitantes",,,,,,3,informativo,activo
auto-c78a84b777,Sheinbaum niega que la FGR investigue a López Beltrán y Adán Augusto López - sdp,Seguridad Nacional,5,corto,Sheinbaum niega que la FGR investigue a López Beltrán y Adán Augusto López - sdpnoticias,,,,,,3,completo,activo
auto-31518b185b,Confirma Sheinbaum solicitud a EU para capturar a esposa de García Luna - Quadra,Gobernabilidad,5,corto,Confirma Sheinbaum solicitud a EU para capturar a esposa de García Luna - Quadratín México,,,,,,3,completo,activo
auto-156da5294b,Claudia Sheinbaum celebra en la Mañanera que miles de trabajadores de Zacatecas ,Gobernabilidad,5,corto,"Claudia Sheinbaum celebra en la Mañanera que miles de trabajadores de Zacatecas disfrutan de aumento de $14,500: el anuncio del gobernador David Monreal Ávila - Ambito",,,,,,3,completo,activo
auto-74c32822a0,¡Plomo y muerte en Puerto Escondido! Ejecutan a una mujer; Fiscalía busca respue,Gobernabilidad,5,corto,¡Plomo y muerte en Puerto Escondido! Ejecutan a una mujer; Fiscalía busca respuestas,,,,,,3,informativo,activo
auto-a6b13ac301,“No hay ninguna investigación”: Sheinbaum sobre Adán Augusto y Andy López - Sema,Gobernabilidad,5,corto,“No hay ninguna investigación”: Sheinbaum sobre Adán Augusto y Andy López - Semanario ZETA,,,,,,3,completo,activo
auto-8bb0ed3b70,"Confirma Sheinbaum solicitud a EU para extraditar a Linda Pereyra, esposa de Gar",Gobernabilidad,5,corto,"Confirma Sheinbaum solicitud a EU para extraditar a Linda Pereyra, esposa de García Luna - Ríodoce",,,,,,3,completo,activo
auto-29864b25ba,"VIENEN A SINALOA: CLAUDIA SHEINBAUM, ARIADNA MONTIEL Y OMAR GARCÍA HARFUCH - vis",Gobernabilidad,5,corto,"VIENEN A SINALOA: CLAUDIA SHEINBAUM, ARIADNA MONTIEL Y OMAR GARCÍA HARFUCH - visionciudadana.com.mx",,,,,,3,completo,activo
auto-b3b505d43c,Programas de Bienestar beneficias a 60 mil personas en Durango: Sheinbaum - noti,Gobernabilidad,5,corto,Programas de Bienestar beneficias a 60 mil personas en Durango: Sheinbaum - noticias.radiorama.mx,,,,,,3,completo,activo
auto-50581148b0,"Coche bomba en Ojocaliente llevaba unos 200 kilos de explosivos, informa Harfuch",Gobernabilidad,5,corto,"Coche bomba en Ojocaliente llevaba unos 200 kilos de explosivos, informa Harfuch",,,,,,3,informativo,activo
auto-ebcdc10688,¿Septiembre es la temporada de sismos en México? La ciencia responde con datos,Gobernabilidad,5,corto,¿Septiembre es la temporada de sismos en México? La ciencia responde con datos,,,,,,3,completo,activo
auto-05d4f80909,"""El Pelón"", el que ""más resalta de los líderes regionales"" del CNG",Gobernabilidad,5,corto,"""El Pelón"", el que ""más resalta de los líderes regionales"" del CNG",,,,,,3,informativo,activo
auto-d11ddf0fdf,"Sheinbaum descarta investigaciones contra ""Andy"" y Adán Augusto López por huachi",Gobernabilidad,5,corto,"Sheinbaum descarta investigaciones contra ""Andy"" y Adán Augusto López por huachicol - El Universal",,,,,,3,completo,activo
auto-3f2dbbabaa,"México solicitó a EU detención de esposa de García Luna, confirma Sheinbaum - Gr",Gobernabilidad,5,corto,"México solicitó a EU detención de esposa de García Luna, confirma Sheinbaum - Grupo Animal",,,,,,3,completo,activo
auto-13b4c4b95d,"Aumenta desaprobación a gestión de Claudia Sheinbaum; en redes sociales, cae a 5",Gobernabilidad,5,corto,"Aumenta desaprobación a gestión de Claudia Sheinbaum; en redes sociales, cae a 58% - unomasuno.com.mx",,,,,,3,completo,activo
auto-ca38aebd28,"""Hay varias líneas de investigación, una proviene del buque detenido en Tampico""",Seguridad Nacional,5,corto,"""Hay varias líneas de investigación, una proviene del buque detenido en Tampico"", Claudia Sheinbaum sobre huac - MILENIO",,,,,,3,informativo,activo
auto-b0cbf58497,"🇺🇸 Estados Unidos ha enviado a casi 3 mil mexicanos deportados a Guatemala, Hond",Social,5,corto,"🇺🇸 Estados Unidos ha enviado a casi 3 mil mexicanos deportados a Guatemala, Honduras y Costa Rica, en lugar de trasladarlos directamente a México. Ante esta situación, Claudia Sheinbaum expresó su rechazo y aseguró que “no hay razón” para que los - facebook.com",,,,,,3,completo,activo
auto-94e6fcda0b,Brenda Valenzuela exige a Sheinbaum revisión del caso de desaparición de su hijo,Gobernabilidad,5,corto,Brenda Valenzuela exige a Sheinbaum revisión del caso de desaparición de su hijo en Durango - Imagen Radio,,,,,,1,completo,activo
auto-151247c07a,Desactivan Alerta Amber en Tizimín por un menor de edad que no fue entregado a s,Gobernabilidad,5,corto,Desactivan Alerta Amber en Tizimín por un menor de edad que no fue entregado a su madre,,,,,,3,informativo,activo
auto-1758d057ce,“¿Y si sí?”: Bebé en Tamaulipas es registrada con el nombre “Isisi” en honor a l,Gobernabilidad,5,corto,“¿Y si sí?”: Bebé en Tamaulipas es registrada con el nombre “Isisi” en honor a la Selección Mexicana,,,,,,3,informativo,activo
auto-5b60621f14,¿Hay clases el 15 y 16 de septiembre? Esto dice el calendario oficial de la SEP ,Gobernabilidad,5,corto,¿Hay clases el 15 y 16 de septiembre? Esto dice el calendario oficial de la SEP 2026-2027,,,,,,1,completo,activo
auto-5b35e2b832,Héctor Yunes Landa prevé alianza opositora sin el PRI: “tienen secuestrado al pa,Gobernabilidad,5,corto,Héctor Yunes Landa prevé alianza opositora sin el PRI: “tienen secuestrado al partido”,,,,,,3,informativo,activo
auto-20fd99bf67,"Para 2027, presupuesto será para obra comunitaria, campo, cablebús y periférico ",Economía,5,corto,"Para 2027, presupuesto será para obra comunitaria, campo, cablebús y periférico 5 de Mayo",,,,,,3,completo,activo
auto-0fd4fcf85f,Sheinbaum confirma petición para detener y extraditar a esposa de Genaro García ,Gobernabilidad,5,corto,Sheinbaum confirma petición para detener y extraditar a esposa de Genaro García Luna - UnoTV,,,,,,3,completo,activo
auto-1670ce9d7c,"De cara al proceso electoral 2027, la Presidenta Claudia Sheinbaum augura buenos",Gobernabilidad,5,corto,"De cara al proceso electoral 2027, la Presidenta Claudia Sheinbaum augura buenos resultados para el país: ""No veo malos escenarios para México - El Soberano",,,,,,3,completo,activo
auto-251fb1580e,Confirma Sheinbaum solicitud a EEUU para detención y extradición de esposa de Ga,Relación Bilateral,5,corto,Confirma Sheinbaum solicitud a EEUU para detención y extradición de esposa de García Luna - XEVT,,,,,,3,completo,activo
auto-d183b51ec1,México ‘le pisa los talones’ a Cristina Pereyra: Pide a EU detener y extraditar ,Gobernabilidad,5,corto,México ‘le pisa los talones’ a Cristina Pereyra: Pide a EU detener y extraditar a esposa de García Luna,,,,,,3,completo,activo
auto-e0eb94485b,"🚨 #ÚLTIMAHORA | Hallan sin vida a Zenyazen Escobar García, diputado federal de M",Gobernabilidad,5,corto,"🚨 #ÚLTIMAHORA | Hallan sin vida a Zenyazen Escobar García, diputado federal de Morena por Veracruz. El legislador fue localizado la mañana de este viernes 4 de septiembre en la comunidad de La Gloria, municipio de Puente Nacional. De acuerdo con l - facebook.com",,,,,,3,completo,activo
auto-c6cee95d4e,Gabriela Rodríguez*: La vivienda social y la nueva composición de hogares,Gobernabilidad,5,corto,Gabriela Rodríguez*: La vivienda social y la nueva composición de hogares,,,,,,3,informativo,activo
auto-6ecd332310,Desde el inicio del gobierno de Claudia Sheinbaum se han inaugurado 32 hospitale,Gobernabilidad,5,corto,Desde el inicio del gobierno de Claudia Sheinbaum se han inaugurado 32 hospitales en todo el país - Cámara Mexicana de la Industria de la Construcción,,,,,,3,completo,activo
auto-024d88b4ab,"Asesinan a Zenyazen Escobar García, diputado federal de Morena en Veracruz",Gobernabilidad,5,corto,"Asesinan a Zenyazen Escobar García, diputado federal de Morena en Veracruz",,,,,,3,completo,activo
auto-2d4eec21d5,FGR atraerá investigación por muerte de Zenyazen Escobar; secretario de Gobierno,Seguridad Nacional,5,corto,FGR atraerá investigación por muerte de Zenyazen Escobar; secretario de Gobierno confirma hallazgo de arma en vehículo,,,,,,1,completo,activo
auto-837c31837f,Madre de Beany teme que amparo cambie proceso contra El Tito,Gobernabilidad,5,corto,Madre de Beany teme que amparo cambie proceso contra El Tito,,,,,,3,informativo,activo
auto-daffc06786,Descarta Sheinbaum investigación contra Adán Augusto y Andrés López Beltrán por ,Gobernabilidad,5,corto,Descarta Sheinbaum investigación contra Adán Augusto y Andrés López Beltrán por huachicol - Quadratín México,,,,,,3,completo,activo
auto-8f820fd813,‘Solo tamales picantes y tomates’: Trump dice que México no tiene nada que ofrec,Relación Bilateral,5,corto,‘Solo tamales picantes y tomates’: Trump dice que México no tiene nada que ofrecerle a EU,,,,,,3,informativo,activo
auto-a34275f96e,Ataque con arma blanca deja un herido; vecinos piden mayor vigilancia por casa “,Gobernabilidad,5,corto,Ataque con arma blanca deja un herido; vecinos piden mayor vigilancia por casa “problemática” en la Jesús Carranza,,,,,,3,informativo,activo
auto-cfb65b3f30,"Gonzalo Hevia Baillères, ex de Belinda, se convierte en copropietario de los Sea",Gobernabilidad,5,corto,"Gonzalo Hevia Baillères, ex de Belinda, se convierte en copropietario de los Seattle Seahawks",,,,,,3,informativo,activo
auto-2512decbc5,Primaria Bolivia M. Rivas completa plantilla docente para cuarto grado,Gobernabilidad,5,corto,Primaria Bolivia M. Rivas completa plantilla docente para cuarto grado,,,,,,3,informativo,activo
auto-af430b2cec,FGR determinará si Academia Ignacio Zaragoza en Puebla incurrió en delitos feder,Seguridad Nacional,5,corto,FGR determinará si Academia Ignacio Zaragoza en Puebla incurrió en delitos federales,,,,,,3,informativo,activo
auto-d561428d23,"Por cobros irregulares en Feria de Cholula, dan de baja a 4 agentes de normativi",Gobernabilidad,5,corto,"Por cobros irregulares en Feria de Cholula, dan de baja a 4 agentes de normatividad",,,,,,3,informativo,activo
auto-077684658b,Sitiavw confirma salida de 611 trabajadores de Volkswagen en Puebla; reubican a ,Gobernabilidad,5,corto,Sitiavw confirma salida de 611 trabajadores de Volkswagen en Puebla; reubican a 542,,,,,,3,completo,activo
auto-75ca2784ec,🔴 #AlMomento | Así lucen las inmediaciones de la Megavelaria previo al segundo i,Gobernabilidad,5,corto,🔴 #AlMomento | Así lucen las inmediaciones de la Megavelaria previo al segundo informe que rendirá la presidenta Claudia Sheinbaum Pardo en Aguascalientes. Simpatizantes comienzan a llegar en decenas de camiones y combis provenientes de los mun - facebook.com,,,,,,3,informativo,activo
auto-d056e2c44b,"Tras polémica con Sheinbaum, la DEA responde que la caída de ocho narcolaborator",Seguridad Nacional,5,corto,"Tras polémica con Sheinbaum, la DEA responde que la caída de ocho narcolaboratorios en México no habría sido posible sin ellos - Infobae",,,,,,3,completo,activo
auto-aa15b0d265,Acusa Amnistía Internacional de omisiones sobre derechos humanos en el segundo i,Social,5,corto,Acusa Amnistía Internacional de omisiones sobre derechos humanos en el segundo informe de Gobierno de Sheinbaum - vanguardia.com.mx,,,,,,3,completo,activo
auto-b2a92e47b3,EU va por sucesor del ‘Mencho’: Harfuch confirma orden de extradición contra Jua,Gobernabilidad,5,corto,"EU va por sucesor del ‘Mencho’: Harfuch confirma orden de extradición contra Juan Carlos Valencia, ‘El 03’",,,,,,3,completo,activo
auto-d35ff71d76,Patrulla de la SSP choca contra auto de adulto mayor en el Centro de Mérida,Gobernabilidad,5,corto,Patrulla de la SSP choca contra auto de adulto mayor en el Centro de Mérida,,,,,,3,informativo,activo
auto-36e88cb1fb,"Lukas Avendaño, el artista que prefiere sembrar comunidad antes que cosechar pre",Gobernabilidad,5,corto,"Lukas Avendaño, el artista que prefiere sembrar comunidad antes que cosechar premios",,,,,,3,informativo,activo
auto-bb96ae9fde,Fiscalía investiga doble homicidio en robo a vivienda de concesionarios de ruta ,Seguridad Nacional,5,corto,Fiscalía investiga doble homicidio en robo a vivienda de concesionarios de ruta s22 de Tepeaca,,,,,,1,completo,activo
auto-8c2837d254,Policía Estatal Turística de Puebla conmemora 12 años con reconocimiento a 36 el,Gobernabilidad,5,corto,Policía Estatal Turística de Puebla conmemora 12 años con reconocimiento a 36 elementos - Reto Diario,,,,,,3,completo,activo
auto-4bca845179,Juan Carlos Valencia y el CNG: Las tres claves que confirmó Harfuch,Gobernabilidad,5,corto,Juan Carlos Valencia y el CNG: Las tres claves que confirmó Harfuch,,,,,,3,completo,activo
auto-a851e47067,"""Es imposible dañar a un gobierno que está cerca del pueblo"", dice Sheinbaum tra",Gobernabilidad,5,corto,"""Es imposible dañar a un gobierno que está cerca del pueblo"", dice Sheinbaum tras acusar campañas sucias en su - MILENIO",,,,,,3,completo,activo
auto-0fe1d97bbd,¡Histórico! Chetumal ya tiene Sección Aduanera en su Aeropuerto Internacional,Gobernabilidad,5,corto,¡Histórico! Chetumal ya tiene Sección Aduanera en su Aeropuerto Internacional,,,,,,3,completo,activo
auto-94b5bfb999,El Niño traerá cambios a Yucatán: menos lluvias y se pronostican 56 frentes frío,Gobernabilidad,5,corto,El Niño traerá cambios a Yucatán: menos lluvias y se pronostican 56 frentes fríos para 2026-2027,,,,,,3,informativo,activo
auto-7869134651,Aseguran 190 kilos de hierba verde y destruyen 11 plantíos en Nayarit,Seguridad Nacional,5,corto,Aseguran 190 kilos de hierba verde y destruyen 11 plantíos en Nayarit,,,,,,3,informativo,activo
auto-f7c1f72fc1,Comuna de Puebla licita sistema de captación y desalojo de agua de lluvia para b,Gobernabilidad,5,corto,Comuna de Puebla licita sistema de captación y desalojo de agua de lluvia para bulevar 5 de Mayo,,,,,,3,completo,activo
auto-cfe85458d1,"'Cónclave más importante es con el pueblo', revira Andy López tras ser exhibido",Gobernabilidad,5,corto,"'Cónclave más importante es con el pueblo', revira Andy López tras ser exhibido",,,,,,3,completo,activo
auto-5e5f040d64,"¿Quién era Zenyazen Escobar García, el diputado de Morena hallado muerto en Vera",Gobernabilidad,5,corto,"¿Quién era Zenyazen Escobar García, el diputado de Morena hallado muerto en Veracruz?",,,,,,3,completo,activo
auto-e7523a343a,"🔴 ""Vamos a respetarnos"", pide la presidenta Sheinbaum a asistentes permitir habl",Gobernabilidad,5,corto,"🔴 ""Vamos a respetarnos"", pide la presidenta Sheinbaum a asistentes permitir hablar a la gobernadora de Aguascalientes, Tere Jiménez. #aguascalientes #binoticias #sheinbaum - facebook.com",,,,,,3,completo,activo
auto-9532715bff,"BI Noticias. . ENTRE PROTESTAS, APLAUSOS Y ABUCHEOS, CLAUDIA SHEINBAUM VISITA AG",Social,5,corto,"BI Noticias. . ENTRE PROTESTAS, APLAUSOS Y ABUCHEOS, CLAUDIA SHEINBAUM VISITA AGUASCALIENTES Este en vivo utiliza música y material audiovisual con licencias vigentes otorgadas por Megatrax y Envato Elements. 💻 binoticias.com | 📱 App - facebook.com",,,,,,3,completo,activo
auto-904cb3003e,Adrián de la Garza se reúne con campeona de boxeo Magaly “Tormenta” Rodríguez,Gobernabilidad,5,corto,Adrián de la Garza se reúne con campeona de boxeo Magaly “Tormenta” Rodríguez,,,,,,3,informativo,activo
auto-ecef49e322,Trabajadores de Pemex obtienen su mayor aumento salarial en 24 años,Gobernabilidad,5,corto,Trabajadores de Pemex obtienen su mayor aumento salarial en 24 años,,,,,,3,completo,activo
auto-da08c4a466,"‘Si no contesto, pide ayuda’: Fiscalía revela la cronología del caso del tecladi",Gobernabilidad,5,corto,"‘Si no contesto, pide ayuda’: Fiscalía revela la cronología del caso del tecladista de Camilo Séptimo",,,,,,3,informativo,activo
auto-440b53de54,‘El arma la aventé a una barranca’: Presuntos asesinos de ‘Honas’ iban por ‘mill,Gobernabilidad,5,corto,‘El arma la aventé a una barranca’: Presuntos asesinos de ‘Honas’ iban por ‘millones de dólares en bitcoins’,,,,,,3,informativo,activo
auto-2bba99acde,Matan a presunto integrante de La Unión Tepito en la colonia Peralvillo de CDMX,Seguridad Nacional,5,corto,Matan a presunto integrante de La Unión Tepito en la colonia Peralvillo de CDMX,,,,,,3,informativo,activo
auto-db971b4d61,Rehabilitan la glorieta de Bonanza con nueva iluminación e identidad de Tapachul,Gobernabilidad,5,corto,Rehabilitan la glorieta de Bonanza con nueva iluminación e identidad de Tapachula,,,,,,3,informativo,activo
auto-d5d9214770,Conagua recibe 100 denuncias por huachicoleo del agua en 4 municipios de Puebla;,Gobernabilidad,5,corto,Conagua recibe 100 denuncias por huachicoleo del agua en 4 municipios de Puebla; aseguran 20 pozos,,,,,,3,completo,activo
auto-1057a24cf0,"En 2° año, Congreso de Puebla aprueba 6 leyes, anulación de elecciones extranjer",Gobernabilidad,5,corto,"En 2° año, Congreso de Puebla aprueba 6 leyes, anulación de elecciones extranjeras y limita regidurías",,,,,,3,completo,activo
auto-c09a3f898a,"Tras irregularidades, examen de ingreso a la UNAM regresará a presencial",Gobernabilidad,5,corto,"Tras irregularidades, examen de ingreso a la UNAM regresará a presencial",,,,,,3,informativo,activo
auto-97d786b03b,"Un residente internado está grave, asegura la UNAM; Salud lo niega",Gobernabilidad,5,corto,"Un residente internado está grave, asegura la UNAM; Salud lo niega",,,,,,3,informativo,activo
auto-efe47fa02f,Llama Alicia Bárcena a afianzar pacto colectivo a favor de la naturaleza,Gobernabilidad,5,corto,Llama Alicia Bárcena a afianzar pacto colectivo a favor de la naturaleza,,,,,,3,informativo,activo
auto-40747421c7,Bachillerato Margarita Maza concluirá inscripciones el próximo lunes: SEP,Gobernabilidad,5,corto,Bachillerato Margarita Maza concluirá inscripciones el próximo lunes: SEP,,,,,,3,informativo,activo
auto-aee18271cc,Convoca Alito a Fox a crear un amplio frente de oposición,Gobernabilidad,5,corto,Convoca Alito a Fox a crear un amplio frente de oposición,,,,,,3,informativo,activo
auto-51a66a9434,Abel Barrera Hernández: Las grietas del Plan Maestro,Gobernabilidad,5,corto,Abel Barrera Hernández: Las grietas del Plan Maestro,,,,,,3,informativo,activo
auto-c20680da74,Infección mal tratada puede ocasionar un shock: experto,Gobernabilidad,5,corto,Infección mal tratada puede ocasionar un shock: experto,,,,,,3,informativo,activo
auto-e99f2ddc2c,Maciek Wisniewski: César Trump,Relación Bilateral,5,corto,Maciek Wisniewski: César Trump,,,,,,3,informativo,activo
auto-9512c11006,"Esta semana, mil 200 paisanos fueron deportados a Tapachula",Social,5,corto,"Esta semana, mil 200 paisanos fueron deportados a Tapachula",,,,,,3,informativo,activo
auto-7d769eb4ef,José M. Murià: El origen del exilio republicano ibérico,Gobernabilidad,5,corto,José M. Murià: El origen del exilio republicano ibérico,,,,,,3,informativo,activo
auto-680ee93646,Operamos 165 equipos antidrones a lo largo de la frontera con EU: Trevilla,Relación Bilateral,5,corto,Operamos 165 equipos antidrones a lo largo de la frontera con EU: Trevilla,,,,,,3,informativo,activo
auto-45a860e312,"Tengo 80 años, nunca he callado, no son invencibles los poderes reaccionarios co",Gobernabilidad,5,corto,"Tengo 80 años, nunca he callado, no son invencibles los poderes reaccionarios como el de Claudia Sheinbaum - siempre.mx",,,,,,3,informativo,activo
auto-b75c46fd61,Obituario: Manuel Bernardo Vargas Rivero,Gobernabilidad,5,corto,Obituario: Manuel Bernardo Vargas Rivero,,,,,,3,informativo,activo
auto-1fc294f045,Relanzan una  conexión aérea entre Guatemala y Yucatán,Gobernabilidad,5,corto,Relanzan una  conexión aérea entre Guatemala y Yucatán,,,,,,3,informativo,activo
auto-d135ab9988,Coordinación antidrones: rinde cooperación bilateral sus frutos contra los cárte,Seguridad Nacional,5,corto,Coordinación antidrones: rinde cooperación bilateral sus frutos contra los cárteles,,,,,,3,informativo,activo
auto-8f28d41742,Afores apuntalan obras públicas,Gobernabilidad,5,corto,Afores apuntalan obras públicas,,,,,,3,informativo,activo
auto-7c458cb758,"Sheinbaum, La Cadenera, y su muy fallido “NRDA”, escribe Juan Pablo Becerra-Acos",Gobernabilidad,5,corto,"Sheinbaum, La Cadenera, y su muy fallido “NRDA”, escribe Juan Pablo Becerra-Acosta - El Universal",,,,,,3,informativo,activo
auto-1fcaa5ba8d,Caso Ernestina Ascencio: activistas exigen reparación integral y una disculpa pú,Gobernabilidad,5,corto,Caso Ernestina Ascencio: activistas exigen reparación integral y una disculpa pública de Claudia Sheinbaum - El Sol de México,,,,,,3,informativo,activo
auto-e9a9befafe,"Obispos de México, EU y Canadá piden fraternidad ante migración y retos de la IA",Social,5,corto,"Obispos de México, EU y Canadá piden fraternidad ante migración y retos de la IA - 24 HORAS | El Diario sin Límites",,,,,,3,informativo,activo
auto-7e04bf0d2c,"A dos años de su partida, presentan poemario póstumo del poeta y periodista Wilf",Social,5,corto,"A dos años de su partida, presentan poemario póstumo del poeta y periodista Wilfrido López",,,,,,3,completo,activo
auto-64d2ac08f8,Exige Congreso proteger anidación de tortugas,Gobernabilidad,5,corto,Exige Congreso proteger anidación de tortugas,,,,,,3,informativo,activo
auto-ae06adb0c3,Lo + Cool,Gobernabilidad,5,corto,Lo + Cool,,,,,,3,informativo,activo
auto-9254b7030c,Tabasco recibe el tour,Gobernabilidad,5,corto,Tabasco recibe el tour,,,,,,1,completo,activo
auto-11006d328a,AMLO no llama; lo invocan,Gobernabilidad,5,corto,AMLO no llama; lo invocan,,,,,,3,informativo,activo
auto-a41478fe19,Traidores a la patria,Gobernabilidad,5,corto,Traidores a la patria,,,,,,3,informativo,activo
auto-e449bccf27,"¡Con las cheves, no!",Gobernabilidad,5,corto,"¡Con las cheves, no!",,,,,,3,informativo,activo
auto-30b4fc59ac,Sujetos enmascarados bloquean uno de los puertos más concurridos en Reino Unido ,Social,5,corto,Sujetos enmascarados bloquean uno de los puertos más concurridos en Reino Unido en rechazo a la migración - latinus.us,,,,,,3,informativo,activo
auto-aca84e2351,García Harfuch confirma dos agentes federales muertos tras ataque armado en Omea,Gobernabilidad,5,corto,"García Harfuch confirma dos agentes federales muertos tras ataque armado en Omealca, Veracruz",,,,,,3,completo,activo
auto-580ddb037a,"Sismo de magnitud 3.6 sacude las cercanías de Pinotepa Nacional, Oaxaca",Gobernabilidad,5,corto,"Sismo de magnitud 3.6 sacude las cercanías de Pinotepa Nacional, Oaxaca",,,,,,3,completo,activo
auto-07a0b64a36,EE. UU. quiere el petróleo de estos 17 campos en Venezuela,Relación Bilateral,5,corto,EE. UU. quiere el petróleo de estos 17 campos en Venezuela,,,,,,3,informativo,activo
auto-545e93c5cd,Nuevo decreto de Huacho Díaz amplía facultades de funcionario en Yucatán,Gobernabilidad,5,corto,Nuevo decreto de Huacho Díaz amplía facultades de funcionario en Yucatán,,,,,,3,informativo,activo
auto-4d3fa8adf7,Concentran 6 municipios la mayoría de los homicidios dolosos,Seguridad Nacional,5,corto,Concentran 6 municipios la mayoría de los homicidios dolosos,,,,,,3,completo,activo
auto-bc32874607,Caen cinco con arsenal de uso exclusivo del Ejército en Pinotepa,Gobernabilidad,5,corto,Caen cinco con arsenal de uso exclusivo del Ejército en Pinotepa,,,,,,3,informativo,activo
auto-42a2025f4e,Empresas ofrecieron vacantes en Xalapa y otros estados durante la  Feria del Emp,Gobernabilidad,5,corto,Empresas ofrecieron vacantes en Xalapa y otros estados durante la  Feria del Empleo UV,,,,,,3,informativo,activo
auto-2a36ab302c,Agresión contra agentes federales deja dos fallecidos y una herida en Veracruz,Gobernabilidad,5,corto,Agresión contra agentes federales deja dos fallecidos y una herida en Veracruz,,,,,,3,informativo,activo
auto-ebdaca811c,Claudia Sheinbaum prevé visitar Guanajuato el próximo 18 de septiembre como part,Gobernabilidad,5,corto,Claudia Sheinbaum prevé visitar Guanajuato el próximo 18 de septiembre como parte de su gira por su segundo in - MILENIO,,,,,,3,completo,activo
auto-54f641a19d,Sheinbaum auxilia a mujer tras caída; permanece hospitalizada bajo observación -,Gobernabilidad,5,corto,Sheinbaum auxilia a mujer tras caída; permanece hospitalizada bajo observación - Uniradio Informa,,,,,,3,informativo,activo
auto-d6bf3ce68d,"Desigualdad, migración y nostalgia: las claves del auge de la extrema derecha en",Social,5,corto,"Desigualdad, migración y nostalgia: las claves del auge de la extrema derecha en Alemania oriental - Yahoo",,,,,,3,informativo,activo
auto-2b1e53c055,¿'Lord Lamborghini’ se queda sin ‘chamba’?: Tribunal Electoral de Coahuila quita,Gobernabilidad,5,corto,¿'Lord Lamborghini’ se queda sin ‘chamba’?: Tribunal Electoral de Coahuila quita curul a Antonio Flores,,,,,,3,informativo,activo
auto-4b52154eb3,"Caso Farath Coronel: Detienen a escolta, es sospechoso del asesinato del colabor",Gobernabilidad,5,corto,"Caso Farath Coronel: Detienen a escolta, es sospechoso del asesinato del colaborador de ‘Hoy’",,,,,,3,informativo,activo
auto-e73c54762a,SIP alerta por riesgo a la libertad de expresión tras denuncia de Morena contra ,Gobernabilidad,5,corto,SIP alerta por riesgo a la libertad de expresión tras denuncia de Morena contra TV Azteca,,,,,,3,completo,activo
auto-8f8ed1013a,Veracruz será sede del Festival Internacional de Fotografía Periodística y Docum,Gobernabilidad,5,corto,Veracruz será sede del Festival Internacional de Fotografía Periodística y Documental Mirar Distinto,,,,,,3,completo,activo
auto-2ba4787302,Ofrece Sheinbaum diálogo para ampliar puerto de Manzanillo - El Comentario,Gobernabilidad,5,corto,Ofrece Sheinbaum diálogo para ampliar puerto de Manzanillo - El Comentario,,,,,,3,completo,activo
auto-ef5a9edf27,"Presidentes de México No Pueden Tener Doble o Triple Nacionalidad, Dice Sheinbau",Gobernabilidad,5,corto,"Presidentes de México No Pueden Tener Doble o Triple Nacionalidad, Dice Sheinbaum - N+",,,,,,3,completo,activo
auto-309009e11f,"Sheinbaum destaca apoyos en Colima; critica encuentro entre Fox y 'Alito': ""¿El ",Gobernabilidad,5,corto,"Sheinbaum destaca apoyos en Colima; critica encuentro entre Fox y 'Alito': ""¿El pueblo de México quiere volver - MILENIO",,,,,,3,completo,activo
auto-75a715c8d6,Pide iniciativa privada en Morelos seguridad y menos burocracia ante Sheinbaum -,Gobernabilidad,5,corto,Pide iniciativa privada en Morelos seguridad y menos burocracia ante Sheinbaum - Quadratín Morelos,,,,,,1,completo,activo
auto-0940c98238,Claudia Sheinbaum y Delfina Gómez avanzan en el saneamiento integral del Río Ler,Gobernabilidad,5,corto,Claudia Sheinbaum y Delfina Gómez avanzan en el saneamiento integral del Río Lerma - La Jornada Estado de México,,,,,,3,completo,activo
auto-d3871cf176,Así fue la noche del homicidio de Jonathan Meléndez y su familia; estas son las ,Seguridad Nacional,5,corto,Así fue la noche del homicidio de Jonathan Meléndez y su familia; estas son las posibles penas,,,,,,3,informativo,activo
auto-cf5f14faa9,¿Habrá megapuente por el 15 y 16 de septiembre en 2026?,Gobernabilidad,5,corto,¿Habrá megapuente por el 15 y 16 de septiembre en 2026?,,,,,,3,completo,activo
auto-f4a34e4fff,Sheinbaum pone a votación prohibir la doble o triple nacionalidad a aspirantes a,Gobernabilidad,5,corto,Sheinbaum pone a votación prohibir la doble o triple nacionalidad a aspirantes a la Presidencia - vanguardia.com.mx,,,,,,3,completo,activo
auto-0cdb86d277,Tres detenidos por asalto a pareja de adultos mayores en comisaría de Izamal,Seguridad Nacional,5,corto,Tres detenidos por asalto a pareja de adultos mayores en comisaría de Izamal,,,,,,3,informativo,activo
auto-22eba9f3db,Descarta Somos afectación por cambio de nombre,Gobernabilidad,5,corto,Descarta Somos afectación por cambio de nombre,,,,,,3,informativo,activo
auto-c2be40ce2c,Reconoce Gobierno de Juan Manuel Alonso el talento y liderazgo de las juventudes,Gobernabilidad,5,corto,Reconoce Gobierno de Juan Manuel Alonso el talento y liderazgo de las juventudes texmeluquenses - El Heraldo de Puebla,,,,,,3,informativo,activo
auto-f4523186ad,"Zenyazen Escobar: velorio del morenista convoca a Cuitláhuac García, Nahle y Mon",Gobernabilidad,5,corto,"Zenyazen Escobar: velorio del morenista convoca a Cuitláhuac García, Nahle y Monreal",,,,,,3,completo,activo
auto-97e5d740be,Ricardo Gallardo y Claudia Sheinbaum consolidad desarrollo y gobernabilidad en S,Gobernabilidad,5,corto,Ricardo Gallardo y Claudia Sheinbaum consolidad desarrollo y gobernabilidad en San Luis Potosí - Yahoo,,,,,,3,completo,activo
auto-d362c5e05e,"Ni pasajeros, ni turbosina, ni datos del avión: el Ejército oculta los datos y c",Gobernabilidad,5,corto,"Ni pasajeros, ni turbosina, ni datos del avión: el Ejército oculta los datos y costos del viaje de Sheinbaum a la final del Mundial de futbol - LatinUS",,,,,,3,informativo,activo
auto-8f0f6a837f,American Society of Mexico descarta que tener doble nacionalidad sea desleal tra,Gobernabilidad,5,corto,American Society of Mexico descarta que tener doble nacionalidad sea desleal tras iniciativa de Sheinbaum para prohibirla a candidatos - LatinUS,,,,,,3,completo,activo
auto-d113d76dc7,"“Es falso que hay una división con López Obrador; somos el mismo proyecto”, aseg",Gobernabilidad,5,corto,"“Es falso que hay una división con López Obrador; somos el mismo proyecto”, asegura Sheinbaum - LatinUS",,,,,,3,completo,activo
auto-4efaaf41da,Claudia Sheinbaum y Liz Westcott revisan avance de Trion y alianza Woodside-Peme,Relación Bilateral,5,corto,Claudia Sheinbaum y Liz Westcott revisan avance de Trion y alianza Woodside-Pemex - Petróleo y Energía,,,,,,3,completo,activo
auto-e5f040f156,Acusan de agresión a 2 guardias de un centro de detención de migrantes en Florid,Social,5,corto,Acusan de agresión a 2 guardias de un centro de detención de migrantes en Florida,,,,,,3,informativo,activo
auto-bf3da7611c,Sheinbaum anuncia inicio en 2027 del Tren México-Guadalajara - El Universal Hida,Gobernabilidad,5,corto,Sheinbaum anuncia inicio en 2027 del Tren México-Guadalajara - El Universal Hidalgo,,,,,,3,completo,activo
auto-a8d6bcd6d1,"La esencia de la 4T radica en no alejarse de las necesidades de las familias, di",Gobernabilidad,5,corto,"La esencia de la 4T radica en no alejarse de las necesidades de las familias, dice Sheinbaum; descarta distanciamiento con AMLO - El Universal",,,,,,3,informativo,activo
auto-3d5cac6872,"""Necesito encontrarlo"": Hilda buscó a Sheinbaum en su evento en Jalisco para ped",Gobernabilidad,5,corto,"""Necesito encontrarlo"": Hilda buscó a Sheinbaum en su evento en Jalisco para pedir ayuda por su hijo desaparecido - Telediario",,,,,,3,completo,activo
auto-6a86e67a20,"En Colima, Sheinbaum pone a votación en asamblea pública prohibir doble o triple",Gobernabilidad,5,corto,"En Colima, Sheinbaum pone a votación en asamblea pública prohibir doble o triple nacionalidad a Presidentes - El Universal",,,,,,3,completo,activo
auto-24a8f30a25,Huracán Lowell alcanza la categoría 4 en el Pacífico y amenaza Hawaii con lluvia,Gobernabilidad,5,corto,Huracán Lowell alcanza la categoría 4 en el Pacífico y amenaza Hawaii con lluvias e inundaciones,,,,,,3,completo,activo
auto-d830a0065d,Larry Rubin ve ‘gravísimo error’ en propuesta de Sheinbaum para prohibir candida,Gobernabilidad,5,corto,Larry Rubin ve ‘gravísimo error’ en propuesta de Sheinbaum para prohibir candidatos con doble nacionalidad - El Financiero,,,,,,3,completo,activo
auto-88cb2dd7b0,Sheinbaum pone a votación en Colima prohibir doble o triple nacionalidad a Presi,Gobernabilidad,5,corto,Sheinbaum pone a votación en Colima prohibir doble o triple nacionalidad a Presidentes - Yahoo,,,,,,3,completo,activo
auto-b6de8facd5,INE informa que más de 100 mil yucatecos deberán renovar su credencial para vota,Gobernabilidad,5,corto,"INE informa que más de 100 mil yucatecos deberán renovar su credencial para votar, para el proceso electoral de 2027",,,,,,3,informativo,activo
auto-76d0f30bc4,Adán Augusto López “filtrará” a aspirantes de Morena con nexos delictivos o “inc,Gobernabilidad,5,corto,Adán Augusto López “filtrará” a aspirantes de Morena con nexos delictivos o “incómodos”,,,,,,3,completo,activo
auto-2bc5208f85,"Chicharroniza, bailongo y pedradas",Gobernabilidad,5,corto,"Chicharroniza, bailongo y pedradas",,,,,,3,informativo,activo
auto-5eb7aa979a,"Pese a acuerdos, mantienen bloqueo en la Villahermosa-Frontera",Gobernabilidad,5,corto,"Pese a acuerdos, mantienen bloqueo en la Villahermosa-Frontera",,,,,,3,completo,activo
auto-e026d143ec,DEA se da crédito por decomiso histórico de metanfetamina,Relación Bilateral,5,corto,DEA se da crédito por decomiso histórico de metanfetamina,,,,,,3,informativo,activo
auto-446e81ed93,Jorge Durand: Adiós al muro,Social,5,corto,Jorge Durand: Adiós al muro,,,,,,3,informativo,activo
auto-08e2485298,Defensa: se atendió en un año a casi 160 mil militares con tentación suicida,Seguridad Nacional,5,corto,Defensa: se atendió en un año a casi 160 mil militares con tentación suicida,,,,,,3,informativo,activo
auto-52d955f410,Denuncia acoso y represalias en el Tribunal de Disciplina Judicial,Gobernabilidad,5,corto,Denuncia acoso y represalias en el Tribunal de Disciplina Judicial,,,,,,3,informativo,activo
auto-e1c20eda58,Políticos mexicanos convierten a España en destino preferido,Gobernabilidad,5,corto,Políticos mexicanos convierten a España en destino preferido,,,,,,1,completo,activo
auto-df38ea0842,Ana María Aragonés: El laboratorio venezolano y los migrantes,Social,5,corto,Ana María Aragonés: El laboratorio venezolano y los migrantes,,,,,,3,completo,activo
auto-900a40f6df,Fox y Alito quieren volver al pasado de corrupción y privilegios: Presidenta,Gobernabilidad,5,corto,Fox y Alito quieren volver al pasado de corrupción y privilegios: Presidenta,,,,,,3,informativo,activo
auto-1232f2c290,"Cayó 97% el flujo por el Darién, reporta OIM",Gobernabilidad,5,corto,"Cayó 97% el flujo por el Darién, reporta OIM",,,,,,3,informativo,activo
auto-ff5e1d4a9f,Rolando Cordera Campos: Al revés de la cortina,Gobernabilidad,5,corto,Rolando Cordera Campos: Al revés de la cortina,,,,,,3,informativo,activo
auto-9151121939,“Lucha antirracista corresponde a todos”: funcionaria brasileña,Gobernabilidad,5,corto,“Lucha antirracista corresponde a todos”: funcionaria brasileña,,,,,,3,informativo,activo
auto-44c6bd3c41,"Atajar narcocandidaturas, nueva tarea del INE",Seguridad Nacional,5,corto,"Atajar narcocandidaturas, nueva tarea del INE",,,,,,3,informativo,activo
auto-00c3b93f74,"El pueblo es el camino; el pueblo, nuestro destino: presidenta Claudia Sheinbaum",Gobernabilidad,5,corto,"El pueblo es el camino; el pueblo, nuestro destino: presidenta Claudia Sheinbaum en Tepic ante cerca de 35 mil Nayaritas - gob.mx",,,,,,3,completo,activo
auto-c164a99773,Claudia Sheinbaum presenta en Nayarit resultados y nuevos proyectos para el esta,Gobernabilidad,5,corto,Claudia Sheinbaum presenta en Nayarit resultados y nuevos proyectos para el estado - Nayarit Noticias,,,,,,3,completo,activo
auto-414fcf3251,Larry Rubin ve ‘gravísimo error’ en iniciativa de Sheinbaum contra candidatos co,Gobernabilidad,5,corto,Larry Rubin ve ‘gravísimo error’ en iniciativa de Sheinbaum contra candidatos con doble nacionalidad,,,,,,3,completo,activo
auto-35883853b4,Claudia Sheinbaum prepara el Paquete Económico 2027 para reducir el déficit sin ,Gobernabilidad,5,corto,"Claudia Sheinbaum prepara el Paquete Económico 2027 para reducir el déficit sin recortar la inversión pública ni los recursos para salud, educación y bienestar, mientras el gobierno perfila cambios al IEPS para combatir la evasión fiscal - El Imparcial",,,,,,3,completo,activo
auto-3348f40d12,Mapa político dividido: pugnas internas y erario definirán la elección en 2027 e,Gobernabilidad,5,corto,Mapa político dividido: pugnas internas y erario definirán la elección en 2027 en Yucatán,,,,,,1,completo,activo
auto-5cd10ff6a5,Habría otro paro en transporte en Yucatán: deuda de la ATY pone en riesgo el ser,Gobernabilidad,5,corto,"Habría otro paro en transporte en Yucatán: deuda de la ATY pone en riesgo el servicio, reiteran",,,,,,3,informativo,activo
auto-cf2ebbe6da,La semana hace 50 años. Incertidumbre en Yucatán por la “flotación” del peso,Economía,5,corto,La semana hace 50 años. Incertidumbre en Yucatán por la “flotación” del peso,,,,,,3,informativo,activo
auto-6d308458e5,El Show de la grilla,Gobernabilidad,5,corto,El Show de la grilla,,,,,,3,informativo,activo
auto-2a30753573,Herencia al comal,Gobernabilidad,5,corto,Herencia al comal,,,,,,3,informativo,activo
auto-8d03b80be3,Desmantelan narcolaboratorios destinados a producir metanfetaminas en Guerrero,Seguridad Nacional,5,corto,Desmantelan narcolaboratorios destinados a producir metanfetaminas en Guerrero,,,,,,3,informativo,activo
auto-5152825b52,Segundo Simulacro Nacional 2026: ¿En qué estados sonará la alerta sísmica?,Relación Bilateral,5,corto,Segundo Simulacro Nacional 2026: ¿En qué estados sonará la alerta sísmica?,,,,,,3,completo,activo
auto-b50a7a1f57,Lluvias intensas azotarán varios estados de México este 6 de septiembre,Gobernabilidad,5,corto,Lluvias intensas azotarán varios estados de México este 6 de septiembre,,,,,,3,completo,activo
auto-f6cf2bf34e,Bonos mexicanos bajo presión: por qué los inversionistas no terminan de convence,Gobernabilidad,5,corto,Bonos mexicanos bajo presión: por qué los inversionistas no terminan de convencerse con Sheinbaum - Infobae,,,,,,3,informativo,activo
auto-3d271f4dc2,"Sandra Calvo presenta ""Copias del abandono"", una investigación sobre la migració",Social,5,corto,"Sandra Calvo presenta ""Copias del abandono"", una investigación sobre la migración entre México y Estados Unidos - ArchDaily",,,,,,3,informativo,activo
auto-d9a070a899,"Arena Potosí, el símbolo del proyecto político de Gallardo en visita de Sheinbau",Gobernabilidad,5,corto,"Arena Potosí, el símbolo del proyecto político de Gallardo en visita de Sheinbaum: Jorge Saldaña - emsavalles.com",,,,,,1,completo,activo
auto-8dde038848,Carlos Slim le mete lana a Polanco: ¿Qué obras realiza en una de las zonas más e,Economía,5,corto,Carlos Slim le mete lana a Polanco: ¿Qué obras realiza en una de las zonas más exclusivas de CDMX?,,,,,,3,completo,activo
auto-ba11927bbf,¡La pólvora que convirtió una fiesta en horror! Nueve muertos y más de 50 herido,Gobernabilidad,5,corto,¡La pólvora que convirtió una fiesta en horror! Nueve muertos y más de 50 heridos en Temascalcingo,,,,,,3,informativo,activo
auto-46a3beeefa,Migrantes de la caravana “Sueños sin fronteras” piden documentos para seguir su ,Social,5,corto,Migrantes de la caravana “Sueños sin fronteras” piden documentos para seguir su trayecto en autobús - La Jornada,,,,,,3,informativo,activo
auto-5ebc96627f,"Desde Colima, Sheinbaum exhibe al ""PRIAN"" tras la visita de Vicente Fox a la sed",Gobernabilidad,5,corto,"Desde Colima, Sheinbaum exhibe al ""PRIAN"" tras la visita de Vicente Fox a la sede nacional del PRI - MAGMA Noticias",,,,,,3,completo,activo
auto-18f58deb44,Oscar Bautista anticipa respaldo al presupuesto de Sheinbaum para 2027 - emsaval,Gobernabilidad,5,corto,Oscar Bautista anticipa respaldo al presupuesto de Sheinbaum para 2027 - emsavalles.com,,,,,,3,completo,activo
auto-bd05d72756,Denuncian extracción de material pétreo en el río Copalita; piden intervención d,Relación Bilateral,5,corto,Denuncian extracción de material pétreo en el río Copalita; piden intervención de autoridades,,,,,,3,completo,activo
auto-3c1ff0d5e7,“El Río de las Codornices”: el santuario de manglares en agua dulce,Gobernabilidad,5,corto,“El Río de las Codornices”: el santuario de manglares en agua dulce,,,,,,3,informativo,activo
auto-f2dc173e34,Sheinbaum llega a Monterrey y es recibida por Samuel García,Gobernabilidad,5,corto,Sheinbaum llega a Monterrey y es recibida por Samuel García,,,,,,3,completo,activo
auto-8950e16d3c,‘No hay pueblo más trabajador que el de México’: Claudia Sheinbaum lanza mensaje,Gobernabilidad,5,corto,‘No hay pueblo más trabajador que el de México’: Claudia Sheinbaum lanza mensaje sobre soberanía en NL - elfinanciero.com.mx,,,,,,3,completo,activo
auto-ff54e8ab9e,Cuatro muertos en Nayarit tras chocar un autobús donde viajaban asistentes a un ,Gobernabilidad,5,corto,Cuatro muertos en Nayarit tras chocar un autobús donde viajaban asistentes a un mitin de Sheinbaum - EL PAÍS,,,,,,3,informativo,activo
auto-1aa2722881,"Los 57 años del Metro viajan a nivel nacional, a través de billete de Lotería",Gobernabilidad,5,corto,"Los 57 años del Metro viajan a nivel nacional, a través de billete de Lotería",,,,,,3,completo,activo
auto-6fd7cd13da,Revelan LISTA con nombres de las víctimas del accidente entre camión de pasajero,Gobernabilidad,5,corto,"Revelan LISTA con nombres de las víctimas del accidente entre camión de pasajeros y tráiler en Rosamorada, Nayarit; hay 4 muertos",,,,,,3,completo,activo
auto-a304a384cf,Delfina Gómez envía sus condolencias a familias de las víctimas por explosión de,Gobernabilidad,5,corto,Delfina Gómez envía sus condolencias a familias de las víctimas por explosión de pirotecnia en Temascalcingo,,,,,,3,completo,activo
auto-ea56f68f9b,&quot;Una observación de auditoría no es un desfalco&quot;: Abelina López Rodríg,Gobernabilidad,5,corto,&quot;Una observación de auditoría no es un desfalco&quot;: Abelina López Rodríguez se defiende,,,,,,3,completo,activo
auto-e3582eb598,Avión de Amazon se sale de pista y se incendia en Miami; FFA investiga incidente,Gobernabilidad,5,corto,Avión de Amazon se sale de pista y se incendia en Miami; FFA investiga incidente,,,,,,3,informativo,activo
auto-421629d0c8,¿De quién son los lujos? Josefina Rodríguez se deslinda de su pareja y hermano: ,Gobernabilidad,5,corto,¿De quién son los lujos? Josefina Rodríguez se deslinda de su pareja y hermano: ‘No tengo nada que ocultar’,,,,,,3,informativo,activo
auto-c1ffc0d291,Elecciones intermedias en EE. UU.: cada vez más estadounidenses se identifican c,Relación Bilateral,5,corto,Elecciones intermedias en EE. UU.: cada vez más estadounidenses se identifican como demócratas,,,,,,1,completo,activo
auto-9782cf2b35,Sondeos dan ventaja al partido de ultraderecha AfD en Sajonia-Anhalt y podría al,Gobernabilidad,5,corto,Sondeos dan ventaja al partido de ultraderecha AfD en Sajonia-Anhalt y podría alcanzar la mayoría absoluta,,,,,,3,informativo,activo
auto-6780d7a7da,Crece el conflicto en la Preparatoria 4 de Tehuantepec: 20 días de protesta y si,Social,5,corto,Crece el conflicto en la Preparatoria 4 de Tehuantepec: 20 días de protesta y sin acuerdo,,,,,,3,informativo,activo
auto-579bc576aa,"En vísperas del proceso electoral, Vicente Aguilar renuncia al Partido del Traba",Gobernabilidad,5,corto,"En vísperas del proceso electoral, Vicente Aguilar renuncia al Partido del Trabajo, se suma a Morena",,,,,,3,completo,activo
auto-ccda65cdff,"Detienen en Puebla a Samuel Alberto N., implicado en el feminicidio de Camino a ",Gobernabilidad,5,corto,"Detienen en Puebla a Samuel Alberto N., implicado en el feminicidio de Camino a Xilotzingo",,,,,,3,completo,activo
auto-59292fb070,INAH confirma retiro de las pipas del predio La Virgen en Cholula y asegura prot,Gobernabilidad,5,corto,INAH confirma retiro de las pipas del predio La Virgen en Cholula y asegura protección,,,,,,3,informativo,activo
auto-48624a5e73,Anuncian creación del “Central Park Mixteco” y obras viales por 43.2 mdp en Izúc,Economía,5,corto,Anuncian creación del “Central Park Mixteco” y obras viales por 43.2 mdp en Izúcar,,,,,,3,informativo,activo
auto-8b8f2a5d8f,"“Hemos luchado porque no haya tanta opulencia ni indigencia”, asegura Sheinbaum ",Gobernabilidad,5,corto,"“Hemos luchado porque no haya tanta opulencia ni indigencia”, asegura Sheinbaum en NL; no asiste el gobernador Samuel García - LatinUS",,,,,,3,completo,activo
auto-1c29f655cf,Alcaldes y asociaciones civiles piden a Sheinbaum investigar al legislativo de N,Gobernabilidad,5,corto,Alcaldes y asociaciones civiles piden a Sheinbaum investigar al legislativo de NL por el delito de extorsión - La Jornada,,,,,,3,completo,activo
auto-3afa570764,Guardia Nacional Guerrero: confirman hallazgo de agente sin vida y despliegan op,Seguridad Nacional,5,corto,Guardia Nacional Guerrero: confirman hallazgo de agente sin vida y despliegan operativo,,,,,,3,completo,activo
auto-2558203310,"Emboscan a exalcalde de Coahuayutla, Guerrero: PRD condena asesinato de Gilberto",Gobernabilidad,5,corto,"Emboscan a exalcalde de Coahuayutla, Guerrero: PRD condena asesinato de Gilberto Dorantes",,,,,,3,completo,activo
auto-f5848180d4,"Violencia, accidentes y movilizaciones de emergencia marcan el fin de semana en ",Seguridad Nacional,5,corto,"Violencia, accidentes y movilizaciones de emergencia marcan el fin de semana en Veracruz",,,,,,3,informativo,activo
auto-3117df10fb,Liberan 73.9 millones de moscas estériles en Chihuahua y Sonora; reducen 71% cas,Gobernabilidad,5,corto,Liberan 73.9 millones de moscas estériles en Chihuahua y Sonora; reducen 71% casos activos,,,,,,3,informativo,activo
auto-6ed1bf8e54,"Sin registro, Partido PAZ toma protesta a José Momox como dirigente en Puebla; f",Social,5,corto,"Sin registro, Partido PAZ toma protesta a José Momox como dirigente en Puebla; fue líder del PES",,,,,,3,completo,activo
auto-58f34f481f,Nada mancha la aprobación de Sheinbaum - Exilio periodismo binacional,Gobernabilidad,5,corto,Nada mancha la aprobación de Sheinbaum - Exilio periodismo binacional,,,,,,3,completo,activo
auto-a80c90e2d5,Visita Saltillo Claudia Sheinbaum; asegura que continuarán obras iniciadas en el,Gobernabilidad,5,corto,Visita Saltillo Claudia Sheinbaum; asegura que continuarán obras iniciadas en el sexenio - elheraldodesaltillo.mx,,,,,,3,completo,activo
auto-c5f24d23bb,Somos un gobierno del y para el pueblo: presidenta Sheinbaum - Parabolica.mx,Gobernabilidad,5,corto,Somos un gobierno del y para el pueblo: presidenta Sheinbaum - Parabolica.mx,,,,,,3,completo,activo
auto-22a45ddc83,Waldo Fernández señala ausencia del Ejecutivo Estatal en evento Sheinbaum por te,Gobernabilidad,5,corto,Waldo Fernández señala ausencia del Ejecutivo Estatal en evento Sheinbaum por temor a críticas - MVS Noticias,,,,,,3,completo,activo
auto-2f331ed9a4,Fiscalía Anticorrupción de Veracruz tiene 80 expedientes pendientes por presunto,Gobernabilidad,5,corto,Fiscalía Anticorrupción de Veracruz tiene 80 expedientes pendientes por presunto desvío de recursos,,,,,,3,completo,activo
auto-2159e25b17,‘Nuevo León no aguanta más’: Alcaldes mandan carta a Sheinbaum para que actúe co,Gobernabilidad,5,corto,‘Nuevo León no aguanta más’: Alcaldes mandan carta a Sheinbaum para que actúe contra Samuel García - El Financiero,,,,,,3,completo,activo
auto-59af3e17fb,"Participaron 150 mil personas en gira de rendición de cuentas, asegura Sheinbaum",Gobernabilidad,5,corto,"Participaron 150 mil personas en gira de rendición de cuentas, asegura Sheinbaum; el amor es correspondido, dice - El Universal",,,,,,3,completo,activo
auto-6a04839aa0,Abelina López niega desfalco millonario en Acapulco: ‘Que se revise todo’,Gobernabilidad,5,corto,Abelina López niega desfalco millonario en Acapulco: ‘Que se revise todo’,,,,,,3,completo,activo
auto-a3cde516d7,Autoridades aseguran 12 mil 900 litros de hidrocarburo tras cuatro cateos en Hid,Seguridad Nacional,5,corto,Autoridades aseguran 12 mil 900 litros de hidrocarburo tras cuatro cateos en Hidalgo,,,,,,3,informativo,activo
auto-3c294f152d,Hawái declara estado de emergencia ante huracán Lowell,Gobernabilidad,5,corto,Hawái declara estado de emergencia ante huracán Lowell,,,,,,3,informativo,activo
auto-0eaac64ca2,Operativo en aeropuerto de Mazatlán tras reporte de ataque a balazos,Seguridad Nacional,5,corto,Operativo en aeropuerto de Mazatlán tras reporte de ataque a balazos,,,,,,3,informativo,activo
auto-79b57046a5,"Emboscan y privan de la vida a exalcalde perredista de Coahuayutla, Guerrero",Gobernabilidad,5,corto,"Emboscan y privan de la vida a exalcalde perredista de Coahuayutla, Guerrero",,,,,,3,informativo,activo
auto-cb244abac1,Sheinbaum acusa seis sexenios de empobrecimiento previos a AMLO,Gobernabilidad,5,corto,Sheinbaum acusa seis sexenios de empobrecimiento previos a AMLO,,,,,,1,completo,activo
auto-024bdb4be0,García Parra lanza reto de antidoping; PAN lo sigue y pide que Armenta muestre s,Gobernabilidad,5,corto,García Parra lanza reto de antidoping; PAN lo sigue y pide que Armenta muestre su prueba,,,,,,3,completo,activo
auto-475b1a727d,"Con la presidenta Claudia Sheinbaum y el gobernador Alfonso Durazo, la educación",Gobernabilidad,5,corto,"Con la presidenta Claudia Sheinbaum y el gobernador Alfonso Durazo, la educación es un derecho y no un privilegio: Lorenia Vall - Dossier Político",,,,,,3,completo,activo
auto-8c07fd584a,Monitor Morelos: “La mayor transformación ha sido haber convertido el amor en po,Gobernabilidad,5,corto,"Monitor Morelos: “La mayor transformación ha sido haber convertido el amor en política pública, y la política pública en derechos"": Claudia Sheinbaum Pardo - La Jornada Morelos",,,,,,3,informativo,activo
auto-af39ab747c,Inversión en el Oriente de Mérida,Relación Bilateral,5,corto,Inversión en el Oriente de Mérida,,,,,,3,informativo,activo
auto-c5d1916fd5,"Un acuerdo entre Rusia y Ucrania,  improbable",Relación Bilateral,5,corto,"Un acuerdo entre Rusia y Ucrania,  improbable",,,,,,3,informativo,activo
auto-549d9f6977,"La tormenta ""Marie"" se aleja de costas mexicanas",Gobernabilidad,5,corto,"La tormenta ""Marie"" se aleja de costas mexicanas",,,,,,3,informativo,activo
auto-708f865cd2,Fiscal Ernestina Godoy galardona a miembros de la policía ministerial,Gobernabilidad,5,corto,Fiscal Ernestina Godoy galardona a miembros de la policía ministerial,,,,,,3,informativo,activo
auto-16e3696fe2,Arturo Balderas Rodríguez: Controversia sobre los almacenes de información elect,Gobernabilidad,5,corto,Arturo Balderas Rodríguez: Controversia sobre los almacenes de información electrónica,,,,,,3,informativo,activo
auto-fb07959a0a,Manuel Pérez Rocha L.*: Unidad ante el despojo y racismo en Honduras,Relación Bilateral,5,corto,Manuel Pérez Rocha L.*: Unidad ante el despojo y racismo en Honduras,,,,,,3,informativo,activo
auto-0b8612f028,"En lo que ellos se matan, hay que aliarnos, dice el líder de AN sobre guindas",Gobernabilidad,5,corto,"En lo que ellos se matan, hay que aliarnos, dice el líder de AN sobre guindas",,,,,,3,informativo,activo
auto-614379801c,Destaca informe despliegue de seguridad en el AICM,Gobernabilidad,5,corto,Destaca informe despliegue de seguridad en el AICM,,,,,,1,completo,activo
auto-8cb61efd82,Plan de acción,Gobernabilidad,5,corto,Plan de acción,,,,,,3,informativo,activo
auto-7f13542ac7,Narcos asesinan a elemento de la Guardia Nacional en Guerrero,Seguridad Nacional,5,corto,Narcos asesinan a elemento de la Guardia Nacional en Guerrero,,,,,,3,completo,activo
auto-58398495bf,"PJF enfrenta sobrecarga de trabajo, recortes y un rezago de 62% en los expedient",Gobernabilidad,5,corto,"PJF enfrenta sobrecarga de trabajo, recortes y un rezago de 62% en los expedientes",,,,,,1,completo,activo
auto-f27390a021,“El servicio educativo tendrá éxito en la medida en que sea comunitario”,Gobernabilidad,5,corto,“El servicio educativo tendrá éxito en la medida en que sea comunitario”,,,,,,3,informativo,activo
auto-a736fc7d8a,Sheinbaum explica por qué es importante denunciar las páginas dedicadas a la pro,Economía,5,corto,Sheinbaum explica por qué es importante denunciar las páginas dedicadas a la propaganda - El Heraldo de México,,,,,,3,completo,activo
auto-111f9667e8,Cuestiona CSP plan de Trump sobre lobo mexicano - reforma.com,Relación Bilateral,5,corto,Cuestiona CSP plan de Trump sobre lobo mexicano - reforma.com,,,,,,1,completo,activo
auto-0049aef91a,Sheinbaum defiende sistema electoral mexicano ante alertas de Gustavo Petro - Ló,Gobernabilidad,5,corto,Sheinbaum defiende sistema electoral mexicano ante alertas de Gustavo Petro - López-Dóriga Digital,,,,,,3,completo,activo
auto-c8bdd3f548,China ‘reprocha’ a México aranceles... y le advierte que no tolerará ‘interferen,Relación Bilateral,5,corto,China ‘reprocha’ a México aranceles... y le advierte que no tolerará ‘interferencias externas’,,,,,,3,completo,activo
auto-1f9611614a,Trump sugiere cambiar nombre de Nuevo México por ‘Nueva América’: ¿Puede hacerlo,Relación Bilateral,5,corto,Trump sugiere cambiar nombre de Nuevo México por ‘Nueva América’: ¿Puede hacerlo?,,,,,,3,informativo,activo
auto-4480d1b6b5,Espionaje en la Condesa,Gobernabilidad,5,corto,Espionaje en la Condesa,,,,,,3,informativo,activo
auto-b3b533307f,Energía pura de Óscar Abraham Robles en el ciclismo,Gobernabilidad,5,corto,Energía pura de Óscar Abraham Robles en el ciclismo,,,,,,3,informativo,activo
auto-c9b5a1fee1,Argos llegó desde Orizaba y cambió la vida de Luis: juntos caminan 30 cuadras en,Gobernabilidad,5,corto,Argos llegó desde Orizaba y cambió la vida de Luis: juntos caminan 30 cuadras en Xalapa,,,,,,3,informativo,activo
auto-d43d7f46d0,Es un título muy merecido: Gonzalo Medina,Gobernabilidad,5,corto,Es un título muy merecido: Gonzalo Medina,,,,,,3,informativo,activo
auto-17340e4d6f,Comalcalco entrega cuentas tras 700 días,Gobernabilidad,5,corto,Comalcalco entrega cuentas tras 700 días,,,,,,3,informativo,activo
auto-1e16c2a819,Charreadas electorales marca Haces,Relación Bilateral,5,corto,Charreadas electorales marca Haces,,,,,,3,informativo,activo
auto-07f10b24fe,Baja cabildo a comunidades en Nacajuca,Gobernabilidad,5,corto,Baja cabildo a comunidades en Nacajuca,,,,,,3,informativo,activo
auto-0125599f82,"Independencia, los Olmecas y la visita presidencial de CSP",Relación Bilateral,5,corto,"Independencia, los Olmecas y la visita presidencial de CSP",,,,,,1,completo,activo
auto-b81476be74,"Septiembre, mes del testamento: hereda tranquilidad, no problemas",Gobernabilidad,5,corto,"Septiembre, mes del testamento: hereda tranquilidad, no problemas",,,,,,3,informativo,activo
auto-b31117d69c,"“Se dividieron, hay algún interés detrás del bloqueo”",Gobernabilidad,5,corto,"“Se dividieron, hay algún interés detrás del bloqueo”",,,,,,3,informativo,activo
auto-bbb2b8e67a,"El obispo de Tabasco, Gerardo de Jesús Rojas López hizo un llamado a la inversió",Gobernabilidad,5,corto,"El obispo de Tabasco, Gerardo de Jesús Rojas López hizo un llamado a la inversión privada",,,,,,3,completo,activo
auto-3b4009f606,El verdadero costo,Seguridad Nacional,5,corto,El verdadero costo,,,,,,3,informativo,activo
auto-4e00375ae1,Pérdidas de 20 mdp deja bloqueo,Gobernabilidad,5,corto,Pérdidas de 20 mdp deja bloqueo,,,,,,3,informativo,activo
auto-5d57879377,"Elecciones 2027: Fechas clave, cargos en juego y las preferencias",Gobernabilidad,5,corto,"Elecciones 2027: Fechas clave, cargos en juego y las preferencias",,,,,,1,completo,activo
auto-f0073e416c,Proyecta Sheinbaum apoyo a 42.8 millones de personas con programas del Bienestar,Gobernabilidad,5,corto,Proyecta Sheinbaum apoyo a 42.8 millones de personas con programas del Bienestar - ADN | A Diario Network,,,,,,3,completo,activo
auto-b118a7f64f,“No ha habido un aumento de impuestos ni va a haber”: Sheinbaum sobre el Paquete,Gobernabilidad,5,corto,“No ha habido un aumento de impuestos ni va a haber”: Sheinbaum sobre el Paquete Económico 2027 - López-Dóriga Digital,,,,,,3,completo,activo
auto-50095d3af5,Cobre marca máximo histórico en Londres ante expectativa de nuevos aranceles de ,Relación Bilateral,5,corto,Cobre marca máximo histórico en Londres ante expectativa de nuevos aranceles de Trump - Bloomberg Línea,,,,,,3,informativo,activo
auto-0630ab1bed,"Pese a la tensión con Donald Trump, México le vende más que nadie a Estados Unid",Relación Bilateral,5,corto,"Pese a la tensión con Donald Trump, México le vende más que nadie a Estados Unidos",,,,,,1,completo,activo
auto-202c40a241,"Decomisan arsenal en Michoacán: Sedena asegura armas largas, cartuchos y explosi",Seguridad Nacional,5,corto,"Decomisan arsenal en Michoacán: Sedena asegura armas largas, cartuchos y explosivos",,,,,,3,informativo,activo
auto-8de5114cd4,Ponen en marcha la licitación para la rehabilitación del trenecito del zoológico,Gobernabilidad,5,corto,Ponen en marcha la licitación para la rehabilitación del trenecito del zoológico del Centenario de Mérida,,,,,,3,informativo,activo
auto-c5fd04113e,Los límites de la campaña anti-China de EE. UU. se dejan ver en Perú,Relación Bilateral,5,corto,Los límites de la campaña anti-China de EE. UU. se dejan ver en Perú,,,,,,3,informativo,activo
auto-3af2094284,Anuncia SNTE reunión con Sefiplan para revisar pagos de pensiones pendientes des,Relación Bilateral,5,corto,Anuncia SNTE reunión con Sefiplan para revisar pagos de pensiones pendientes desde enero,,,,,,3,informativo,activo
auto-1f96736d2f,Maestros jubilados protestan en Plaza Lerdo por pensión negada a familiares de d,Social,5,corto,Maestros jubilados protestan en Plaza Lerdo por pensión negada a familiares de docente fallecido: “se murió con 40 años de servicio”,,,,,,3,informativo,activo
auto-a26cd80d11,Trump desata polémica por posible uniforme de la Fuerza Espacial de EU,Relación Bilateral,5,corto,Trump desata polémica por posible uniforme de la Fuerza Espacial de EU,,,,,,3,informativo,activo
auto-65b631389b,Gasolineras mantendrán gasolina por debajo de 24 pesos hasta marzo,Economía,5,corto,Gasolineras mantendrán gasolina por debajo de 24 pesos hasta marzo,,,,,,3,informativo,activo
auto-a81f7eb666,"Un diputado asesinado, un estado sin ley - Diario de Chiapas",Gobernabilidad,5,corto,"Un diputado asesinado, un estado sin ley - Diario de Chiapas",,,,,,3,completo,activo
auto-fe690c7c13,Protección Civil alerta por lluvias intensas y riesgo de inundaciones en 21 esta,Gobernabilidad,5,corto,Protección Civil alerta por lluvias intensas y riesgo de inundaciones en 21 estados,,,,,,3,informativo,activo
auto-9509edb163,Canadá implementa aranceles de represalia mientras Trump amenaza con una escalad,Relación Bilateral,5,corto,Canadá implementa aranceles de represalia mientras Trump amenaza con una escalada - The New York Times,,,,,,3,completo,activo
auto-802c18b930,"“No ha habido un aumento de impuestos ni va a haber”, asegura Sheinbaum previo a",Gobernabilidad,5,corto,"“No ha habido un aumento de impuestos ni va a haber”, asegura Sheinbaum previo a la presentación del Paquete Económico 2027 - LatinUS",,,,,,3,completo,activo
auto-5b6ee11aac,Sismológico Nacional no reporta actividad sísmica relevante este 7 de septiembre,Gobernabilidad,5,corto,Sismológico Nacional no reporta actividad sísmica relevante este 7 de septiembre,,,,,,3,completo,activo
auto-6818352fee,"Operativo Enjambre detuvo a Isaac 'N', alcalde de Esperanza, y a exdirectora de ",Gobernabilidad,5,corto,"Operativo Enjambre detuvo a Isaac 'N', alcalde de Esperanza, y a exdirectora de Seguridad municipal en Puebla, confirma Omar García Harfuch",,,,,,3,completo,activo
auto-80beef7668,"Mara Lezama propone construir un Centro financiero en Cancún, informa Sheinbaum",Gobernabilidad,5,corto,"Mara Lezama propone construir un Centro financiero en Cancún, informa Sheinbaum",,,,,,1,completo,activo
auto-ce0f92a637,El canciller mexicano llega a Pekín en medio de las fricciones comerciales entre,Gobernabilidad,5,corto,El canciller mexicano llega a Pekín en medio de las fricciones comerciales entre China y México,,,,,,3,informativo,activo
auto-dde487eb65,Colapsa el techo de salón de clases en primaria de Yucatán; dos alumnos lesionad,Gobernabilidad,5,corto,Colapsa el techo de salón de clases en primaria de Yucatán; dos alumnos lesionados,,,,,,3,informativo,activo
auto-374aa12bd0,La ONU enciende las alarmas por la IA: “una IA demasiado poderosa” puede escapar,Gobernabilidad,5,corto,La ONU enciende las alarmas por la IA: “una IA demasiado poderosa” puede escapar al control,,,,,,3,completo,activo
auto-66cb1e83d1,Nacajuca ajustará salarios para evitar despidos y cerrar el año sin deuda,Gobernabilidad,5,corto,Nacajuca ajustará salarios para evitar despidos y cerrar el año sin deuda,,,,,,3,informativo,activo
auto-0e5b33c38f,Edison García impugna ante el TET designación de presidenta interina de Paraíso,Social,5,corto,Edison García impugna ante el TET designación de presidenta interina de Paraíso,,,,,,3,completo,activo
auto-2e87d1c93d,Acusa Morena campaña para hacer creer que gritos eran contra Sheinbaum - El Come,Gobernabilidad,5,corto,Acusa Morena campaña para hacer creer que gritos eran contra Sheinbaum - El Comentario,,,,,,1,completo,activo
auto-117e88c542,Resultados Chispazo de las Tres HOY: números ganadores del sorteo 12237 lunes 7 ,Gobernabilidad,5,corto,Resultados Chispazo de las Tres HOY: números ganadores del sorteo 12237 lunes 7 de septiembre 2026 Lotería Nacional,,,,,,3,completo,activo
auto-9ca1dd70fc,Arturo Maximiliano García lidera preferencias a la alcaldía de Querétaro y aboga,Gobernabilidad,5,corto,Arturo Maximiliano García lidera preferencias a la alcaldía de Querétaro y aboga por mantener alianza partidista en 2027,,,,,,3,completo,activo
auto-e96b18d559,"Representantes del PRI, PAN y Morena debaten sobre la iniciativa de reforma de l",Gobernabilidad,5,corto,"Representantes del PRI, PAN y Morena debaten sobre la iniciativa de reforma de la doble nacionalidad",,,,,,3,completo,activo
auto-1c37bc4a55,Guardia Nacional lamenta asesinato de agente hallado entre cuatro víctimas en Gu,Seguridad Nacional,5,corto,Guardia Nacional lamenta asesinato de agente hallado entre cuatro víctimas en Guerrero,,,,,,3,completo,activo
auto-df13770256,"Monreal defiende a Pedro Haces y la CATEM: &quot;No es corporativismo, son plura",Gobernabilidad,5,corto,"Monreal defiende a Pedro Haces y la CATEM: &quot;No es corporativismo, son plurales y autónomos&quot;",,,,,,3,informativo,activo
auto-be04adb404,Delfina Gómez rendirá Tercer Informe de Gobierno el 30 de septiembre en Toluca,Gobernabilidad,5,corto,Delfina Gómez rendirá Tercer Informe de Gobierno el 30 de septiembre en Toluca,,,,,,3,completo,activo
auto-1fc6508579,Esto no le gusta a Trump: China quiere ampliar ‘intercambios y cooperación’ con ,Relación Bilateral,5,corto,Esto no le gusta a Trump: China quiere ampliar ‘intercambios y cooperación’ con México,,,,,,3,informativo,activo
auto-14cefe3bb3,"Después de violento ataque, recogen 61 casquillos en Culiacán; esto dice la Fisc",Gobernabilidad,5,corto,"Después de violento ataque, recogen 61 casquillos en Culiacán; esto dice la Fiscalía",,,,,,3,informativo,activo
auto-2eb4ab916c,Agostina Jalabert: rechazan petición de Reverter para avisar a Interpol sobre ju,Relación Bilateral,5,corto,Agostina Jalabert: rechazan petición de Reverter para avisar a Interpol sobre juicio de amparo,,,,,,3,informativo,activo
auto-a4adf65dec,“Hay rienda y vamos a sacar la tarea”: PT tras la salida de Vicente Aguilar haci,Gobernabilidad,5,corto,“Hay rienda y vamos a sacar la tarea”: PT tras la salida de Vicente Aguilar hacia Morena,,,,,,3,informativo,activo
auto-571c28bb8c,Llegada de Tony Gali a MC muestra debilitamiento del PAN en Puebla: Carvajal,Gobernabilidad,5,corto,Llegada de Tony Gali a MC muestra debilitamiento del PAN en Puebla: Carvajal,,,,,,3,informativo,activo
auto-e79e9c3462,Yankuilotl alista bicicletas públicas en 1T de 2027; busca ampliarse al ramo aut,Gobernabilidad,5,corto,Yankuilotl alista bicicletas públicas en 1T de 2027; busca ampliarse al ramo automotriz,,,,,,3,informativo,activo
auto-3bee722962,"PJF niega amparo a exedil de Cuautlancingo, Filomeno Sarmiento, tras audiencia i",Gobernabilidad,5,corto,"PJF niega amparo a exedil de Cuautlancingo, Filomeno Sarmiento, tras audiencia inicial",,,,,,3,informativo,activo
auto-0dd0508348,Columna: Veracruz en la mira de Harfuch luego de muerte de Zenyazen - urbisverac,Gobernabilidad,5,corto,Columna: Veracruz en la mira de Harfuch luego de muerte de Zenyazen - urbisveracruz.com.mx,,,,,,3,informativo,activo
auto-347d9e0e1e,SEP: ¿Habrá puente el 15 y 16 de septiembre?,Gobernabilidad,5,corto,SEP: ¿Habrá puente el 15 y 16 de septiembre?,,,,,,1,completo,activo
auto-fded6dbb6e,Diputados tienen lista la reforma de Sheinbaum para impedir presidentes de la Re,Gobernabilidad,5,corto,Diputados tienen lista la reforma de Sheinbaum para impedir presidentes de la República con doble nacionalidad - Infobae,,,,,,3,completo,activo
auto-6703760b86,Monreal adelanta cuándo votará San Lázaro la reforma de Sheinbaum sobre la doble,Gobernabilidad,5,corto,Monreal adelanta cuándo votará San Lázaro la reforma de Sheinbaum sobre la doble nacionalidad - Infobae,,,,,,3,completo,activo
auto-ae75703cf8,"Detienen a 16 integrantes de Los Ardillos, tras asesinato de agente de la Guardi",Seguridad Nacional,5,corto,"Detienen a 16 integrantes de Los Ardillos, tras asesinato de agente de la Guardia Nacional en Guerrero",,,,,,3,completo,activo
auto-3df1d02aef,Esta semana inician asambleas con vecinos para proyecto de cablebús: García Parr,Gobernabilidad,5,corto,Esta semana inician asambleas con vecinos para proyecto de cablebús: García Parra,,,,,,3,completo,activo
auto-52b93e1fa6,"Gobierno estatal consolida deporte como política de paz, bienestar y prevención ",Gobernabilidad,5,corto,"Gobierno estatal consolida deporte como política de paz, bienestar y prevención - Exilio periodismo binacional",,,,,,3,completo,activo
auto-f32a109925,PAN CDMX interpone queja contra 'Andy' López por actos anticipados de campaña,Gobernabilidad,5,corto,PAN CDMX interpone queja contra 'Andy' López por actos anticipados de campaña,,,,,,3,completo,activo
auto-b28c7ec25f,Sheinbaum: Instituto Nacional Electoral debe definir límites a la propaganda dig,Gobernabilidad,5,corto,Sheinbaum: Instituto Nacional Electoral debe definir límites a la propaganda digital - teleSUR,,,,,,3,completo,activo
auto-04c7e4e624,"Madre de Tania ""N"",exalcaldesa de Múzquiz, pide ayuda a Claudia Sheinbaum; solic",Gobernabilidad,5,corto,"Madre de Tania ""N"",exalcaldesa de Múzquiz, pide ayuda a Claudia Sheinbaum; solicita que siga el proceso en libertad - Telediario",,,,,,3,completo,activo
auto-a97107adf2,Respaldan llamado de Adrián De la Garza a Sheinbaum para investigar administraci,Gobernabilidad,5,corto,Respaldan llamado de Adrián De la Garza a Sheinbaum para investigar administración de Samuel García - 24 HORAS | El Diario sin Límites,,,,,,3,completo,activo
auto-5d8798ef2e,Amenazan a Natanael Cano con narcomanta por colaborar con Los Salazar: esto dice,Seguridad Nacional,5,corto,Amenazan a Natanael Cano con narcomanta por colaborar con Los Salazar: esto dice,,,,,,3,informativo,activo
auto-975f00fc9e,PRD respalda a Edison García para ocupar la primera regiduría de Paraíso,Gobernabilidad,5,corto,PRD respalda a Edison García para ocupar la primera regiduría de Paraíso,,,,,,3,completo,activo
auto-1dfbaf6703,PRD acusa a “Chepe” Olán de incapacidad para gobernar Jalpa de Méndez,Economía,5,corto,PRD acusa a “Chepe” Olán de incapacidad para gobernar Jalpa de Méndez,,,,,,3,informativo,activo
auto-708aa69705,"“La migración no es un problema, el verdadero problema es el racismo”: María Emi",Social,5,corto,"“La migración no es un problema, el verdadero problema es el racismo”: María Emilia Tijoux - El Economista",,,,,,3,informativo,activo
auto-f1546c084d,"Con Claudia Sheinbaum, llegó el tiempo de las mujeres: Celida López - Dossier Po",Gobernabilidad,5,corto,"Con Claudia Sheinbaum, llegó el tiempo de las mujeres: Celida López - Dossier Político",,,,,,3,completo,activo
auto-5809b00dd9,Claudia Sheinbaum y el costo de gobernar un movimiento que ya no obedece solo a ,Gobernabilidad,5,corto,Claudia Sheinbaum y el costo de gobernar un movimiento que ya no obedece solo a Palacio - Exilio periodismo binacional,,,,,,3,completo,activo
auto-7245844b13,Puerto Ángel prepara el regreso de Héctor; su padre espera abrazarlo después de ,Seguridad Nacional,5,corto,Puerto Ángel prepara el regreso de Héctor; su padre espera abrazarlo después de ocho días de angustia,,,,,,3,informativo,activo
auto-e01a5753ca,¿Cuándo es el Segundo Simulacro Nacional 2026? Horarios por estado y qué hacer p,Gobernabilidad,5,corto,¿Cuándo es el Segundo Simulacro Nacional 2026? Horarios por estado y qué hacer paso a paso,,,,,,3,completo,activo
auto-9d4a2e6f85,Inaugura May espacios deportivos y subestación eléctrica en Nacajuca,Gobernabilidad,5,corto,Inaugura May espacios deportivos y subestación eléctrica en Nacajuca,,,,,,3,informativo,activo
auto-4ee595a141,Julián Quiñones estaría entre los candidatos al Balón de Oro 2026,Gobernabilidad,5,corto,Julián Quiñones estaría entre los candidatos al Balón de Oro 2026,,,,,,3,informativo,activo
auto-76f181bc7b,May invita a vivir el Olmecas Fan Fest,Gobernabilidad,5,corto,May invita a vivir el Olmecas Fan Fest,,,,,,3,informativo,activo
auto-a9ab2f4076,Estados Unidos hunde otro barco en el Pacífico y lo vincula con Los Choneros,Relación Bilateral,5,corto,Estados Unidos hunde otro barco en el Pacífico y lo vincula con Los Choneros,,,,,,3,informativo,activo
auto-db8557bab7,Supervisa Yolanda Osuna el parque La Pólvora,Relación Bilateral,5,corto,Supervisa Yolanda Osuna el parque La Pólvora,,,,,,3,informativo,activo
auto-8260a8141f,Oposición carece de respaldo: Sheinbaum - El Porvenir - Portada,Gobernabilidad,5,corto,Oposición carece de respaldo: Sheinbaum - El Porvenir - Portada,,,,,,3,completo,activo
auto-69cc5121aa,¿Cuándo es la migración de la mariposa monarca? - National Geographic España,Social,5,corto,¿Cuándo es la migración de la mariposa monarca? - National Geographic España,,,,,,3,informativo,activo
auto-e6971c586d,Carney cumple su promesa: Aranceles de Canadá a productos de EU entran en vigor ,Relación Bilateral,5,corto,Carney cumple su promesa: Aranceles de Canadá a productos de EU entran en vigor por 20 mil mdd,,,,,,3,informativo,activo
auto-6c8acbf53c,INE instala Comisión de Verificación para evitar candidatos con vínculos delicti,Gobernabilidad,5,corto,INE instala Comisión de Verificación para evitar candidatos con vínculos delictivos en 2027,,,,,,3,informativo,activo
auto-216028b552,"Detienen a 4 policías por entregar jóvenes a grupo criminal en Chetumal, Quintan",Gobernabilidad,5,corto,"Detienen a 4 policías por entregar jóvenes a grupo criminal en Chetumal, Quintana Roo",,,,,,1,completo,activo
auto-3309c1588a,La Suprema Corte evaluará exentar de ISR las Afore de trabajadores fallecidos,Gobernabilidad,5,corto,La Suprema Corte evaluará exentar de ISR las Afore de trabajadores fallecidos,,,,,,3,completo,activo
auto-6688cd0bf8,Firma de EU vende infraestructura para repercutir en comicios de AL,Relación Bilateral,5,corto,Firma de EU vende infraestructura para repercutir en comicios de AL,,,,,,3,informativo,activo
auto-f15e3bd33a,Evaluación evidencia el más bajo rendimiento educativo de la OCDE,Gobernabilidad,5,corto,Evaluación evidencia el más bajo rendimiento educativo de la OCDE,,,,,,3,informativo,activo
auto-e4eb518c34,Magdiel Sánchez Quiroz*: Un seudónimo colectivo,Gobernabilidad,5,corto,Magdiel Sánchez Quiroz*: Un seudónimo colectivo,,,,,,3,informativo,activo
auto-c6a0670d38,Los adolescentes mexicanos retroceden en matemáticas y lectura en la prueba PISA,Gobernabilidad,5,corto,Los adolescentes mexicanos retroceden en matemáticas y lectura en la prueba PISA,,,,,,3,completo,activo
auto-ba02f40d99,Memes e imperialismo,Relación Bilateral,5,corto,Memes e imperialismo,,,,,,3,informativo,activo
auto-203e1a4f0e,Las pistas del narco en el clan,Seguridad Nacional,5,corto,Las pistas del narco en el clan,,,,,,3,informativo,activo
auto-5fef56dbbc,Más ocurrencias,Gobernabilidad,5,corto,Más ocurrencias,,,,,,3,informativo,activo
auto-42fdce7fbb,Aún afecta fórmula de Calderón,Gobernabilidad,5,corto,Aún afecta fórmula de Calderón,,,,,,3,informativo,activo
auto-f1d7fbc0e7,“No me quiero ir del América”: Brian Rodríguez,Gobernabilidad,5,corto,“No me quiero ir del América”: Brian Rodríguez,,,,,,3,informativo,activo
auto-fcde8058b6,“Ante fallas eléctricas; falta mucho por hacer”: Javier May,Gobernabilidad,5,corto,“Ante fallas eléctricas; falta mucho por hacer”: Javier May,,,,,,3,informativo,activo
auto-b467ebe5f3,Arranca semana con tres crímenes,Seguridad Nacional,5,corto,Arranca semana con tres crímenes,,,,,,3,informativo,activo
auto-2658ea0585,“Ponemos nuestro proyecto en las manos de Dios”,Gobernabilidad,5,corto,“Ponemos nuestro proyecto en las manos de Dios”,,,,,,3,informativo,activo
auto-0f623b29e8,CMLL llega a Villahermosa,Gobernabilidad,5,corto,CMLL llega a Villahermosa,,,,,,3,informativo,activo
auto-35b94fbccc,"Estrategia de México ante EU es un ""consuelo de tontos"": Loret",Seguridad Nacional,5,corto,"Estrategia de México ante EU es un ""consuelo de tontos"": Loret",,,,,,3,completo,activo
auto-630180e8d2,Sismológico Nacional presenta el reporte mensual de sismicidad de agosto 2026,Gobernabilidad,5,corto,Sismológico Nacional presenta el reporte mensual de sismicidad de agosto 2026,,,,,,3,completo,activo
auto-1d3d3899fc,"Tras reducción del 53% en homicidios, García Harfuch reconoce que &quot;la tarea",Seguridad Nacional,5,corto,"Tras reducción del 53% en homicidios, García Harfuch reconoce que &quot;la tarea no está terminada&quot;",,,,,,3,completo,activo
auto-7dc962835b,‘Todavía le podrían bajar un poquito’: Sheinbaum pide a la nueva Corte ‘apretars,Gobernabilidad,5,corto,‘Todavía le podrían bajar un poquito’: Sheinbaum pide a la nueva Corte ‘apretarse más el cinturón’,,,,,,3,informativo,activo
auto-27381fa4ae,Votan hoy diputados el proyecto de dictamen de  la doble nacionalidad,Gobernabilidad,5,corto,Votan hoy diputados el proyecto de dictamen de  la doble nacionalidad,,,,,,3,completo,activo
auto-0381e666a9,"Sheinbaum resalta 7 de septiembre, día con menos homicidios con 25 casos; ""hay a",Seguridad Nacional,5,corto,"Sheinbaum resalta 7 de septiembre, día con menos homicidios con 25 casos; ""hay atención a causa de la violencia"" - La Jornada",,,,,,3,completo,activo
auto-f1b9083d0b,"Sheinbaum, popularidad y diatriba - Ríodoce",Gobernabilidad,5,corto,"Sheinbaum, popularidad y diatriba - Ríodoce",,,,,,3,completo,activo
auto-ae4ab61014,"Refugios de la frontera mexicana se vacían, medidas de Trump disuaden migración ",Social,5,corto,"Refugios de la frontera mexicana se vacían, medidas de Trump disuaden migración al norte - Yahoo",,,,,,3,informativo,activo
auto-073f55facd,Sismológico Nacional publica reporte matutino de sismos menores a 4.0,Gobernabilidad,5,corto,Sismológico Nacional publica reporte matutino de sismos menores a 4.0,,,,,,3,completo,activo
auto-957907b816,Sheinbaum critica el examen PISA y justifica los malos resultados: “no es exclus,Gobernabilidad,5,corto,Sheinbaum critica el examen PISA y justifica los malos resultados: “no es exclusivo de México” - infobae.com,,,,,,3,completo,activo
auto-ed577db7f9,Veracruz pasa de 37 a 100 municipios “anormalmente secos” en solo 15 días; suman,Gobernabilidad,5,corto,Veracruz pasa de 37 a 100 municipios “anormalmente secos” en solo 15 días; suman 4 en sequía,,,,,,3,informativo,activo
auto-f62acccd02,Fuerzas federales buscan a responsables de ataque en Omealca que dejó dos agente,Seguridad Nacional,5,corto,Fuerzas federales buscan a responsables de ataque en Omealca que dejó dos agentes muertos,,,,,,3,informativo,activo
auto-3db39ca656,Caída de rayo en Ayahualulco deja un joven muerto y un lesionado; en Rodríguez C,Gobernabilidad,5,corto,Caída de rayo en Ayahualulco deja un joven muerto y un lesionado; en Rodríguez Clara mueren cuatro reses electrocutadas,,,,,,3,informativo,activo
auto-783ff10bf0,Sheinbaum confirma que Grecia Quiroz busca reunirse con ella: “No me reúno con n,Gobernabilidad,5,corto,Sheinbaum confirma que Grecia Quiroz busca reunirse con ella: “No me reúno con nadie que aspire a un cargo público” - Infobae,,,,,,3,completo,activo
auto-7dcb7f54c0,Sheinbaum responde a sus críticos y deja una frase que ya genera debate sobre la,Gobernabilidad,5,corto,Sheinbaum responde a sus críticos y deja una frase que ya genera debate sobre la seguridad en México - tusbuenasnoticias.com,,,,,,3,completo,activo
auto-3db2d27a19,Donald Trump asegura que EE.UU. usará “todo su poder” para impedir otro ataque c,Relación Bilateral,5,corto,Donald Trump asegura que EE.UU. usará “todo su poder” para impedir otro ataque como el 11S,,,,,,3,informativo,activo
auto-931fd6397a,Rectora Yarabí Denuncia Asfixia Financiera Y Campaña Vs UMSNH; Buscará A Sheinba,Gobernabilidad,5,corto,Rectora Yarabí Denuncia Asfixia Financiera Y Campaña Vs UMSNH; Buscará A Sheinbaum - changoonga.com,,,,,,3,informativo,activo
auto-5c729fb512,EU anuncia que Perú se une a la iniciativa del Escudo de las Américas,Seguridad Nacional,5,corto,EU anuncia que Perú se une a la iniciativa del Escudo de las Américas,,,,,,3,informativo,activo
auto-abcaf1e891,"¿Cómo operaba la red ligada a Isaac ‘N’, alcalde detenido por robo de autotransp",Gobernabilidad,5,corto,"¿Cómo operaba la red ligada a Isaac ‘N’, alcalde detenido por robo de autotransporte en Puebla?",,,,,,3,informativo,activo
auto-57ee62f87d,Roban dos valiosos cuadros de Renoir de un museo en Francia,Gobernabilidad,5,corto,Roban dos valiosos cuadros de Renoir de un museo en Francia,,,,,,3,informativo,activo
auto-a6c631a2ef,"Diálogo entre China y Reino Unido sobre “cooperación pragmática” en economía, DD",Social,5,corto,"Diálogo entre China y Reino Unido sobre “cooperación pragmática” en economía, DDHH y seguridad",,,,,,3,informativo,activo
auto-85077e4101,"Aseguran nueve autos de lujo, un arma y joyería durante cateo en Nuevo León",Gobernabilidad,5,corto,"Aseguran nueve autos de lujo, un arma y joyería durante cateo en Nuevo León",,,,,,3,informativo,activo
auto-4bfe30ac53,Ataque armado en balneario de Pochutla deja un muerto; asesinan al propietario d,Seguridad Nacional,5,corto,Ataque armado en balneario de Pochutla deja un muerto; asesinan al propietario de “El Gallo”,,,,,,3,informativo,activo
auto-78b7b233b7,¡Que no se te pase! Tu apellido podría tener cita esta semana para la nueva Cred,Gobernabilidad,5,corto,¡Que no se te pase! Tu apellido podría tener cita esta semana para la nueva Credencial de Salud,,,,,,3,informativo,activo
auto-3b8c79ec8b,Más de 2 mil estudiantes participarán en desfile del 16 de septiembre en Villahe,Gobernabilidad,5,corto,Más de 2 mil estudiantes participarán en desfile del 16 de septiembre en Villahermosa,,,,,,3,completo,activo
auto-2917ce3cb8,"Desinformación de CFE acrecienta bloqueos, señala Colegio de Electricistas",Gobernabilidad,5,corto,"Desinformación de CFE acrecienta bloqueos, señala Colegio de Electricistas",,,,,,3,informativo,activo
auto-6f0ffe12e8,Congreso local descarta intervención política en situación de Paraíso,Gobernabilidad,5,corto,Congreso local descarta intervención política en situación de Paraíso,,,,,,3,informativo,activo
auto-e94d80a2e9,IMSS paga millones a Facebook por publicitar el informe de Claudia Sheinbaum - D,Gobernabilidad,5,corto,IMSS paga millones a Facebook por publicitar el informe de Claudia Sheinbaum - Diario de Yucatán,,,,,,3,completo,activo
auto-8bac16f1c9,Omar García Harfuch y el gobierno de Claudia Sheinbaum están investigando las re,Gobernabilidad,5,corto,Omar García Harfuch y el gobierno de Claudia Sheinbaum están investigando las redes de protección institucional tras la detención de dos alcaldes en Puebla vinculados con el robo a transportistas y secuestro - El Imparcial,,,,,,3,completo,activo
auto-b354fdf97f,‘Inaceptable’: Islandia reclama a EU por mapa de Trump que muestra al país bajo ,Relación Bilateral,5,corto,‘Inaceptable’: Islandia reclama a EU por mapa de Trump que muestra al país bajo la bandera estadounidense,,,,,,3,informativo,activo
auto-6bc1e2d2b5,‘El mar ya no es refugio para narcos’: EU y Ecuador decomisan cuatro toneladas d,Social,5,corto,‘El mar ya no es refugio para narcos’: EU y Ecuador decomisan cuatro toneladas de drogas,,,,,,3,informativo,activo
auto-3553ffcc81,VIDEO | ¡Héroe sin capa! Gerente corre contra el tráfico y salva a niña de ser a,Gobernabilidad,5,corto,VIDEO | ¡Héroe sin capa! Gerente corre contra el tráfico y salva a niña de ser atropellada en Puebla,,,,,,3,informativo,activo
auto-83129c6f41,Veracruz registra 204 casos de extorsión en 2026; Coparmex exige mayores accione,Gobernabilidad,5,corto,Veracruz registra 204 casos de extorsión en 2026; Coparmex exige mayores acciones preventivas,,,,,,3,informativo,activo
auto-db160ac324,Clausuran 4 puntos de descarga de agua residual en el río Atoyac y aseguran pozo,Gobernabilidad,5,corto,Clausuran 4 puntos de descarga de agua residual en el río Atoyac y aseguran pozo en Tepanco de López,,,,,,3,informativo,activo
auto-b6b32040de,Armenta anuncia 50 mdp para mantenimiento de 50 hospitales del IMSS-Bienestar,Economía,5,corto,Armenta anuncia 50 mdp para mantenimiento de 50 hospitales del IMSS-Bienestar,,,,,,1,completo,activo
auto-6fce5392fc,Casa del Sol registra 372 niños en situación de calle en ZM de Puebla; piden cen,Seguridad Nacional,5,corto,Casa del Sol registra 372 niños en situación de calle en ZM de Puebla; piden censo estatal,,,,,,3,informativo,activo
auto-8861e40e95,Detienen a funcionaria de Baja California con casi 70 kilos de droga,Relación Bilateral,5,corto,Detienen a funcionaria de Baja California con casi 70 kilos de droga,,,,,,1,completo,activo
auto-0581b0ab1b,Dos escuelas de Xalapa reciben equipo de cómputo y material didáctico,Gobernabilidad,5,corto,Dos escuelas de Xalapa reciben equipo de cómputo y material didáctico,,,,,,3,informativo,activo
auto-0a8be45884,"Arrebatan a Dastan, de 2 años, en Coronango; familiares piden apoyo para localiz",Gobernabilidad,5,corto,"Arrebatan a Dastan, de 2 años, en Coronango; familiares piden apoyo para localizarlo",,,,,,3,informativo,activo
auto-84dea679b5,SHCP entrega Paquete Económico 2027 'orientado al bienestar' al Congreso de la U,Gobernabilidad,5,corto,SHCP entrega Paquete Económico 2027 'orientado al bienestar' al Congreso de la Unión,,,,,,3,completo,activo
auto-56a31188ab,Grecia Quiroz pide a la FGR atraer el caso de Carlos Manzo; urge a no politizar,Seguridad Nacional,5,corto,Grecia Quiroz pide a la FGR atraer el caso de Carlos Manzo; urge a no politizar,,,,,,1,completo,activo
auto-6c53caba33,Secretario de Comercio de EU se reunirá con Sheinbaum y Ebrard para tratar agend,Gobernabilidad,5,corto,Secretario de Comercio de EU se reunirá con Sheinbaum y Ebrard para tratar agenda económica - Grupo Animal,,,,,,3,completo,activo
auto-e0744d9d51,Presidenta Sheinbaum defiende el modelo educativo mexicano - ANSA Latina,Gobernabilidad,5,corto,Presidenta Sheinbaum defiende el modelo educativo mexicano - ANSA Latina,,,,,,3,completo,activo
auto-7a0101f0f3,"Claudia Sheinbaum no atribuyó el regreso de los libros de Historia, Matemáticas ",Gobernabilidad,5,corto,"Claudia Sheinbaum no atribuyó el regreso de los libros de Historia, Matemáticas y Lectoescritura al rezago educativo - Grupo Animal",,,,,,3,completo,activo
auto-1aff6b2c0e,Claudia Sheinbaum anuncia nueva ley para reducir el uso de efectivo; esto se sab,Gobernabilidad,5,corto,Claudia Sheinbaum anuncia nueva ley para reducir el uso de efectivo; esto se sabe - Diario de Yucatán,,,,,,3,completo,activo
auto-834728a063,Gobierno de México presenta datos de Seguridad: Baja promedio diario de homicidi,Seguridad Nacional,5,corto,Gobierno de México presenta datos de Seguridad: Baja promedio diario de homicidios dolosos en agosto 2026,,,,,,1,completo,activo
auto-254fcef7c8,Rusia niega plan de atacar a un país de la OTAN... mientras Trump le pide termin,Relación Bilateral,5,corto,Rusia niega plan de atacar a un país de la OTAN... mientras Trump le pide terminar la guerra en Ucrania,,,,,,3,informativo,activo
auto-ac863be963,"Filtran chat de “El Rey del Huachicol” con senador de Morena, José Ramón Gómez L",Seguridad Nacional,5,corto,"Filtran chat de “El Rey del Huachicol” con senador de Morena, José Ramón Gómez Leal",,,,,,3,completo,activo
auto-2100584b24,Mbappé y Haaland estrenan su cuenta goleadora en la Champions League,Gobernabilidad,5,corto,Mbappé y Haaland estrenan su cuenta goleadora en la Champions League,,,,,,3,informativo,activo
auto-1fe20f908e,Rocío Nahle advierte tomar “otras medidas” contra directores que cobren cuotas d,Gobernabilidad,5,corto,Rocío Nahle advierte tomar “otras medidas” contra directores que cobren cuotas de inscripción pese a gratuidad en escuelas,,,,,,3,informativo,activo
auto-fb2c83578b,Yalitza Aparicio será homenajeada en festival de cine latino en Atlanta,Gobernabilidad,5,corto,Yalitza Aparicio será homenajeada en festival de cine latino en Atlanta,,,,,,3,informativo,activo
auto-f1fdf92d54,FGR catea 4 inmuebles en Zacatlán; hay 9 detenidos por posesión de huachicol,Seguridad Nacional,5,corto,FGR catea 4 inmuebles en Zacatlán; hay 9 detenidos por posesión de huachicol,,,,,,3,informativo,activo
auto-85744940d1,"Sheinbaum: México defenderá su independencia ante ""cualquier potencia extranjera",Gobernabilidad,5,corto,"Sheinbaum: México defenderá su independencia ante ""cualquier potencia extranjera"" - Telemundo Dallas",,,,,,1,completo,activo
auto-ac2482b408,Leopardo ataca brutalmente a un cuidador animal tras ser atropellado en plena ca,Gobernabilidad,5,corto,Leopardo ataca brutalmente a un cuidador animal tras ser atropellado en plena carretera | IMÁGENES FUERTES,,,,,,3,informativo,activo
auto-73b86523db,Trump afirma que dos bomberos &quot;grandes y fuertes&quot; lo rescataron tras l,Relación Bilateral,5,corto,Trump afirma que dos bomberos &quot;grandes y fuertes&quot; lo rescataron tras los atentados contra las Torres Gemelas,,,,,,3,informativo,activo
auto-58eee73144,"Militares capturan a ‘La Pepa’, líder de La Línea en Chihuahua; EU proporcionó i",Social,5,corto,"Militares capturan a ‘La Pepa’, líder de La Línea en Chihuahua; EU proporcionó información",,,,,,3,informativo,activo
auto-9b8034236b,Productor acusa de Edson Álvarez y su esposa como complices de su presunto secue,Economía,5,corto,Productor acusa de Edson Álvarez y su esposa como complices de su presunto secuestro: ‘Me amagaron y vendaron’,,,,,,3,informativo,activo
auto-e8e4c12fc8,Acribillan a excandidata del Verde y a dos hombres en Matías Romero,Seguridad Nacional,5,corto,Acribillan a excandidata del Verde y a dos hombres en Matías Romero,,,,,,3,informativo,activo
auto-49e358a46c,Imputan a dos abogados por fraude y fraude procesal ligados al “cártel inmobilia,Seguridad Nacional,5,corto,Imputan a dos abogados por fraude y fraude procesal ligados al “cártel inmobiliario” en Xalapa,,,,,,3,informativo,activo
auto-9fa40b6a67,Tapachula transforma relleno sanitario y mejora manejo de residuos,Gobernabilidad,5,corto,Tapachula transforma relleno sanitario y mejora manejo de residuos,,,,,,3,informativo,activo
auto-52e90fd5d1,La IA ya se utiliza de agente criminal,Gobernabilidad,5,corto,La IA ya se utiliza de agente criminal,,,,,,3,informativo,activo
auto-d821cdd523,Lotería Nacional Sorteo Mayor 4027: resultados del  8 de septiembre,Gobernabilidad,5,corto,Lotería Nacional Sorteo Mayor 4027: resultados del  8 de septiembre,,,,,,3,completo,activo
auto-05ec1a949c,"Liberaron a hermano de paisano asesinado en EU, luego de 2 meses",Social,5,corto,"Liberaron a hermano de paisano asesinado en EU, luego de 2 meses",,,,,,3,informativo,activo
auto-7c12621b08,"Pese a mayor inclusión, la calidad educativa no ha bajado, destaca SEP",Gobernabilidad,5,corto,"Pese a mayor inclusión, la calidad educativa no ha bajado, destaca SEP",,,,,,3,informativo,activo
auto-fa3fa6e0f2,Bernardo Barranco V.: El combate político cultural contra la ultraderecha,Gobernabilidad,5,corto,Bernardo Barranco V.: El combate político cultural contra la ultraderecha,,,,,,3,informativo,activo
auto-18565a1de7,Reanuda clases la Escuela de Ciencias Biológicas del IPN,Gobernabilidad,5,corto,Reanuda clases la Escuela de Ciencias Biológicas del IPN,,,,,,3,informativo,activo
auto-5364e9eea2,Julio Hernández López: Astillero,Relación Bilateral,5,corto,Julio Hernández López: Astillero,,,,,,3,completo,activo
auto-5c1a5993d3,"Jesús Vargas v. *: Mao Tse-tung, el gran timonel",Gobernabilidad,5,corto,"Jesús Vargas v. *: Mao Tse-tung, el gran timonel",,,,,,3,informativo,activo
auto-11de87bf1e,"Jóvenes de 15 a 29 años, los que más se suicidan, señala el Inegi",Gobernabilidad,5,corto,"Jóvenes de 15 a 29 años, los que más se suicidan, señala el Inegi",,,,,,3,informativo,activo
auto-0f99c8535b,Avalan el dictamen en comisiones de San Lázaro,Gobernabilidad,5,corto,Avalan el dictamen en comisiones de San Lázaro,,,,,,3,informativo,activo
auto-cfed5e6cd6,"Migrar bajo la sombra: la migración no desapareció, solo se volvió invisible - G",Social,5,corto,"Migrar bajo la sombra: la migración no desapareció, solo se volvió invisible - Grupo Animal",,,,,,3,informativo,activo
auto-48f69157bf,Sheinbaum y Lutnick sostendrán conversación vía Zoom por retraso de vuelo - Enfo,Gobernabilidad,5,corto,Sheinbaum y Lutnick sostendrán conversación vía Zoom por retraso de vuelo - Enfoque Noticias,,,,,,3,informativo,activo
auto-4f38f5348b,¿Déjà vu David vs Goliat?,Relación Bilateral,5,corto,¿Déjà vu David vs Goliat?,,,,,,3,informativo,activo
auto-24735f89d0,"Bajo la lupa, millonario traslado de basura y robo en encierro Primavera",Relación Bilateral,5,corto,"Bajo la lupa, millonario traslado de basura y robo en encierro Primavera",,,,,,3,informativo,activo
auto-6b2084125f,Desayuno entre amigos,Gobernabilidad,5,corto,Desayuno entre amigos,,,,,,3,informativo,activo
auto-e92552b366,Buscan frenar infiltración del crimen en candidaturas,Gobernabilidad,5,corto,Buscan frenar infiltración del crimen en candidaturas,,,,,,3,informativo,activo
auto-c7b4a2275d,Curiosidad morbosa… el horror se hace viral,Seguridad Nacional,5,corto,Curiosidad morbosa… el horror se hace viral,,,,,,3,informativo,activo
auto-9d86126755,Debe EU hacerse cargo del combate al narco en su propio país: Presidenta,Seguridad Nacional,5,corto,Debe EU hacerse cargo del combate al narco en su propio país: Presidenta,,,,,,3,informativo,activo
auto-63a11e2f10,La tasa de analfabetismo en el país es la más baja en la historia,Gobernabilidad,5,corto,La tasa de analfabetismo en el país es la más baja en la historia,,,,,,3,informativo,activo
auto-c0d04d4b38,Sheinbaum propone Ley para hacer obligatorios los pagos con tarjeta y CoDi en se,Gobernabilidad,5,corto,Sheinbaum propone Ley para hacer obligatorios los pagos con tarjeta y CoDi en sectores estratégicos - bloomberglinea.com,,,,,,3,informativo,activo
auto-f663e7ec12,SAT ‘se pondrá rudo’ con recaudación fiscal: Acusa que 10% de empresas evade imp,Gobernabilidad,5,corto,SAT ‘se pondrá rudo’ con recaudación fiscal: Acusa que 10% de empresas evade impuestos con factureras,,,,,,3,informativo,activo
auto-e204d52138,"Lucero Mijares confirma su hospitalización: ‘Me operaron, todo súper simple’",Gobernabilidad,5,corto,"Lucero Mijares confirma su hospitalización: ‘Me operaron, todo súper simple’",,,,,,3,informativo,activo
auto-add3b9110f,"¡Sin agua, pero con bloqueo! Seis colonias paralizan la Y de Zaachila",Gobernabilidad,5,corto,"¡Sin agua, pero con bloqueo! Seis colonias paralizan la Y de Zaachila",,,,,,3,informativo,activo
auto-98ce51d326,¡Cercan a estructura de ASAEO! Caen operador financiero y ex mando policial,Gobernabilidad,5,corto,¡Cercan a estructura de ASAEO! Caen operador financiero y ex mando policial,,,,,,3,informativo,activo
auto-2358100142,"Solo 10% de empresas cumplió con reparto de utilidades este año, revela CROC en ",Gobernabilidad,5,corto,"Solo 10% de empresas cumplió con reparto de utilidades este año, revela CROC en Veracruz",,,,,,3,informativo,activo
auto-351a14a0d0,El problema de la IA no es sólo que genera contenidos sino que propaga informaci,Gobernabilidad,5,corto,El problema de la IA no es sólo que genera contenidos sino que propaga información falsa en redes sociales: Sheinbaum - La Jornada,,,,,,3,informativo,activo
auto-3a7d319451,🗳️📌 SHEINBAUM ABRE LA PUERTA A SANCIONAR A PEDRO HACES EN MORENA Claudia Sheinba,Gobernabilidad,5,corto,"🗳️📌 SHEINBAUM ABRE LA PUERTA A SANCIONAR A PEDRO HACES EN MORENA Claudia Sheinbaum cambió el tono sobre las tensiones dentro de Morena. Hace una semana pidió cerrar filas. “Aquí no hay divisiones, aquí no hay rompimientos”. Ahora - x.com",,,,,,3,completo,activo
auto-ac2883a75d,"En 2027, SAT cobrará IEPS a gasolineras que vendan más combustible del que compr",Gobernabilidad,5,corto,"En 2027, SAT cobrará IEPS a gasolineras que vendan más combustible del que compren",,,,,,3,informativo,activo
auto-250832ca6d,Intocable Cerrará Concierto por el Grito de Independencia; Sheinbaum Revela Elen,Gobernabilidad,5,corto,Intocable Cerrará Concierto por el Grito de Independencia; Sheinbaum Revela Elenco Musical - nmas.com.mx,,,,,,1,completo,activo
auto-bd035624be,Huawei enfrenta juicio penal en Nueva York por presunto robo de tecnología,Relación Bilateral,5,corto,Huawei enfrenta juicio penal en Nueva York por presunto robo de tecnología,,,,,,3,informativo,activo
auto-882dabc321,"Cae el ""Pepa"", operador clave de trasiego de drogas y tráfico de migrantes",Social,5,corto,"Cae el ""Pepa"", operador clave de trasiego de drogas y tráfico de migrantes",,,,,,3,informativo,activo
auto-3f93c7ac8d,Así cambió la relación entre Canadá y EU desde el 11S hasta Trump,Relación Bilateral,5,corto,Así cambió la relación entre Canadá y EU desde el 11S hasta Trump,,,,,,3,informativo,activo
auto-a24a05ae16,¡Ojo con los “4 mil pesos” del INAPAM! No es un bono: así pueden adultos mayores,Economía,5,corto,¡Ojo con los “4 mil pesos” del INAPAM! No es un bono: así pueden adultos mayores generar aguinaldo,,,,,,3,informativo,activo
auto-1eaab3469c,Israel niega intención de expulsar gazatíes y dice que facilitará migración volu,Social,5,corto,Israel niega intención de expulsar gazatíes y dice que facilitará migración voluntaria - La Jornada,,,,,,3,informativo,activo
auto-e3413ed034,Ford ‘ignora’ presión del Gobierno de Trump: Fabricará 5 modelos con la china Ge,Relación Bilateral,5,corto,Ford ‘ignora’ presión del Gobierno de Trump: Fabricará 5 modelos con la china Geely,,,,,,3,informativo,activo
auto-6996413e26,Trump dice que la guerra de Irán terminará tras elecciones en EU de noviembre: ‘,Relación Bilateral,5,corto,Trump dice que la guerra de Irán terminará tras elecciones en EU de noviembre: ‘No pueden resistir más’,,,,,,1,completo,activo
auto-2124458a73,"¿En qué se gastó Huixtla 2.5 mdp? Pagos sin respaldo, plazas no autorizadas y fa",Gobernabilidad,5,corto,"¿En qué se gastó Huixtla 2.5 mdp? Pagos sin respaldo, plazas no autorizadas y facturas canceladas",,,,,,3,informativo,activo
auto-a05c1de8b6,¿Tienes doble ciudadanía? Así cambiarían los requisitos para buscar la Presidenc,Gobernabilidad,5,corto,¿Tienes doble ciudadanía? Así cambiarían los requisitos para buscar la Presidencia con la reforma de Claudia Sheinbaum - EL CEO,,,,,,3,informativo,activo
auto-8d5b6f2bdd,Renuncia la secretaria ejecutiva del INE a un día de que comience el proceso ele,Gobernabilidad,5,corto,Renuncia la secretaria ejecutiva del INE a un día de que comience el proceso electoral del 2027,,,,,,3,informativo,activo
auto-2dfb665c05,Pareja pasará más de 56 años en prisión por agredir a una menor en el Fracc. Ciu,Gobernabilidad,5,corto,Pareja pasará más de 56 años en prisión por agredir a una menor en el Fracc. Ciudad Caucel de Mérida,,,,,,3,informativo,activo
auto-aff2064914,"Exigen pena de muerte para D4vd, rapero que asesinó a Celeste Rivas Hernández",Seguridad Nacional,5,corto,"Exigen pena de muerte para D4vd, rapero que asesinó a Celeste Rivas Hernández",,,,,,3,informativo,activo
auto-65aaf94117,Reportes señalan que cuatro buques se vieron involucrados en incidentes en el Go,Gobernabilidad,5,corto,Reportes señalan que cuatro buques se vieron involucrados en incidentes en el Golfo Pérsico,,,,,,3,informativo,activo
auto-8b5c731512,En Oaxaca capturaron a cuatro integrantes de la Asaeo; hermano del gobernador de,Seguridad Nacional,5,corto,En Oaxaca capturaron a cuatro integrantes de la Asaeo; hermano del gobernador declara en la FGR regional - La Jornada,,,,,,3,informativo,activo
auto-aa426e9edf,Confirma Chagoya desfalco en la Dirección de Pensiones del Ayuntamiento de Oaxac,Gobernabilidad,5,corto,Confirma Chagoya desfalco en la Dirección de Pensiones del Ayuntamiento de Oaxaca de Juárez - El Universal Oaxaca,,,,,,3,informativo,activo
auto-3c46a321aa,Fiscalía de Oaxaca obtiene vinculación a proceso contra hombre por violencia fam,Seguridad Nacional,5,corto,Fiscalía de Oaxaca obtiene vinculación a proceso contra hombre por violencia familiar en agravio de sus padres en Santiago Lachiguiri - Rosy Ramales,,,,,,1,completo,activo
auto-4084c6d9d8,Se Cumple Segundo Día de Bloqueo en la Unidad Administrativa de Tapachula - Peri,Gobernabilidad,5,corto,Se Cumple Segundo Día de Bloqueo en la Unidad Administrativa de Tapachula - Periódico El Orbe.,,,,,,3,informativo,activo
auto-72bac8feeb,"Congreso de Yucatán analiza donar terrenos estatales a Izamal, Progreso y Tinum ",Gobernabilidad,5,corto,"Congreso de Yucatán analiza donar terrenos estatales a Izamal, Progreso y Tinum - La Revista Peninsular",,,,,,3,informativo,activo
auto-4ad6d33de6,"La reforma a la doble nacionalidad, respuesta a embestida injerencista",Gobernabilidad,5,corto,"La reforma a la doble nacionalidad, respuesta a embestida injerencista",,,,,,3,completo,activo
auto-5dd7a57ff8,Sheinbaum minimiza apoyo para Pemex en 2027 tras incumplir promesa - Bloomberg L,Gobernabilidad,5,corto,Sheinbaum minimiza apoyo para Pemex en 2027 tras incumplir promesa - Bloomberg Línea,,,,,,3,informativo,activo
auto-a9a7f17bd4,Qué son las mega audiencias de migración y cómo saber si han adelantado tu cita ,Social,5,corto,Qué son las mega audiencias de migración y cómo saber si han adelantado tu cita - Factchequeado.com,,,,,,3,informativo,activo
auto-bc5881c5b5,Sheinbaum pide regular la IA ante difusión de información falsa - Buzos de la no,Gobernabilidad,5,corto,Sheinbaum pide regular la IA ante difusión de información falsa - Buzos de la noticia,,,,,,3,completo,activo
auto-a2f712b838,MILENIO. . La presidenta Claudia Sheinbaum rechazó aumentar el IVA y sostuvo que,Gobernabilidad,5,corto,"MILENIO. . La presidenta Claudia Sheinbaum rechazó aumentar el IVA y sostuvo que este impuesto afecta en mayor proporción a quienes tienen menores ingresos. Explicó que, al aplicarse como un porcentaje del precio de los productos, una persona con m - facebook.com",,,,,,1,completo,activo
auto-6f3f3b14de,"[#VIDEO] Lilly Téllez acusa a Sheinbaum de promover la “mediocridad escolar"" al ",Gobernabilidad,5,corto,"[#VIDEO] Lilly Téllez acusa a Sheinbaum de promover la “mediocridad escolar"" al dar becas a alumnos que no tengan calificación de diez (por Luis Salas de Astillero Informa) - julioastillero.com",,,,,,3,informativo,activo
auto-6233512960,Mujeres en movilidad por migración no denuncian agresiones por miedo a ser depor,Social,5,corto,Mujeres en movilidad por migración no denuncian agresiones por miedo a ser deportadas - oem.com.mx,,,,,,3,informativo,activo
auto-1afa2f1346,Esfuerzo recaudatorio busca preservar calificación crediticia de México: Edgar A,Economía,5,corto,Esfuerzo recaudatorio busca preservar calificación crediticia de México: Edgar Amador,,,,,,3,informativo,activo
auto-772b385211,Nueve lesionados en accidente sobre la vía Pluma Hidalgo–Huatulco; crecen reclam,Gobernabilidad,5,corto,Nueve lesionados en accidente sobre la vía Pluma Hidalgo–Huatulco; crecen reclamos por falta de gestión municipal,,,,,,3,informativo,activo
auto-dc02815a8e,El cerco se cierra: capturan en Zapopan a presunto operador ligado al caso Manzo,Gobernabilidad,5,corto,El cerco se cierra: capturan en Zapopan a presunto operador ligado al caso Manzo,,,,,,3,informativo,activo
auto-d793d86611,¡Bomba en la Liga MX! Guillermo “Memote” Martínez deja a Pumas y es nuevo delant,Gobernabilidad,5,corto,¡Bomba en la Liga MX! Guillermo “Memote” Martínez deja a Pumas y es nuevo delantero de Tigres,,,,,,3,informativo,activo
auto-ead3ec111e,Congreso definirá el 26 de septiembre a nuevo titular del Orfis: “proceso de sel,Gobernabilidad,5,corto,Congreso definirá el 26 de septiembre a nuevo titular del Orfis: “proceso de selección es transparente: Luis Vicente Aguilar,,,,,,3,informativo,activo
auto-f4faba8f59,Marco Rubio acusa que grupos criminales controlan zonas de México,Relación Bilateral,5,corto,Marco Rubio acusa que grupos criminales controlan zonas de México,,,,,,1,completo,activo
auto-feba4d0e07,"Con protesta, familiares piden a FGE de Puebla revisar denuncias y mantener gara",Relación Bilateral,5,corto,"Con protesta, familiares piden a FGE de Puebla revisar denuncias y mantener garantías durante proceso",,,,,,3,informativo,activo
auto-c0fe47bc19,Morena debe evitar nepotismo en cargos de Puebla rumbo a 2027: Parra tras difusi,Gobernabilidad,5,corto,Morena debe evitar nepotismo en cargos de Puebla rumbo a 2027: Parra tras difusión de lista del PAN,,,,,,1,completo,activo
auto-e00c4d0fe3,Clausuran gimnasios Empire Fitness de Los Héroes y 31 Poniente; van 3 que cierra,Gobernabilidad,5,corto,Clausuran gimnasios Empire Fitness de Los Héroes y 31 Poniente; van 3 que cierran en Puebla,,,,,,3,informativo,activo
auto-e73f1ae29f,García Parra acusa deslealtad por contratos de Puebla y Atlixco a TV Azteca - e-,Gobernabilidad,5,corto,García Parra acusa deslealtad por contratos de Puebla y Atlixco a TV Azteca - e-consulta.com,,,,,,3,completo,activo
auto-dbb17568d7,Noé Jara acusa “fuego político” contra él y el gobernador; se pone a disposición,Seguridad Nacional,5,corto,"Noé Jara acusa “fuego político” contra él y el gobernador; se pone a disposición de FGR por señalamientos sobre ASAEO - El Piñero, Periodismo y Debate.",,,,,,3,informativo,activo
auto-904718701e,MC divide a la oposición: Zuarth - diariodechiapas.com,Gobernabilidad,5,corto,MC divide a la oposición: Zuarth - diariodechiapas.com,,,,,,3,informativo,activo
auto-1f44deaf35,"Sátira Cupulosa: Alejandro Armenta presume máquinas de Café Cinco de Mayo, pero ",Gobernabilidad,5,corto,"Sátira Cupulosa: Alejandro Armenta presume máquinas de Café Cinco de Mayo, pero basta ver una taza para que al gobernador le venga a la mente… ¡el mezcal! - TV Azteca Puebla",,,,,,3,informativo,activo
auto-9cc5d23df3,"Empresario acusa a Sergio Rodríguez, extitular de Medio Ambiente, de estar impli",Gobernabilidad,5,corto,"Empresario acusa a Sergio Rodríguez, extitular de Medio Ambiente, de estar implicado en el negocio de la basura y extorsión en Veracruz - LatinUS",,,,,,3,informativo,activo
auto-9c310e1eab,CROC pide a gobernadora tomarlos en cuenta para obras del WTC y Puente Sotavento,Gobernabilidad,5,corto,CROC pide a gobernadora tomarlos en cuenta para obras del WTC y Puente Sotavento - veracruzinforma.com.mx,,,,,,3,informativo,activo
auto-882c660ee2,Gobernadora gestiona rehabilitación del tramo de autopista Acayucan-Coatzacoalco,Gobernabilidad,5,corto,Gobernadora gestiona rehabilitación del tramo de autopista Acayucan-Coatzacoalcos - Billie Parker Noticias,,,,,,3,informativo,activo
auto-91a10c8965,Gobernador Salomón Jara condena el asesinato de Amy Navarrete en Oaxaca y refuer,Gobernabilidad,5,corto,Gobernador Salomón Jara condena el asesinato de Amy Navarrete en Oaxaca y refuerza la vigilancia en la zona. - El Congresista,,,,,,3,informativo,activo
auto-3d0a65d7e8,Filtran amenazas de Diego Sebastián “N” a empresario por apuesta de fútbol; exig,Gobernabilidad,5,corto,Filtran amenazas de Diego Sebastián “N” a empresario por apuesta de fútbol; exigía 10 mil euros,,,,,,3,informativo,activo
auto-9f9dfafb40,Transportistas exigen reabrir Puente Zaragoza al transporte en Tamaulipas,Gobernabilidad,5,corto,Transportistas exigen reabrir Puente Zaragoza al transporte en Tamaulipas,,,,,,3,informativo,activo
auto-cc6ca87ef8,‘Es que se odian’: Trump dice que el obstáculo para la paz en Ucrania son Zelens,Relación Bilateral,5,corto,‘Es que se odian’: Trump dice que el obstáculo para la paz en Ucrania son Zelenski y Putin,,,,,,3,informativo,activo
auto-1e9969c606,CULTURA TAMBIÉN SIGNIFICA RECINTOS ADECUADOS,Gobernabilidad,5,corto,CULTURA TAMBIÉN SIGNIFICA RECINTOS ADECUADOS,,,,,,3,informativo,activo
auto-91685fc09b,Avanza nueva Utopía en Campeche,Economía,5,corto,Avanza nueva Utopía en Campeche,,,,,,3,informativo,activo
auto-515bd761b2,SE ACABARON LOS LUJOS A MINISTROS,Gobernabilidad,5,corto,SE ACABARON LOS LUJOS A MINISTROS,,,,,,3,informativo,activo
auto-a9d706532a,SE REDUCE TRÁFICO DE FENTANILO A 70%,Relación Bilateral,5,corto,SE REDUCE TRÁFICO DE FENTANILO A 70%,,,,,,3,informativo,activo
auto-6709cce016,Asambleas por cablebús iniciarán este fin de semana donde estarán 9 estaciones; ,Gobernabilidad,5,corto,Asambleas por cablebús iniciarán este fin de semana donde estarán 9 estaciones; ¿cuáles son?,,,,,,3,informativo,activo
auto-b2a7a912a5,"Fundación Carlos Slim presenta &quot;Hoy Va Por Ti&quot; con Majo Aguilar, Karol",Gobernabilidad,5,corto,"Fundación Carlos Slim presenta &quot;Hoy Va Por Ti&quot; con Majo Aguilar, Karol Sevilla y Benny Ibarra por donación de órganos",,,,,,3,informativo,activo
auto-af84f29c98,Pavel Pardo y Matías Vuoso coinciden que falta de ascenso y descenso merma compe,Gobernabilidad,5,corto,Pavel Pardo y Matías Vuoso coinciden que falta de ascenso y descenso merma competitividad en el fútbol mexicano,,,,,,3,informativo,activo
auto-754048b435,Renuncia Claudia Espino al INE; Guadalupe Taddei nombra a Roberto Félix como enc,Gobernabilidad,5,corto,Renuncia Claudia Espino al INE; Guadalupe Taddei nombra a Roberto Félix como encargado,,,,,,3,informativo,activo
auto-d82379886d,“Ni a los 50 años me ganas”: Canelo Álvarez y Christian Mbilli encienden la prev,Gobernabilidad,5,corto,“Ni a los 50 años me ganas”: Canelo Álvarez y Christian Mbilli encienden la previa de su pelea en Riad,,,,,,3,informativo,activo
auto-5038e09a78,Realizan cambio de mando en la Unidad Naval de Protección Portuaria de Veracruz,Gobernabilidad,5,corto,Realizan cambio de mando en la Unidad Naval de Protección Portuaria de Veracruz,,,,,,3,informativo,activo
auto-6a192375dd,Avanza Sistema Integral de Movilidad para consolidar un estado más dentro en 203,Gobernabilidad,5,corto,Avanza Sistema Integral de Movilidad para consolidar un estado más dentro en 2030: Armenta Mier - Primera Plana Puebla,,,,,,3,informativo,activo
auto-207f915434,Una Ley de Ingresos 2027 cercana a los 800 mdp es la que enviará el Ayuntamiento,Gobernabilidad,5,corto,Una Ley de Ingresos 2027 cercana a los 800 mdp es la que enviará el Ayuntamiento de Centla al Congreso - XEVT,,,,,,3,informativo,activo
auto-53d19aa476,Renán Sánchez descarta fractura entre MORENA y PVEM y refrenda unidad de la 4T -,Gobernabilidad,5,corto,Renán Sánchez descarta fractura entre MORENA y PVEM y refrenda unidad de la 4T - El Heraldo de México,,,,,,3,informativo,activo
auto-52dfc6a4a6,"FBI promueve una recompensa de hasta 2 MDD por Griselda Arredondo, vinculada al ",Gobernabilidad,5,corto,"FBI promueve una recompensa de hasta 2 MDD por Griselda Arredondo, vinculada al CNG",,,,,,3,informativo,activo
auto-7778e4e68f,"Migración, responsabilidad inaplazable para la UAEMéx, subrayó rectora Zarza - e",Social,5,corto,"Migración, responsabilidad inaplazable para la UAEMéx, subrayó rectora Zarza - elvalle.com.mx",,,,,,3,informativo,activo
auto-9dfdf49e37,Se desconocen en Morena: Ricardo Sheffield califica a Emmanuel Reyes de ‘arribis,Gobernabilidad,5,corto,Se desconocen en Morena: Ricardo Sheffield califica a Emmanuel Reyes de ‘arribista’,,,,,,3,informativo,activo
auto-bc5b0612dd,Caso de Camilo Séptimo: ¿Cuántos años podrían pasar Diego ‘N’ y Gerardo ‘N’ en p,Gobernabilidad,5,corto,Caso de Camilo Séptimo: ¿Cuántos años podrían pasar Diego ‘N’ y Gerardo ‘N’ en prisión? Fiscalía explica,,,,,,3,informativo,activo
auto-65b645ac0a,Ángela Aguilar revela cuándo será su boda religiosa con Christian Nodal tras el ,Seguridad Nacional,5,corto,Ángela Aguilar revela cuándo será su boda religiosa con Christian Nodal tras el susto que vivió en Zacatecas,,,,,,3,informativo,activo
auto-c593447bd5,Tapachula refuerza recolección de basura y pide apoyo ciudadano,Gobernabilidad,5,corto,Tapachula refuerza recolección de basura y pide apoyo ciudadano,,,,,,3,informativo,activo
auto-c4cec44b97,Fermín “N” enfrenta nueva orden de aprehensión por triple homicidio en Centro,Seguridad Nacional,5,corto,Fermín “N” enfrenta nueva orden de aprehensión por triple homicidio en Centro,,,,,,3,informativo,activo
auto-c61fce3ead,Anticorrupción federal sanciona a 22 servidores públicos de 15 dependencias,Economía,5,corto,Anticorrupción federal sanciona a 22 servidores públicos de 15 dependencias,,,,,,3,informativo,activo
auto-74510ae096,Pablo Gutiérrez resuelve mediante diálogo bloqueo en Kilómetro Cero - Quintana R,Gobernabilidad,5,corto,Pablo Gutiérrez resuelve mediante diálogo bloqueo en Kilómetro Cero - Quintana Roo Hoy,,,,,,3,informativo,activo
auto-76b682c4a9,Participa SET en Celebración Mundial del Día Internacional de la Alfabetización ,Gobernabilidad,5,corto,Participa SET en Celebración Mundial del Día Internacional de la Alfabetización organizada por la UNESCO - Gobierno del Estado de Tamaulipas,,,,,,3,completo,activo
auto-718902fbaf,Alista PRD denuncia por uso de GN para escoltar a servidores que entregan propag,Gobernabilidad,5,corto,Alista PRD denuncia por uso de GN para escoltar a servidores que entregan propaganda del gobernador - XEVT,,,,,,3,informativo,activo
auto-4edd00d7d4,Muere el periodista Oscar Mario Beteta,Social,5,corto,Muere el periodista Oscar Mario Beteta,,,,,,3,informativo,activo
auto-b25b364dc5,SEP propone crecer la red Educal y reforzar comercio del libro,Gobernabilidad,5,corto,SEP propone crecer la red Educal y reforzar comercio del libro,,,,,,3,informativo,activo
auto-67cefd6a05,En paquete de iniciativas enviadas al Congreso hay una para incrementar penas en,Gobernabilidad,5,corto,En paquete de iniciativas enviadas al Congreso hay una para incrementar penas en algunos delitos: May - XEVT,,,,,,3,informativo,activo
auto-d0398273a8,Anuncian megapuente en Campeche; Gobierno estatal agrega más días inhábiles | VI,Gobernabilidad,5,corto,Anuncian megapuente en Campeche; Gobierno estatal agrega más días inhábiles | VIDEO - El Heraldo de México,,,,,,3,informativo,activo
auto-f28d9e8f5a,“Detrás de cada gestión hay personas y familias que merecen ser escuchadas”: Jos,Gobernabilidad,5,corto,“Detrás de cada gestión hay personas y familias que merecen ser escuchadas”: José Manuel Pozos Castro - Golpe Político,,,,,,3,informativo,activo
auto-954008c18d,Más haitianos son arrestados por migración desde finales de julio - Telemundo Sa,Social,5,corto,Más haitianos son arrestados por migración desde finales de julio - Telemundo San Diego,,,,,,3,informativo,activo
auto-744e7f45b2,Alternativa lúdica: Jornada de juegos en la UT de Peto contra pantallas,Gobernabilidad,5,corto,Alternativa lúdica: Jornada de juegos en la UT de Peto contra pantallas,,,,,,3,informativo,activo
auto-6ba8c10e27,EE.UU. ajusta su estrategia contra los cárteles,Seguridad Nacional,5,corto,EE.UU. ajusta su estrategia contra los cárteles,,,,,,3,informativo,activo
auto-4729269584,Aurelio Nuño responsabiliza a Morena del colapso educativo en México,Gobernabilidad,5,corto,Aurelio Nuño responsabiliza a Morena del colapso educativo en México,,,,,,3,informativo,activo
auto-f725fe03af,"Con entrega de 50 motocarros, Texmelucan fortalece reciclaje de excarretoneros",Gobernabilidad,5,corto,"Con entrega de 50 motocarros, Texmelucan fortalece reciclaje de excarretoneros",,,,,,3,informativo,activo
auto-831175b046,"“Con el favor de Dios, que la vida me permita vivir”, dijo triste a su salida",Gobernabilidad,5,corto,"“Con el favor de Dios, que la vida me permita vivir”, dijo triste a su salida",,,,,,3,informativo,activo
auto-12271738d8,Imanol Ordorika: Trampa de fábrica,Gobernabilidad,5,corto,Imanol Ordorika: Trampa de fábrica,,,,,,3,informativo,activo
auto-fff5d34a68,Agradece el rector de la máxima casa de estudios presupuesto para 2027,Economía,5,corto,Agradece el rector de la máxima casa de estudios presupuesto para 2027,,,,,,3,informativo,activo
auto-607ccd41de,"Willivaldo Delgadillo*: Óscar Enríquez, una voz que se multiplica",Gobernabilidad,5,corto,"Willivaldo Delgadillo*: Óscar Enríquez, una voz que se multiplica",,,,,,3,informativo,activo
auto-edc2d9eb94,Guerra de declaraciones entre opositores y guindas por migrantes,Social,5,corto,Guerra de declaraciones entre opositores y guindas por migrantes,,,,,,3,informativo,activo
auto-3e4c01b3e3,No van a la escuela 273 millones de jóvenes en el mundo: Unesco,Gobernabilidad,5,corto,No van a la escuela 273 millones de jóvenes en el mundo: Unesco,,,,,,3,informativo,activo
auto-8c9cc8c112,Avalan lista de ex empleados que recibirán recursos de la subasta de AHMSA y Min,Economía,5,corto,Avalan lista de ex empleados que recibirán recursos de la subasta de AHMSA y Minosa,,,,,,3,informativo,activo
auto-bf6fd32c93,Impulsan que el SAT audite a sindicatos y gubernaturas,Gobernabilidad,5,corto,Impulsan que el SAT audite a sindicatos y gubernaturas,,,,,,3,informativo,activo
auto-a3512bb5a8,"El economista portugués Ricardo Reis, apartado por el FMI tras criticar los aran",Relación Bilateral,5,corto,"El economista portugués Ricardo Reis, apartado por el FMI tras criticar los aranceles de Trump - Yahoo Finanzas",,,,,,3,informativo,activo
auto-a1d3e1a4a0,"Adultos con INAPAM reciben $9,582.47 al mes por orden de Claudia Sheinbaum: de q",Gobernabilidad,5,corto,"Adultos con INAPAM reciben $9,582.47 al mes por orden de Claudia Sheinbaum: de qué se trata en septiembre 2026 - ambito.com",,,,,,1,completo,activo
auto-637d706c19,Monetización digital,Gobernabilidad,5,corto,Monetización digital,,,,,,3,informativo,activo
auto-4b98df7a0e,Suman 9 asesinatos políticos de mujeres en el actual sexenio,Gobernabilidad,5,corto,Suman 9 asesinatos políticos de mujeres en el actual sexenio,,,,,,3,informativo,activo
auto-9ab1225cd6,Promete Silva Romo cercanía y resultados,Gobernabilidad,5,corto,Promete Silva Romo cercanía y resultados,,,,,,3,informativo,activo
auto-00bb216312,Apuesta PJEO por mejor capacitación y profesionalización de operadores judiciale,Gobernabilidad,5,corto,Apuesta PJEO por mejor capacitación y profesionalización de operadores judiciales,,,,,,3,informativo,activo
auto-708f08ed07,Alcaldesa de Jonuta admite que se le hunde el malecón,Gobernabilidad,5,corto,Alcaldesa de Jonuta admite que se le hunde el malecón,,,,,,3,informativo,activo
auto-8515965e9e,Baca dejó tirado al cabildo señala alcaldesa interina de Paraíso,Gobernabilidad,5,corto,Baca dejó tirado al cabildo señala alcaldesa interina de Paraíso,,,,,,3,informativo,activo
auto-5d1457c34e,Menosprecia Armín Marín a edil de Paraíso,Gobernabilidad,5,corto,Menosprecia Armín Marín a edil de Paraíso,,,,,,3,informativo,activo
auto-7183576418,"Tabasco suma 1,033 casos de fallecimiento autoinfligido en seis años",Gobernabilidad,5,corto,"Tabasco suma 1,033 casos de fallecimiento autoinfligido en seis años",,,,,,3,informativo,activo
auto-6640c21962,Tensión en Morena: chocan Citlalli y Ariadna - Periódico Correo,Gobernabilidad,5,corto,Tensión en Morena: chocan Citlalli y Ariadna - Periódico Correo,,,,,,3,informativo,activo
auto-466d50c129,"Vigilan potencial del ciclón ""Norbert"" en el Pacífico; prevén lluvias en Jalisco",Gobernabilidad,5,corto,"Vigilan potencial del ciclón ""Norbert"" en el Pacífico; prevén lluvias en Jalisco",,,,,,3,informativo,activo
auto-2393cec68e,Sheinbaum llama a eliminar el odio y priorizar propuestas en comicios 2026-2027 ,Gobernabilidad,5,corto,Sheinbaum llama a eliminar el odio y priorizar propuestas en comicios 2026-2027 - La Jornada,,,,,,3,informativo,activo
auto-9f41c7336d,Se busca rescatar el ingenio en Veracruz; Sheinbaum descarta subsidio y plantea ,Gobernabilidad,5,corto,Se busca rescatar el ingenio en Veracruz; Sheinbaum descarta subsidio y plantea 3 opciones - La Jornada,,,,,,3,informativo,activo
auto-043bf7b202,"Sheinbaum anuncia paquete de reducción de trámites del SAT, IMSS y STPS para inc",Gobernabilidad,5,corto,"Sheinbaum anuncia paquete de reducción de trámites del SAT, IMSS y STPS para incentivar a las Pymes - La Jornada",,,,,,3,informativo,activo
auto-3863976e73,"Descalificaciones de Rubio al combate de México al narcotráfico, parte de la cam",Seguridad Nacional,5,corto,"Descalificaciones de Rubio al combate de México al narcotráfico, parte de la campaña política de EU: Sheinbaum - La Jornada",,,,,,3,informativo,activo
auto-47c7a0c647,¿Quieres un varo para tu negocio? Nafin y Bancomext darán créditos de hasta 30 m,Gobernabilidad,5,corto,¿Quieres un varo para tu negocio? Nafin y Bancomext darán créditos de hasta 30 mpd,,,,,,3,informativo,activo
auto-da1b31537e,Clima en Puebla y Morelos: Lluvias intensas por la onda tropical 37 el viernes 1,Gobernabilidad,5,corto,Clima en Puebla y Morelos: Lluvias intensas por la onda tropical 37 el viernes 11 de septiembre,,,,,,3,informativo,activo
auto-a7e65abd53,Suben los precios del petróleo: brent cerca de un 1% y el WTI 3.9%,Relación Bilateral,5,corto,Suben los precios del petróleo: brent cerca de un 1% y el WTI 3.9%,,,,,,3,informativo,activo
auto-0bbc723252,Cómo las redes sociales de Trump reflejan su versión de la realidad,Relación Bilateral,5,corto,Cómo las redes sociales de Trump reflejan su versión de la realidad,,,,,,3,informativo,activo
auto-4ba9fa9ee8,BLINDA A 43 MILLONES DE MEXICANOS,Economía,5,corto,BLINDA A 43 MILLONES DE MEXICANOS,,,,,,3,informativo,activo
auto-e1ba232f5f,México va en la ruta correcta en materia de política internacional: responde Mur,Relación Bilateral,5,corto,México va en la ruta correcta en materia de política internacional: responde Murat a Rubio - Dialogos Oaxaca,,,,,,1,completo,activo
auto-6cf4b17190,Ulises Ruiz acusa “narco pacto” Morena-Verde para proteger con fuero a Rogelio H,Seguridad Nacional,5,corto,Ulises Ruiz acusa “narco pacto” Morena-Verde para proteger con fuero a Rogelio Hernández Cázarez - RiOaxaca,,,,,,3,informativo,activo
auto-5b9b48fc0b,En Tapachula aflora fantasma de fundadores de MORENA; se autoeligen cargos de el,Gobernabilidad,5,corto,"En Tapachula aflora fantasma de fundadores de MORENA; se autoeligen cargos de elección popular, azuzados por Carlos Diaz - Diario de Chiapas",,,,,,3,informativo,activo
auto-fb625d0141,"Implosión en Morena, escribe Azucena Uresti - El Universal",Gobernabilidad,5,corto,"Implosión en Morena, escribe Azucena Uresti - El Universal",,,,,,3,informativo,activo
auto-e6d3ffeac8,Puso de rodillas al Gobernador - Sol Yucatán,Gobernabilidad,5,corto,Puso de rodillas al Gobernador - Sol Yucatán,,,,,,3,informativo,activo
auto-d77baeaee4,Tasa cero de IVA para pequeñas librerías permitirá a editoriales recuperar alred,Gobernabilidad,5,corto,"Tasa cero de IVA para pequeñas librerías permitirá a editoriales recuperar alrededor $200 millones, asegura Sheinbaum - La Jornada",,,,,,3,informativo,activo
auto-b125dec02e,Sheinbaum dice que Fiscalía tiene ya “algunos resultados” tras muerte de diputad,Gobernabilidad,5,corto,Sheinbaum dice que Fiscalía tiene ya “algunos resultados” tras muerte de diputado mexicano - HolaNews,,,,,,3,informativo,activo
auto-376e2b355a,"IAP Chiapas impulsa la capacitación municipal en seguridad pública, desarrollo u",Gobernabilidad,5,corto,"IAP Chiapas impulsa la capacitación municipal en seguridad pública, desarrollo urbano y evaluación del desempeño - noticiasdechiapas.com.mx",,,,,,3,informativo,activo
auto-b134c2bded,"Medio siglo de cacicazgo en Tlaxcala con PRI, PRD, PAN y Morena - Línea Política",Gobernabilidad,5,corto,"Medio siglo de cacicazgo en Tlaxcala con PRI, PRD, PAN y Morena - Línea Política",,,,,,3,informativo,activo
auto-dd85268c82,"El derecho a quedarse: repensar la migración climática desde la comida, la tierr",Social,5,corto,"El derecho a quedarse: repensar la migración climática desde la comida, la tierra y los medios de vida - Slow Food",,,,,,3,informativo,activo
auto-b6d34b06e4,1.9 millones de mexiquenses han salido de la pobreza con Delfina Gómez,Gobernabilidad,5,corto,1.9 millones de mexiquenses han salido de la pobreza con Delfina Gómez,,,,,,1,completo,activo
auto-dbb788301a,Se pronostica un viernes 11 de septiembre con temperaturas frescas y cielo nubla,Gobernabilidad,5,corto,Se pronostica un viernes 11 de septiembre con temperaturas frescas y cielo nublado en CDMX y Edomex,,,,,,3,informativo,activo
auto-15d0ef9e2f,INE da banderazo al proceso electoral 2027; Taddei garantiza piso parejo a parti,Gobernabilidad,5,corto,INE da banderazo al proceso electoral 2027; Taddei garantiza piso parejo a partidos,,,,,,3,informativo,activo
auto-114021eef1,La Feria Xmatkuil podría quedarse sin estacionamiento si el Gobierno estatal no ,Gobernabilidad,5,corto,La Feria Xmatkuil podría quedarse sin estacionamiento si el Gobierno estatal no paga 150 mdp a ejidatarios,,,,,,3,informativo,activo
auto-38b7af4bf5,"Policía de Tránsito, la corporación que más identifican con corrupción en Tabasc",Gobernabilidad,5,corto,"Policía de Tránsito, la corporación que más identifican con corrupción en Tabasco",,,,,,3,informativo,activo
auto-41e55f49e5,Diseño con módulos detona la producción gasera,Gobernabilidad,5,corto,Diseño con módulos detona la producción gasera,,,,,,3,informativo,activo
auto-cfdc17a54a,“Morena deberá definir incorporación de exdirigente al partido” - opinionciudada,Gobernabilidad,5,corto,“Morena deberá definir incorporación de exdirigente al partido” - opinionciudadana.com.mx,,,,,,3,informativo,activo
auto-465912d9b2,Chiapas: militantes de Morena piden tener prioridad para candidaturas del próxim,Gobernabilidad,5,corto,Chiapas: militantes de Morena piden tener prioridad para candidaturas del próximo proceso electoral - La Jornada,,,,,,3,informativo,activo
auto-d47fdfa967,Conoce los 17 estados que cambiarán de gobernador este 2027 - Récord,Gobernabilidad,5,corto,Conoce los 17 estados que cambiarán de gobernador este 2027 - Récord,,,,,,3,informativo,activo
auto-ae50f7ba17,Amplía Sheinbaum facilidades fiscales y créditos para micro y pequeñas empresas ,Gobernabilidad,5,corto,Amplía Sheinbaum facilidades fiscales y créditos para micro y pequeñas empresas - ADN | A Diario Network,,,,,,3,informativo,activo
auto-3f4b8a0472,"Elecciones en EEUU: Trump ofrece 5,000 dólares a los adultos del país si republi",Relación Bilateral,5,corto,"Elecciones en EEUU: Trump ofrece 5,000 dólares a los adultos del país si republicanos conservan el control del Congreso",,,,,,3,informativo,activo
auto-7992b5f45c,INE abre registro para observadores electorales.,Gobernabilidad,5,corto,INE abre registro para observadores electorales.,,,,,,3,informativo,activo
auto-422205c118,Sitiavw votará aumento salarial el 11 de septiembre; Volkswagen adelanta home of,Social,5,corto,Sitiavw votará aumento salarial el 11 de septiembre; Volkswagen adelanta home office,,,,,,3,informativo,activo
auto-03ec973294,BITACORÁ POLÍTICA | La redacción quedó en silencio - Formato Siete,Gobernabilidad,5,corto,BITACORÁ POLÍTICA | La redacción quedó en silencio - Formato Siete,,,,,,3,informativo,activo
auto-4c9843ce2b,"La Última Palabra: Con tendencia azul-naranja, se forma oposición “libertaria” -",Gobernabilidad,5,corto,"La Última Palabra: Con tendencia azul-naranja, se forma oposición “libertaria” - Ruptura360",,,,,,3,informativo,activo
auto-44250cb339,Esposa de locutor Iván Michel Atilano pide a Presidenta de México y Gobernador d,Gobernabilidad,5,corto,Esposa de locutor Iván Michel Atilano pide a Presidenta de México y Gobernador de Oaxaca no detener búsqueda de comunicador; van 23 días sin saber de él - primeralinea.mx,,,,,,3,informativo,activo
auto-0da064fe0c,Migración de legados. Generadores y consumidores buscan su «traje a la medida» -,Social,5,corto,Migración de legados. Generadores y consumidores buscan su «traje a la medida» - Factor energético,,,,,,3,informativo,activo
auto-fa19f33707,EU y República Dominicana pactan acuerdo para explotar minerales críticos y tier,Gobernabilidad,5,corto,EU y República Dominicana pactan acuerdo para explotar minerales críticos y tierras raras,,,,,,3,informativo,activo
auto-b7ca73402f,Marruecos afirma que ya ‘amarró’ la final del Mundial 2030: ¿Qué respondió la FI,Gobernabilidad,5,corto,Marruecos afirma que ya ‘amarró’ la final del Mundial 2030: ¿Qué respondió la FIFA?,,,,,,3,informativo,activo
auto-baccdac608,Recupera víctima posesión de un predio en Actopan; FGE mantiene investigaciones ,Seguridad Nacional,5,corto,Recupera víctima posesión de un predio en Actopan; FGE mantiene investigaciones por presunto “cártel inmobiliario”,,,,,,3,informativo,activo
auto-21ddb43ac9,"Con 19 mdp, rehabilitarán drenaje pluvial del bulevar 5 de Mayo para evitar inun",Economía,5,corto,"Con 19 mdp, rehabilitarán drenaje pluvial del bulevar 5 de Mayo para evitar inundaciones",,,,,,3,informativo,activo
auto-8e79d7836e,Volaris adelanta inicio de operaciones de vuelo Puebla-Chicago; será el 2 de oct,Gobernabilidad,5,corto,Volaris adelanta inicio de operaciones de vuelo Puebla-Chicago; será el 2 de octubre,,,,,,3,informativo,activo
auto-e1a723ae92,Padres de familia protestan por falta de docente en primaria de Atlixco; sería 1,Social,5,corto,Padres de familia protestan por falta de docente en primaria de Atlixco; sería 1 año sin clases,,,,,,3,informativo,activo
auto-f373694b21,El secretario del ayuntamiento de Bacalar alza la mano para contender por la pre,Gobernabilidad,5,corto,El secretario del ayuntamiento de Bacalar alza la mano para contender por la presidencia municipal - canal10.tv,,,,,,3,informativo,activo
auto-f23ced8b4e,CON LA MIRA EN LA ELECCIÓN DE 2027: Determina Tercera Sala del TSJ archivar como,Gobernabilidad,5,corto,CON LA MIRA EN LA ELECCIÓN DE 2027: Determina Tercera Sala del TSJ archivar como concluida denuncia interpuesta contra regidor emecista Francisco Puc 'Xiximac' en José María Morelos al confirmar la no vinculación a proceso - Noticaribe,,,,,,3,informativo,activo
auto-d562f29273,Oposición critica que Puebla se quede sin grandes proyectos en Ley de Egresos - ,Gobernabilidad,5,corto,Oposición critica que Puebla se quede sin grandes proyectos en Ley de Egresos - e-consulta.com,,,,,,3,informativo,activo
auto-995ac3ef00,El PAN Puebla por fin está intentando recuperar el tono de oposición | La Vecind,Gobernabilidad,5,corto,"El PAN Puebla por fin está intentando recuperar el tono de oposición | La Vecindad - El Popular, periodismo con causa",,,,,,3,informativo,activo
auto-0e7f079f97,#HuayNius 📲 | En el gobierno de ‘Huacho’ Díaz Mena puedes ser lo que quieras ser,Gobernabilidad,5,corto,"#HuayNius 📲 | En el gobierno de ‘Huacho’ Díaz Mena puedes ser lo que quieras ser y esto queda CLARÍSIMO con Alaine López Briceño, secretaria de #Infraestructura de #Yucatán, quien tiene formación de MERCADÓLOGA, sin conocimientos base sobre s - instagram.com",,,,,,3,informativo,activo
auto-2b0080b170,"Tamaulipas tendrá nueva infraestructura energética y de logística, afirma presid",Gobernabilidad,5,corto,"Tamaulipas tendrá nueva infraestructura energética y de logística, afirma presidenta Sheinbaum - globalenergy.mx",,,,,,3,informativo,activo
auto-b939368c74,Destaca Carmen Lilia resultados de Sheinbaum en Tamaulipas y su vision estrategi,Gobernabilidad,5,corto,Destaca Carmen Lilia resultados de Sheinbaum en Tamaulipas y su vision estrategica para Nuevo Laredo - Hoy Tamaulipas,,,,,,3,informativo,activo
auto-eaf2a3a0cf,¿Marihuana en la comida? La SCJN avala su uso para autoconsumo y nuevos permisos,Gobernabilidad,5,corto,¿Marihuana en la comida? La SCJN avala su uso para autoconsumo y nuevos permisos de Cofepris,,,,,,3,informativo,activo
auto-f6e003a5a8,"""Ni regalando boletos les va a dar"": Erubiel Alonso sentencia que MC ganará a Mo",Gobernabilidad,5,corto,"""Ni regalando boletos les va a dar"": Erubiel Alonso sentencia que MC ganará a Morena en 2027 - XEVT",,,,,,3,informativo,activo
auto-e2df5fcd2f,Diputados de Morena señalan a Samuel García por fractura en la autonomía de la U,Gobernabilidad,5,corto,Diputados de Morena señalan a Samuel García por fractura en la autonomía de la UANL - Caribe Peninsular,,,,,,1,completo,activo
auto-9e86d846a3,Aspirante a diputado panista actúa como antíguo perredista. ¡Mueve a la gente y ,Gobernabilidad,5,corto,Aspirante a diputado panista actúa como antíguo perredista. ¡Mueve a la gente y toma carreteras! - Política al Día,,,,,,3,informativo,activo
auto-d93a546ee8,El equilibrio oculto entre el juego relajado y el competitivo para aliviar el es,Gobernabilidad,5,corto,El equilibrio oculto entre el juego relajado y el competitivo para aliviar el estrés,,,,,,3,informativo,activo
auto-956e9d20b7,[#VIDEO] Anabel Hernández señala que Sheinbaum fuma marihuana para combatir la d,Gobernabilidad,5,corto,[#VIDEO] Anabel Hernández señala que Sheinbaum fuma marihuana para combatir la depresión (por Luis Salas de Astillero Informa) - julioastillero.com,,,,,,3,informativo,activo
auto-ddc518e82d,"'Pueden calumniar en las redes, pero estamos fuertes': Sheinbaum - 24 HORAS | El",Gobernabilidad,5,corto,"'Pueden calumniar en las redes, pero estamos fuertes': Sheinbaum - 24 HORAS | El Diario sin Límites",,,,,,3,informativo,activo
auto-8ab7f9bd7b,SAT y Sheinbaum detectaron a más de 54 mil empresas que acumulan hasta cinco año,Gobernabilidad,5,corto,SAT y Sheinbaum detectaron a más de 54 mil empresas que acumulan hasta cinco años sin pagar ISR reportando pérdidas con facturas falsas y están preparando candados legales más estrictos para frenar el uso de gastos ficticios que merman la recaudaci - El Imparcial,,,,,,3,informativo,activo
auto-edd6fdaeac,Detienen en Sonora a hombre por presunto maltrato animal; arrastró a un perro en,Gobernabilidad,5,corto,Detienen en Sonora a hombre por presunto maltrato animal; arrastró a un perro en una cuatrimoto,,,,,,3,informativo,activo
auto-8b7f240acc,Reconocen a Gualberto Iván Luna Jiménez como Historiador del Año 2025,Gobernabilidad,5,corto,Reconocen a Gualberto Iván Luna Jiménez como Historiador del Año 2025,,,,,,3,informativo,activo
auto-46293a94f6,"Gobierno de México invierte bolsa millonaria en carreteras, pero es insuficiente",Economía,5,corto,"Gobierno de México invierte bolsa millonaria en carreteras, pero es insuficiente",,,,,,3,informativo,activo
auto-74eb0d08a7,México y Corea fortalecerán la relación bilateral,Gobernabilidad,5,corto,México y Corea fortalecerán la relación bilateral,,,,,,3,informativo,activo
auto-e2608a5a56,Dan prisión preventiva a 16 integrantes de Los Ardillos,Seguridad Nacional,5,corto,Dan prisión preventiva a 16 integrantes de Los Ardillos,,,,,,3,informativo,activo
auto-5510cd34d7,Sindicato Minero logra alza de 14% en planta acerera de Michoacán,Gobernabilidad,5,corto,Sindicato Minero logra alza de 14% en planta acerera de Michoacán,,,,,,3,informativo,activo
auto-fdf5a8cbd8,Julio Hernández López: Astillero,Gobernabilidad,5,corto,Julio Hernández López: Astillero,,,,,,1,completo,activo
auto-9477a1ae65,"Desde 2025, Chiapas ha alfabetizado a 250 mil personas",Seguridad Nacional,5,corto,"Desde 2025, Chiapas ha alfabetizado a 250 mil personas",,,,,,3,informativo,activo
auto-704b28480f,Concluyen preparativos militares para el desfile del 16 de septiembre,Gobernabilidad,5,corto,Concluyen preparativos militares para el desfile del 16 de septiembre,,,,,,1,completo,activo
auto-0eebb73db7,INE adopta color lila tras “haber perdido el rosa” que usa Somos,Gobernabilidad,5,corto,INE adopta color lila tras “haber perdido el rosa” que usa Somos,,,,,,3,informativo,activo
auto-996a578e5a,Aspiran a planteles del gobierno 9 mil alumnos rechazados por la UNAM,Gobernabilidad,5,corto,Aspiran a planteles del gobierno 9 mil alumnos rechazados por la UNAM,,,,,,3,informativo,activo
auto-ca5ecd90c2,Simón Vargas Aguilar*: La lucha contra el terrorismo continúa,Relación Bilateral,5,corto,Simón Vargas Aguilar*: La lucha contra el terrorismo continúa,,,,,,3,informativo,activo
auto-8f13190d19,Aliados de Taddei toman comisiones claves del máximo órgano electoral,Gobernabilidad,5,corto,Aliados de Taddei toman comisiones claves del máximo órgano electoral,,,,,,3,informativo,activo
auto-53ac794c04,Expertos exigen ser críticos ante avance de la IA en aulas,Gobernabilidad,5,corto,Expertos exigen ser críticos ante avance de la IA en aulas,,,,,,3,informativo,activo
auto-dbfc0a98e7,“No son drones con armas”: Sheinbaum sobre aparatos usados por el crimen en la f,Gobernabilidad,5,corto,“No son drones con armas”: Sheinbaum sobre aparatos usados por el crimen en la frontera con EU - Grupo Animal,,,,,,3,informativo,activo
auto-be13e8e058,Sheinbaum: Anticorrupción podría investigar a Carlos Ulloa por compra de departa,Gobernabilidad,5,corto,Sheinbaum: Anticorrupción podría investigar a Carlos Ulloa por compra de departamentos al contado - El Universal,,,,,,3,informativo,activo
auto-0f66bac9ae,Príncipe heredero saudí pidió a EU atacar a hutíes... pero Trump respondió: ‘No ,Relación Bilateral,5,corto,Príncipe heredero saudí pidió a EU atacar a hutíes... pero Trump respondió: ‘No lo tengo previsto’,,,,,,3,informativo,activo
auto-d3c076e323,“Queremos justicia”: familias del 11S reclaman investigar papel de Arabia Saudí,Relación Bilateral,5,corto,“Queremos justicia”: familias del 11S reclaman investigar papel de Arabia Saudí,,,,,,3,informativo,activo
auto-31f8ead624,Harfuch confirma operativo en inmueble usado por el crimen organizado en Jalisco,Gobernabilidad,5,corto,Harfuch confirma operativo en inmueble usado por el crimen organizado en Jalisco,,,,,,3,informativo,activo
auto-cfd69bf7c9,Ingrid Rosas rumbo a Vancouver Fashion Week,Gobernabilidad,5,corto,Ingrid Rosas rumbo a Vancouver Fashion Week,,,,,,3,informativo,activo
auto-f23e85c3d4,Mocistas dan la espalda a sus dirigentes,Gobernabilidad,5,corto,Mocistas dan la espalda a sus dirigentes,,,,,,3,informativo,activo
auto-af35f6407c,Implementan prueba piloto con incorporación a la Vía Atlixcáyotl para reducir ca,Gobernabilidad,5,corto,Implementan prueba piloto con incorporación a la Vía Atlixcáyotl para reducir carga vehicular,,,,,,3,informativo,activo
auto-2cb562ea9e,Asesinan a hombre dentro de un auto en Texmelucan; buscan a los agresores,Gobernabilidad,5,corto,Asesinan a hombre dentro de un auto en Texmelucan; buscan a los agresores,,,,,,3,informativo,activo
auto-46180efe28,El combate al crimen organizado por la ejecución del periodista Alejandro Leyva ,Social,5,corto,El combate al crimen organizado por la ejecución del periodista Alejandro Leyva y la organización del Segundo Informe Presidencial cambia el tablero político-electoral de las “aspirinas” en Oaxaca - Revista Mujeres,,,,,,3,informativo,activo
auto-fa35255c65,Oaxaca: Renuncia masiva fractura gobierno de Santiago Choápam; concejales respon,Gobernabilidad,5,corto,"Oaxaca: Renuncia masiva fractura gobierno de Santiago Choápam; concejales responsabilizan a alcaldesa por falta de condiciones - El Piñero, Periodismo y Debate.",,,,,,3,informativo,activo
auto-7d63c5d887,Un hombre fue ejecutado a balazos en Juchitán de Zaragoza; fue identificado como,Gobernabilidad,5,corto,Un hombre fue ejecutado a balazos en Juchitán de Zaragoza; fue identificado como Víctor Manuel S. - El Congresista,,,,,,3,informativo,activo
auto-b7dcde2984,Javier Osante solicita licencia como diputado y refuerza su labor política en Mo,Gobernabilidad,5,corto,Javier Osante solicita licencia como diputado y refuerza su labor política en Movimiento Ciudadano - tintapublicanoticias.com,,,,,,3,informativo,activo
auto-ad130e93d6,Los jóvenes papantecos acompañaron al alcalde a recibir a la Presidenta - Diario,Gobernabilidad,5,corto,Los jóvenes papantecos acompañaron al alcalde a recibir a la Presidenta - Diario Gráfico,,,,,,3,informativo,activo
auto-d30cf75482,"Horóscopos de Mizada Mohamed para hoy, viernes 11 de septiembre: día de atracció",Gobernabilidad,5,corto,"Horóscopos de Mizada Mohamed para hoy, viernes 11 de septiembre: día de atracción gracias a la luna nueva",,,,,,3,informativo,activo
auto-228ba663a5,Sedarpa releva a funcionarios de ganadería por casos de corrupción; continúa com,Gobernabilidad,5,corto,Sedarpa releva a funcionarios de ganadería por casos de corrupción; continúa combate a plaga de gusano barrenador,,,,,,3,informativo,activo
auto-6a0bf4e046,Comuna de Puebla invertirá 500 mil pesos para reparar estatuas de bronce vandali,Economía,5,corto,Comuna de Puebla invertirá 500 mil pesos para reparar estatuas de bronce vandalizadas,,,,,,3,informativo,activo
auto-a204a64eda,Cecilia Patrón: la mujer detrás de la alcaldesa de Mérida - La Revista Peninsula,Gobernabilidad,5,corto,Cecilia Patrón: la mujer detrás de la alcaldesa de Mérida - La Revista Peninsular,,,,,,3,informativo,activo
auto-89c6f86730,El alcalde de Esperanza declaró haber ganado cero pesos en 2024,Economía,5,corto,El alcalde de Esperanza declaró haber ganado cero pesos en 2024,,,,,,3,informativo,activo
auto-60483b5fc0,Gala Montes estuvo con su ex al salir de La Casa de los Famosos México y esto fu,Gobernabilidad,5,corto,Gala Montes estuvo con su ex al salir de La Casa de los Famosos México y esto fue TODO lo que CONSUMIERON,,,,,,3,informativo,activo
auto-dbd56d058d,Trump alcanza cifra histórica y diésel en EU supera los 6 dólares: ¿Es más barat,Relación Bilateral,5,corto,Trump alcanza cifra histórica y diésel en EU supera los 6 dólares: ¿Es más barato en México?,,,,,,3,informativo,activo
auto-7daadfe379,"Gravemente lesionado, un menor de cinco años es trasladado de emergencia en heli",Gobernabilidad,5,corto,"Gravemente lesionado, un menor de cinco años es trasladado de emergencia en helicóptero a Mérida",,,,,,3,informativo,activo
auto-14e8604daa,¿De cuánto es la multa por viajar en la batea?,Gobernabilidad,5,corto,¿De cuánto es la multa por viajar en la batea?,,,,,,3,informativo,activo
auto-7166db81f2,Restaurantes resisten el alza de costos,Gobernabilidad,5,corto,Restaurantes resisten el alza de costos,,,,,,3,informativo,activo
auto-09670752d1,Duarte asegura que los Yunes esperan que Morena pierda poder para regresar al PA,Gobernabilidad,5,corto,Duarte asegura que los Yunes esperan que Morena pierda poder para regresar al PAN - Imagen de Veracruz,,,,,,3,informativo,activo
auto-f82dd57434,Congreso reconoce nuevas agencias municipales y de policía en Costa e Istmo - Me,Gobernabilidad,5,corto,Congreso reconoce nuevas agencias municipales y de policía en Costa e Istmo - Meganoticias.mx,,,,,,3,informativo,activo
auto-ebea6ae0c0,Puro cuento la austeridad de Morena. Anabell Ávalos acusa excesos y privilegios ,Gobernabilidad,5,corto,Puro cuento la austeridad de Morena. Anabell Ávalos acusa excesos y privilegios en la 4T - E-Tlaxcala,,,,,,3,informativo,activo
auto-58dd95cf8e,Farid Rentería coincide con liderazgos de Morena y respalda llamado a la congrue,Gobernabilidad,5,corto,Farid Rentería coincide con liderazgos de Morena y respalda llamado a la congruencia ética en Quintana Roo - La Opinión de Quintana Roo,,,,,,3,informativo,activo
auto-e16c2c5511,Sheinbaum ofrece expertos para Ayotzinapa sin abrir archivos militares - Los Áng,Gobernabilidad,5,corto,Sheinbaum ofrece expertos para Ayotzinapa sin abrir archivos militares - Los Ángeles Press,,,,,,3,informativo,activo
auto-d4c722b2c0,Adiós a los cargos sorpresa: Monreal presenta iniciativa contra cobros ocultos e,Gobernabilidad,5,corto,Adiós a los cargos sorpresa: Monreal presenta iniciativa contra cobros ocultos en compras por internet,,,,,,3,informativo,activo
auto-35747f9c93,Nuevo derrame de petróleo en Campeche; Pemex despliega operativo,Gobernabilidad,5,corto,Nuevo derrame de petróleo en Campeche; Pemex despliega operativo,,,,,,3,informativo,activo
auto-21a7e85861,¡Adiós al celular en el salón! Preparan nuevas reglas para frenar su uso en escu,Gobernabilidad,5,corto,¡Adiós al celular en el salón! Preparan nuevas reglas para frenar su uso en escuelas,,,,,,3,informativo,activo
auto-71e483207a,Personal del CAE en Xalapa convoca a concentración ante desabasto de medicamento,Social,5,corto,"Personal del CAE en Xalapa convoca a concentración ante desabasto de medicamentos: “las cirugías siguen suspendidas, no ha llegado material”",,,,,,3,informativo,activo
auto-3a072c077d,Adquirirán predio para construir 2° campus de USEP en Puebla capital en 2027,Gobernabilidad,5,corto,Adquirirán predio para construir 2° campus de USEP en Puebla capital en 2027,,,,,,3,informativo,activo
auto-5f30c72291,"Al servicio de Morena y la 4T, Gonzalo Guízar y el nuevo partido PAZ/ Marco Agui",Gobernabilidad,5,corto,"Al servicio de Morena y la 4T, Gonzalo Guízar y el nuevo partido PAZ/ Marco Aguirre/ Místicos y Terrenakes - Plumas Libres",,,,,,3,informativo,activo
auto-b7f9c3e7ec,Operación Enjambre suma 14 alcaldes procesados; cuatro son de Morena - El Inform,Gobernabilidad,5,corto,Operación Enjambre suma 14 alcaldes procesados; cuatro son de Morena - El Informador,,,,,,3,informativo,activo
auto-bf1807be4e,Señalan a funcionario del IEEPO por altercado durante informe de Sheinbaum - El ,Gobernabilidad,5,corto,"Señalan a funcionario del IEEPO por altercado durante informe de Sheinbaum - El Piñero, Periodismo y Debate.",,,,,,3,informativo,activo
auto-69c4cc53cd,"En Izúcar de Matamoros, el diputado Pável Gaspar participó en la Jornada de Refo",Gobernabilidad,5,corto,"En Izúcar de Matamoros, el diputado Pável Gaspar participó en la Jornada de Reforestación “Pulmones Escolares” - exclusivaspuebla.com.mx",,,,,,3,informativo,activo
auto-6d785c0a65,El odio naranja hacia Nahle; Gobernadora ayer mostró músculo / Pablo Jair Ortega,Gobernabilidad,5,corto,El odio naranja hacia Nahle; Gobernadora ayer mostró músculo / Pablo Jair Ortega - horacero.mx,,,,,,3,informativo,activo
auto-d7425da68d,Pone en marcha SEQ el Programa de Enseñanza del Idioma Inglés en Quintana Roo en,Gobernabilidad,5,corto,Pone en marcha SEQ el Programa de Enseñanza del Idioma Inglés en Quintana Roo en Nicolás Bravo - Gobierno del Estado de Quintana Roo,,,,,,3,informativo,activo
auto-8fb4ead389,Carlos Peña Ortiz participa en Informe de Sheinbaum en Ciudad Victoria - Central,Gobernabilidad,5,corto,Carlos Peña Ortiz participa en Informe de Sheinbaum en Ciudad Victoria - Central Municipal,,,,,,3,informativo,activo
auto-a508fca235,Mariana Echeverría dio shows privados a líderes del narcotráfico; revela pagos m,Seguridad Nacional,5,corto,Mariana Echeverría dio shows privados a líderes del narcotráfico; revela pagos millonarios,,,,,,3,informativo,activo
auto-6076549e57,“El Güero” Palma sale del penal para revisión por el cáncer que padece,Seguridad Nacional,5,corto,“El Güero” Palma sale del penal para revisión por el cáncer que padece,,,,,,3,informativo,activo
auto-d780d053ee,"En Puebla, 40.7% de personas perciben seguridad al caminar de noche en 2026; en ",Gobernabilidad,5,corto,"En Puebla, 40.7% de personas perciben seguridad al caminar de noche en 2026; en México, 43.4%",,,,,,3,informativo,activo
auto-c04b30a748,“Quiero justicia para mi hija”: padre peruano busca ser escuchado por Sheinbaum ,Gobernabilidad,5,corto,“Quiero justicia para mi hija”: padre peruano busca ser escuchado por Sheinbaum - El Sol de México,,,,,,3,informativo,activo
auto-4f76115fb0,Se incendian vehículos dentro de un predio en la avenida Jacinto Canek,Gobernabilidad,5,corto,Se incendian vehículos dentro de un predio en la avenida Jacinto Canek,,,,,,3,informativo,activo
auto-35b2fb63a8,Baches en Mérida: el Ayuntamiento recibió 704 reportes en cuatro días ¿cuánto ta,Gobernabilidad,5,corto,Baches en Mérida: el Ayuntamiento recibió 704 reportes en cuatro días ¿cuánto tarda la atención?,,,,,,3,informativo,activo
auto-d60132b692,Concluye Primer Concurso Estatal de Tiro Policial “Copa Tabscoob”,Gobernabilidad,5,corto,Concluye Primer Concurso Estatal de Tiro Policial “Copa Tabscoob”,,,,,,3,informativo,activo
auto-56463dc6a8,"Acusan de fraude a funcionaria de Coronango, cobró 190 mil pesos por una escritu",Economía,5,corto,"Acusan de fraude a funcionaria de Coronango, cobró 190 mil pesos por una escritura que no entregó",,,,,,3,informativo,activo
auto-0ea52a7f45,¿Quién es Roberto Ramos Alor? coordinador estatal de IMSS-Bienestar en Veracruz ,Gobernabilidad,5,corto,¿Quién es Roberto Ramos Alor? coordinador estatal de IMSS-Bienestar en Veracruz - sdpnoticias,,,,,,3,informativo,activo
auto-3324ebcb1b,Ayuntamiento de Veracruz refuerza mantenimiento preventivo de la red pluvial - G,Gobernabilidad,5,corto,Ayuntamiento de Veracruz refuerza mantenimiento preventivo de la red pluvial - Golpe Político,,,,,,1,completo,activo
auto-ecb9fc3541,"Capturan a 'El Caníbal' en Veracruz, acusado del homicidio del líder de la CATEM",Seguridad Nacional,5,corto,"Capturan a 'El Caníbal' en Veracruz, acusado del homicidio del líder de la CATEM José Francisco Baldelamar - El Congresista",,,,,,3,informativo,activo
auto-56ab51a724,Oaxaca TEEO exhibe rezago del Congreso; deberá legislar sobre edad mínima para c,Gobernabilidad,5,corto,Oaxaca TEEO exhibe rezago del Congreso; deberá legislar sobre edad mínima para cargos públicos - RiOaxaca,,,,,,3,informativo,activo
auto-cbbe141e82,Desliz de Zavala Frías es caso cerrado para Morena: Romero del Valle - Quadratín,Gobernabilidad,5,corto,Desliz de Zavala Frías es caso cerrado para Morena: Romero del Valle - Quadratín Tabasco,,,,,,3,informativo,activo
auto-438611b2be,¿Renuncia o cese?: versiones encontradas por la salida de un funcionario del Cat,Gobernabilidad,5,corto,¿Renuncia o cese?: versiones encontradas por la salida de un funcionario del Catastro del Ayuntamiento de Mérida - Portada - ProgresoHoy,,,,,,3,informativo,activo
auto-467c77fafb,"Oscar Brito habla de política, Morena, y su vida personal en Una Charla sin Rode",Gobernabilidad,5,corto,"Oscar Brito habla de política, Morena, y su vida personal en Una Charla sin Rodeos - El Momento Yucatán",,,,,,3,informativo,activo
auto-eb7af26cf4,Diputada Azucena Rosas presenta exhorto para reforzar la vigilancia y prevención,Gobernabilidad,5,corto,Diputada Azucena Rosas presenta exhorto para reforzar la vigilancia y prevención ante la venta de pirotecnia - Primera Plana Puebla,,,,,,3,informativo,activo
auto-0aff0917b3,Denunció agresión sexual a su hija en secundaria; Fiscalía de Veracruz la proces,Gobernabilidad,5,corto,"Denunció agresión sexual a su hija en secundaria; Fiscalía de Veracruz la procesa por ""omisión"" - Excélsior",,,,,,3,informativo,activo
auto-dafcb728cb,"José Luis Rodríguez Díaz de León*: Recuperar territorios, atender causas y prote",Gobernabilidad,5,corto,"José Luis Rodríguez Díaz de León*: Recuperar territorios, atender causas y proteger a las personas",,,,,,3,informativo,activo
auto-5b9771e6bc,Cae mujer de EU en Sonora; la ligan con La Mayiza,Seguridad Nacional,5,corto,Cae mujer de EU en Sonora; la ligan con La Mayiza,,,,,,3,informativo,activo
auto-af5953ab1a,Gustavo Leal F.*: Pensiones: paisaje legislativo después del debate 2025-26,Social,5,corto,Gustavo Leal F.*: Pensiones: paisaje legislativo después del debate 2025-26,,,,,,3,informativo,activo
auto-545a3d3b02,Lev M. Velázquez Barriga*: ¿PISA? Mejor escuchar a los maestros,Gobernabilidad,5,corto,Lev M. Velázquez Barriga*: ¿PISA? Mejor escuchar a los maestros,,,,,,3,informativo,activo
auto-950346ecaa,Hugo Aboites*: Nueve estudiantes y ocho Tesla más en la UAM,Gobernabilidad,5,corto,Hugo Aboites*: Nueve estudiantes y ocho Tesla más en la UAM,,,,,,3,informativo,activo
auto-afe07c70e5,Embajador Johnson equipara al narco mexicano con Al Qaeda,Seguridad Nacional,5,corto,Embajador Johnson equipara al narco mexicano con Al Qaeda,,,,,,3,informativo,activo
auto-cb19d8877b,Recuerdos de una jornada trágica,Gobernabilidad,5,corto,Recuerdos de una jornada trágica,,,,,,3,informativo,activo
auto-c42133bff0,"“Queremos Medicinas, No Otro Teatro”: Reclaman a Sheinbaum por Megaproyecto de L",Gobernabilidad,5,corto,"“Queremos Medicinas, No Otro Teatro”: Reclaman a Sheinbaum por Megaproyecto de Layda Sansores en Campeche - Diario CAMBIO22",,,,,,3,informativo,activo
auto-f1fa3803ab,¿Por qué latinos y jóvenes que apoyaron a Trump hoy le dan la espalda? - La Sill,Relación Bilateral,5,corto,¿Por qué latinos y jóvenes que apoyaron a Trump hoy le dan la espalda? - La Silla Rota,,,,,,3,informativo,activo
auto-5b3f1ddb7f,"Representa María Fernanda a Oaxaca en Roma, Italia",Gobernabilidad,5,corto,"Representa María Fernanda a Oaxaca en Roma, Italia",,,,,,3,informativo,activo
auto-0bd48aa841,Buscan reforzar acompañamiento ante riesgo suicida en la Mixteca,Gobernabilidad,5,corto,Buscan reforzar acompañamiento ante riesgo suicida en la Mixteca,,,,,,3,informativo,activo
auto-77cf168d65,El insoportable calor de 45 grados,Social,5,corto,El insoportable calor de 45 grados,,,,,,3,informativo,activo
auto-4564c90209,Elección 2027: cuáles son las boletas “planchadas” y por qué generan temor hasta,Gobernabilidad,5,corto,Elección 2027: cuáles son las boletas “planchadas” y por qué generan temor hasta en la presidenta Sheinbaum - Infobae,,,,,,3,informativo,activo
auto-d289c839e6,"A sus órdenes, ‘Capitana’: ¿Quién fue Manuela Molina, mujer que lideró las tropa",Gobernabilidad,5,corto,"A sus órdenes, ‘Capitana’: ¿Quién fue Manuela Molina, mujer que lideró las tropas en la Independencia?",,,,,,3,informativo,activo
auto-47e00c49c7,"Amílcar Olán, amigo del hijo de AMLO, habría financiado campaña de Marina del Pi",Seguridad Nacional,5,corto,"Amílcar Olán, amigo del hijo de AMLO, habría financiado campaña de Marina del Pilar",,,,,,3,informativo,activo
auto-07419ac88d,Determina Ieqroo que Lidia Rojas baje publicaciones contra Morena - Caribe Penin,Gobernabilidad,5,corto,Determina Ieqroo que Lidia Rojas baje publicaciones contra Morena - Caribe Peninsular,,,,,,3,informativo,activo
auto-3581194ec4,"LE ESTALLA OTRO ESCÁNDALO A LA “SEÑORA DE LOS CIELOS” Y EL HUACHICOL, HERMELINDA",Gobernabilidad,5,corto,"LE ESTALLA OTRO ESCÁNDALO A LA “SEÑORA DE LOS CIELOS” Y EL HUACHICOL, HERMELINDA LEZAMA - Sin Fronteras Agencias",,,,,,3,informativo,activo
auto-1348c6490b,"CREAR EMPLEOS CON SALARIOS DIGNOS, SEGURIDAD E IMPULSAR ECONOMÍA, PIDEN CIUDADAN",Gobernabilidad,5,corto,"CREAR EMPLEOS CON SALARIOS DIGNOS, SEGURIDAD E IMPULSAR ECONOMÍA, PIDEN CIUDADANOS A SHEINBAUM - Tribuna Campeche",,,,,,3,informativo,activo
auto-313663e707,Polémico funcionario queda fuera del Catastro de Mérida: este es su pasado,Gobernabilidad,5,corto,Polémico funcionario queda fuera del Catastro de Mérida: este es su pasado,,,,,,3,informativo,activo
auto-730ddfd90d,Fiscalía apunta a legítima defensa en caso de Unión Juárez y busca a otro involu,Gobernabilidad,5,corto,Fiscalía apunta a legítima defensa en caso de Unión Juárez y busca a otro involucrado,,,,,,3,informativo,activo
auto-1dc60c28bf,Céline Dion vuelve a los escenarios y París la recibe con un karaoke multitudina,Gobernabilidad,5,corto,Céline Dion vuelve a los escenarios y París la recibe con un karaoke multitudinario,,,,,,3,informativo,activo
auto-8d20f6fcb7,¡Toma precauciones! Habrá cierres viales este domingo por ceremonia de los Niños,Gobernabilidad,5,corto,¡Toma precauciones! Habrá cierres viales este domingo por ceremonia de los Niños Héroes,,,,,,3,informativo,activo
auto-efd92bdda7,Reaparece la CNC con los Defensores del Pueblo,Gobernabilidad,5,corto,Reaparece la CNC con los Defensores del Pueblo,,,,,,3,informativo,activo
auto-6cf738a363,"Paquete Económico 2027 garantiza estabilidad de las finanzas públicas, asegura I",Gobernabilidad,5,corto,"Paquete Económico 2027 garantiza estabilidad de las finanzas públicas, asegura Ignacio Mier Velazco",,,,,,3,informativo,activo
auto-dddf5eae65,Mujer en Nuevo León finge su muerte para robar tanda de 1 MDP; dio fecha de fune,Gobernabilidad,5,corto,Mujer en Nuevo León finge su muerte para robar tanda de 1 MDP; dio fecha de funeral,,,,,,3,informativo,activo
auto-688aa27e04,"Vans Warped Tour México arranca en CDMX con Papa Roach, Rise Against y Yellowcar",Gobernabilidad,5,corto,"Vans Warped Tour México arranca en CDMX con Papa Roach, Rise Against y Yellowcard",,,,,,3,informativo,activo
auto-fbf35bb841,Valora PRI no llevar candidato en distrito 6; quieren imponer a Andy: Alito - Qu,Gobernabilidad,5,corto,Valora PRI no llevar candidato en distrito 6; quieren imponer a Andy: Alito - Quadratín Tabasco,,,,,,3,informativo,activo
auto-809fc0c419,"Paraíso tendrá una planta potabilizadora de agua, adelanta gobernador - XEVA",Gobernabilidad,5,corto,"Paraíso tendrá una planta potabilizadora de agua, adelanta gobernador - XEVA",,,,,,3,informativo,activo
auto-c79f5fe1da,Armenta ofrece mediar entre Volkswagen y sindicato tras rechazo a incremento sal,Gobernabilidad,5,corto,Armenta ofrece mediar entre Volkswagen y sindicato tras rechazo a incremento salarial,,,,,,3,informativo,activo
auto-6802f778dd,"Por primera vez en cuatro décadas, Chile no conmemora el golpe a Allende; gobier",Gobernabilidad,5,corto,"Por primera vez en cuatro décadas, Chile no conmemora el golpe a Allende; gobierno de Kast reprime marcha - La Jornada de Oriente - Puebla",,,,,,3,informativo,activo
auto-c554fc10b9,Aprueban en comisiones la integración del Concejo de Esperanza tras detención de,Gobernabilidad,5,corto,"Aprueban en comisiones la integración del Concejo de Esperanza tras detención de Isaac N., por malandro - Diario Cambio",,,,,,1,completo,activo
auto-e664e2366e,Sheinbaum: panistas que buscan apoyo en Europa repiten conducta de los conservad,Gobernabilidad,5,corto,Sheinbaum: panistas que buscan apoyo en Europa repiten conducta de los conservadores del siglo XIX - La Jornada,,,,,,3,informativo,activo
auto-f507a44c9e,Capacita ayuntamiento a integrantes del CAT en el SIGEC,Gobernabilidad,5,corto,Capacita ayuntamiento a integrantes del CAT en el SIGEC,,,,,,3,informativo,activo
auto-a97e4b7f53,"Arriesga Morena perder interés ciudadano al retrasar definiciones, afirma líder ",Gobernabilidad,5,corto,"Arriesga Morena perder interés ciudadano al retrasar definiciones, afirma líder del PT - Noticaribe",,,,,,3,informativo,activo
auto-80bc1a4625,SMN prevé domingo lluvioso con granizo en estos Estados por monzón y onda tropic,Gobernabilidad,5,corto,SMN prevé domingo lluvioso con granizo en estos Estados por monzón y onda tropical,,,,,,3,informativo,activo
auto-c5da13bc06,Líderes del BRICS se dicen preocupados por Medio Oriente y condenan sanciones un,Gobernabilidad,5,corto,Líderes del BRICS se dicen preocupados por Medio Oriente y condenan sanciones unilaterales,,,,,,3,informativo,activo
auto-f5bdbd8f07,Ayuntamiento de Xalapa anuncia acciones emergentes por anegamientos que vecinos ,Gobernabilidad,5,corto,Ayuntamiento de Xalapa anuncia acciones emergentes por anegamientos que vecinos padecen desde hace 25 años,,,,,,3,informativo,activo
auto-671d50c584,María Rojo llegará a Veracruz en octubre para filmar la película “La Necedad de ,Gobernabilidad,5,corto,María Rojo llegará a Veracruz en octubre para filmar la película “La Necedad de los Pasos,,,,,,3,informativo,activo
auto-a8878973bc,Localizan sin vida a dos jóvenes reportados como desaparecidos en Suchiate,Gobernabilidad,5,corto,Localizan sin vida a dos jóvenes reportados como desaparecidos en Suchiate,,,,,,3,informativo,activo
auto-4226c333eb,PREMIAN VIDA Y OBRA POR AMOR A CAMPECHE,Gobernabilidad,5,corto,PREMIAN VIDA Y OBRA POR AMOR A CAMPECHE,,,,,,3,informativo,activo
auto-b5d6fb5683,Layda Sansores destaca liderazgo de Claudia,Gobernabilidad,5,corto,Layda Sansores destaca liderazgo de Claudia,,,,,,3,informativo,activo
auto-fa7fd8e323,PVEM-respalda-a-una-expriista-para-candidata-en-la-capital-de-Oaxaca - Cuarta Pl,Gobernabilidad,5,corto,PVEM-respalda-a-una-expriista-para-candidata-en-la-capital-de-Oaxaca - Cuarta Plana,,,,,,3,informativo,activo
auto-e0fea45fdb,"PRI analiza no ponerle contrincante a Morena en Tabasco: ""Que juegue solo 'Andy'",Gobernabilidad,5,corto,"PRI analiza no ponerle contrincante a Morena en Tabasco: ""Que juegue solo 'Andy'"" - MILENIO",,,,,,3,informativo,activo
auto-641d6ee9f0,Morena se toma su tiempo porque no quiere sorpresas: Marybel Villegas - grupopir,Gobernabilidad,5,corto,Morena se toma su tiempo porque no quiere sorpresas: Marybel Villegas - grupopiramide.com.mx,,,,,,3,informativo,activo
auto-a52f5ffc81,Solicita Comar 7.6% más presupuesto para hacer frente al recorte de fondos de Ac,Social,5,corto,Solicita Comar 7.6% más presupuesto para hacer frente al recorte de fondos de Acnur,,,,,,3,informativo,activo
auto-63191d9103,Pablo Martínez*: PISA y el problema que no cabe en un ranking,Gobernabilidad,5,corto,Pablo Martínez*: PISA y el problema que no cabe en un ranking,,,,,,3,informativo,activo
auto-4d509f1689,Comunidad LGBT+ enfrenta invisibilidad y desprotección en rutas migratorias: ONG,Social,5,corto,Comunidad LGBT+ enfrenta invisibilidad y desprotección en rutas migratorias: ONG,,,,,,3,informativo,activo
auto-08918ff26e,"Pese a reto de votaciones de 2027, los OPLE siguen en debilidad financiera",Gobernabilidad,5,corto,"Pese a reto de votaciones de 2027, los OPLE siguen en debilidad financiera",,,,,,3,informativo,activo
auto-1b3a9de3fd,Luisito Comunica acusa al Gobierno de clonar su imagen con IA para promocionar p,Gobernabilidad,5,corto,Luisito Comunica acusa al Gobierno de clonar su imagen con IA para promocionar políticas de Sheinbaum - Infobae,,,,,,3,informativo,activo
auto-dacd2cd4d0,"Informe desde Estocolmo: la migración, en el centro de la jornada electoral en S",Social,5,corto,"Informe desde Estocolmo: la migración, en el centro de la jornada electoral en Suecia - France 24",,,,,,3,informativo,activo
auto-969d88066f,Listado completo de pensionados IMSS que cobrarán casi 18 mil pesos en octubre 2,Economía,5,corto,Listado completo de pensionados IMSS que cobrarán casi 18 mil pesos en octubre 2026 gracias a Claudia Sheinbaum - Ambito,,,,,,3,informativo,activo
auto-3fa772a5ba,"Peter Stoyle, figura del Bachillerato Internacional, visita Madison Mérida",Gobernabilidad,5,corto,"Peter Stoyle, figura del Bachillerato Internacional, visita Madison Mérida",,,,,,1,completo,activo
auto-472cc783f4,"Evelyn Pinot, la joven de Tapachula que crea refugios para polinizadores",Social,5,corto,"Evelyn Pinot, la joven de Tapachula que crea refugios para polinizadores",,,,,,3,informativo,activo
auto-798647ac5b,Delegados yokota’an checan de cerca construcción de la subestación,Gobernabilidad,5,corto,Delegados yokota’an checan de cerca construcción de la subestación,,,,,,3,informativo,activo
auto-db3efe799c,"Guillermo Ochoa, ¡memorable con la Selección!",Gobernabilidad,5,corto,"Guillermo Ochoa, ¡memorable con la Selección!",,,,,,3,informativo,activo
auto-019f20522e,Permisos clonados y madera ilegal: la reforma que busca cerrarles la puerta - Ra,Gobernabilidad,5,corto,Permisos clonados y madera ilegal: la reforma que busca cerrarles la puerta - Radio Fórmula,,,,,,3,informativo,activo
auto-fa85304731,Mi Beca para Empezar 2026-2027: pasos y requisitos para tramitarla,Gobernabilidad,5,corto,Mi Beca para Empezar 2026-2027: pasos y requisitos para tramitarla,,,,,,3,informativo,activo
auto-2f4012e525,"Avioneta de Tom Tiffany, aliado de Trump, aterriza de emergencia en lago; nada h",Relación Bilateral,5,corto,"Avioneta de Tom Tiffany, aliado de Trump, aterriza de emergencia en lago; nada hasta ponerse a salvo",,,,,,3,informativo,activo
auto-70c82bf00d,Opinión: La verdad sobre la podredumbre mental: es un grito de auxilio,Gobernabilidad,5,corto,Opinión: La verdad sobre la podredumbre mental: es un grito de auxilio,,,,,,3,informativo,activo
auto-90b7e9e44e,"Tras altercado en Oaxaca entre maestros de la CNTE y simpatizantes de Morena, el",Gobernabilidad,5,corto,"Tras altercado en Oaxaca entre maestros de la CNTE y simpatizantes de Morena, el magisterio acusa al gobierno de Salomón Jara de usar grupos de choque para reprimir a manifestantes - elimparcial.com",,,,,,3,informativo,activo
auto-c8e29b6f64,Trump eliminará los aranceles al whisky irlandés por pedido del primer ministro ,Relación Bilateral,5,corto,Trump eliminará los aranceles al whisky irlandés por pedido del primer ministro de ese país y del golfista Shane Lowry - Infobae,,,,,,3,informativo,activo
auto-31142b1965,‘¿Un ratero hablando de robar la eleccion?’: Hermano de AMLO responde a acusacio,Gobernabilidad,5,corto,‘¿Un ratero hablando de robar la eleccion?’: Hermano de AMLO responde a acusaciones de ‘Alito’ Moreno,,,,,,3,informativo,activo
auto-1295bb0aa2,Personal naval brindó apoyo a la FGR durante un cateo en Progreso,Seguridad Nacional,5,corto,Personal naval brindó apoyo a la FGR durante un cateo en Progreso,,,,,,3,informativo,activo
auto-682fb8d540,Trump rechaza regular la inteligencia artificial y advierte: “Quien gane con la ,Relación Bilateral,5,corto,"Trump rechaza regular la inteligencia artificial y advierte: “Quien gane con la IA, gana”",,,,,,3,informativo,activo
auto-92494ba2de,"""El PRI es inmortal"": Alito reta a Morena y le manda su polémico termo - MILENIO",Gobernabilidad,5,corto,"""El PRI es inmortal"": Alito reta a Morena y le manda su polémico termo - MILENIO",,,,,,3,informativo,activo
auto-9e3f36cfc1,Forma Ayuntamiento de Veracruz nuevos talentos en la natación con las Escuelas D,Gobernabilidad,5,corto,Forma Ayuntamiento de Veracruz nuevos talentos en la natación con las Escuelas Deportivas Municipales - Entorno Político,,,,,,3,informativo,activo
auto-8bc2e12822,Bitácora Veracruz. / El legado de Flores Magón más vivo que nunca: Marco Medina ,Gobernabilidad,5,corto,Bitácora Veracruz. / El legado de Flores Magón más vivo que nunca: Marco Medina - Política al Día,,,,,,3,informativo,activo
auto-431e6b631d,Vuelven los sillazos del PRD ahora en Somos y ya culpan a Morena de reventar una,Gobernabilidad,5,corto,Vuelven los sillazos del PRD ahora en Somos y ya culpan a Morena de reventar una asamblea - La Política Online,,,,,,3,informativo,activo
auto-a4b0bd4418,Morena recicla estructura panista - solyucatan.mx,Gobernabilidad,5,corto,Morena recicla estructura panista - solyucatan.mx,,,,,,3,informativo,activo
auto-33f3ce8dff,"Sentencian a Noel ""N"", líder de facción del Cártel de Sinaloa y allegado al ""Cha",Seguridad Nacional,5,corto,"Sentencian a Noel ""N"", líder de facción del Cártel de Sinaloa y allegado al ""Chapo"" Guzmán",,,,,,3,informativo,activo
auto-9d7fe02eb2,FGR investiga presunto montaje laboral contra Grupo Herdez; orquestan fraudes co,Seguridad Nacional,5,corto,FGR investiga presunto montaje laboral contra Grupo Herdez; orquestan fraudes contra empresas,,,,,,3,informativo,activo
auto-95c8f15e3d,"Detiene SSPC a presunto implicado; le aseguran vehículo, narcóticos y equipo tác",Seguridad Nacional,5,corto,"Detiene SSPC a presunto implicado; le aseguran vehículo, narcóticos y equipo táctico",,,,,,3,informativo,activo
auto-840ab86127,Fuerzas Armadas continuarán tareas de pacificación bajo la guía presidencial: Tr,Gobernabilidad,5,corto,Fuerzas Armadas continuarán tareas de pacificación bajo la guía presidencial: Trevilla Trejo,,,,,,3,informativo,activo
auto-b1482358ef,Un lesionado por arma de fuego en la colonia Margarita Maza de Xalapa; Ayuntamie,Gobernabilidad,5,corto,Un lesionado por arma de fuego en la colonia Margarita Maza de Xalapa; Ayuntamiento aclara supuesto enfrent... - Imagen del Golfo,,,,,,3,informativo,activo
auto-e543d1f461,"Optimus Prime en campaña antimigrantes, Hasbro rechaza la acción - elmomentovera",Social,5,corto,"Optimus Prime en campaña antimigrantes, Hasbro rechaza la acción - elmomentoveracruz.mx",,,,,,3,informativo,activo
auto-6b5ed9039c,Senador exige retirar a Rutilio Escandón del Consulado de Miami - TV Azteca,Gobernabilidad,5,corto,Senador exige retirar a Rutilio Escandón del Consulado de Miami - TV Azteca,,,,,,3,informativo,activo
auto-ceb5c795e3,"Sin estudio ni consulta, ofrecieron a Totimehuacán ser el municipio 218: Manuel ",Gobernabilidad,5,corto,"Sin estudio ni consulta, ofrecieron a Totimehuacán ser el municipio 218: Manuel Herrera - Intolerancia Diario",,,,,,3,informativo,activo
auto-0cc5152148,"""Este tipo de errores no se deben de cometer"", dice el Gobernador May sobre el c",Gobernabilidad,5,corto,"""Este tipo de errores no se deben de cometer"", dice el Gobernador May sobre el caso de Jorge Zavala - XEVT",,,,,,3,informativo,activo
auto-2b2e016dd8,Sheinbaum logra bajar 53% los homicidios dolosos en menos de 2 años - polemon.mx,Seguridad Nacional,5,corto,Sheinbaum logra bajar 53% los homicidios dolosos en menos de 2 años - polemon.mx,,,,,,3,informativo,activo
auto-32b26328e8,"‘El Canguro’ ya no saltará: Detienen en Jalisco a Ángel ‘N’, operador del Chapo ",Seguridad Nacional,5,corto,"‘El Canguro’ ya no saltará: Detienen en Jalisco a Ángel ‘N’, operador del Chapo Isidro",,,,,,3,informativo,activo
auto-5d76746659,"En cateo, detienen a 5 integrantes de familia en Zacatlán; acusan irregularidade",Seguridad Nacional,5,corto,"En cateo, detienen a 5 integrantes de familia en Zacatlán; acusan irregularidades",,,,,,3,informativo,activo
auto-6b56e3c643,"Fallece Eugenio Amat de la Fuente, quien fue 2 veces alcalde de Cárdenas - XEVT",Gobernabilidad,5,corto,"Fallece Eugenio Amat de la Fuente, quien fue 2 veces alcalde de Cárdenas - XEVT",,,,,,3,informativo,activo
auto-e473436ea9,Arte y raíces mayas toman una glorieta,Gobernabilidad,5,corto,Arte y raíces mayas toman una glorieta,,,,,,3,informativo,activo
auto-47de458b9a,Hechiza a los cinéfilos,Gobernabilidad,5,corto,Hechiza a los cinéfilos,,,,,,3,informativo,activo
auto-9bb88b6625,José Murat/III: Los nuevos señores feudales: cuando el destino nos alcance,Gobernabilidad,5,corto,José Murat/III: Los nuevos señores feudales: cuando el destino nos alcance,,,,,,3,informativo,activo
auto-fa03eaa06b,Ortiz Tejeda: Nosotros ya no somos los mismos,Gobernabilidad,5,corto,Ortiz Tejeda: Nosotros ya no somos los mismos,,,,,,3,informativo,activo
auto-fee4e22b1e,Ángel Chávez Mancilla*: Editoriales rojas en México,Gobernabilidad,5,corto,Ángel Chávez Mancilla*: Editoriales rojas en México,,,,,,3,informativo,activo
auto-39d934a122,Noemí Juárez Pérez*: PISA: otros hallazgos,Gobernabilidad,5,corto,Noemí Juárez Pérez*: PISA: otros hallazgos,,,,,,3,informativo,activo
auto-acb5d4a65d,“La IA se puede usar para bien con un enfoque humanista”,Gobernabilidad,5,corto,“La IA se puede usar para bien con un enfoque humanista”,,,,,,3,informativo,activo
auto-ce0fc069f1,"Carlos Fazio: Trump, el procónsul Rubio y sus yes men",Relación Bilateral,5,corto,"Carlos Fazio: Trump, el procónsul Rubio y sus yes men",,,,,,3,informativo,activo
auto-5b5c7b1ce3,Veía el desfile con mi padre... y me sigue enchinando la piel,Gobernabilidad,5,corto,Veía el desfile con mi padre... y me sigue enchinando la piel,,,,,,3,informativo,activo
auto-d6c2f060f5,Fraude patriota en la cocina del ‘27,Gobernabilidad,5,corto,Fraude patriota en la cocina del ‘27,,,,,,3,informativo,activo
auto-787375ad11,Acusan a autoridades de complicidad con la mafia agraria en tierras de Chabihau,Gobernabilidad,5,corto,Acusan a autoridades de complicidad con la mafia agraria en tierras de Chabihau,,,,,,3,informativo,activo
auto-cbd07f3866,Efraín Rendón se impone en el Critérium Mayordomo,Gobernabilidad,5,corto,Efraín Rendón se impone en el Critérium Mayordomo,,,,,,3,informativo,activo
auto-595d7bc7d7,"Clase Política / Chiapas, laboratorio electoral y epicentro simbólico de Morena ",Gobernabilidad,5,corto,"Clase Política / Chiapas, laboratorio electoral y epicentro simbólico de Morena rumbo al 2030",,,,,,3,informativo,activo
auto-495da41b79,Bateador emergente / Distrito 12: la frontera que el Congreso abandonó,Gobernabilidad,5,corto,Bateador emergente / Distrito 12: la frontera que el Congreso abandonó,,,,,,3,informativo,activo
auto-e302bc88fd,Daniela Martínez cabalga por el éxito,Gobernabilidad,5,corto,Daniela Martínez cabalga por el éxito,,,,,,3,informativo,activo
auto-43545540f6,Paula Malagón enamora a España con su voz,Gobernabilidad,5,corto,Paula Malagón enamora a España con su voz,,,,,,3,informativo,activo
auto-153b1fa7df,Rutilio y Octavio,Gobernabilidad,5,corto,Rutilio y Octavio,,,,,,3,informativo,activo
auto-c3a0f2be7a,Hombrada de Olmecas: armó Tabasco un plantel de primera,Gobernabilidad,5,corto,Hombrada de Olmecas: armó Tabasco un plantel de primera,,,,,,3,informativo,activo
auto-efa313d35b,"Cada diputado local le cuesta 16.8 mdp al año a los veracruzanos, ¿sabes cuáles ",Gobernabilidad,5,corto,"Cada diputado local le cuesta 16.8 mdp al año a los veracruzanos, ¿sabes cuáles son los más productivos? - El Sol de México",,,,,,3,informativo,activo
auto-5978de66aa,Morena prevé definir 12 coordinaciones en próximas semanas; Guerrero y Michoacán,Gobernabilidad,5,corto,"Morena prevé definir 12 coordinaciones en próximas semanas; Guerrero y Michoacán, este 14 de septiembre - MILENIO",,,,,,3,informativo,activo
auto-d22f3a15d6,“Morena me da ternurita; tienen todo y no resuelven nada”: Ana Teresa Aranda - E,Gobernabilidad,5,corto,"“Morena me da ternurita; tienen todo y no resuelven nada”: Ana Teresa Aranda - El Popular, periodismo con causa",,,,,,3,informativo,activo
auto-b7c490f01c,Templo Mayor 2026-09-14 - Reforma,Gobernabilidad,5,corto,Templo Mayor 2026-09-14 - Reforma,,,,,,3,informativo,activo
auto-a66fc8ed56,"¿Nacerá la tormenta ""Odalys""? Depresión Tropical Quince-E enciende alertas",Gobernabilidad,5,corto,"¿Nacerá la tormenta ""Odalys""? Depresión Tropical Quince-E enciende alertas",,,,,,3,informativo,activo
auto-2d9d55c51b,"El SMN actualiza este lunes la trayectoria de la tormenta ""Norbert""",Gobernabilidad,5,corto,"El SMN actualiza este lunes la trayectoria de la tormenta ""Norbert""",,,,,,3,informativo,activo
auto-b056bd5bf8,Sheinbaum: “es absurda” la supuesta encuesta de EU sobre apoyo de mexicanos a un,Gobernabilidad,5,corto,Sheinbaum: “es absurda” la supuesta encuesta de EU sobre apoyo de mexicanos a una intervención extranjera - La Jornada,,,,,,3,informativo,activo
auto-b3bc3ceead,Escuelas públicas mejores que privadas gracias al magisterio: Sheinbaum - Quadra,Gobernabilidad,5,corto,Escuelas públicas mejores que privadas gracias al magisterio: Sheinbaum - Quadratín México,,,,,,3,informativo,activo
auto-c092a6fca7,Sheinbaum minimiza el crecimiento económico y prioriza la redistribución social ,Gobernabilidad,5,corto,Sheinbaum minimiza el crecimiento económico y prioriza la redistribución social - Semanario ZETA,,,,,,3,informativo,activo
auto-1a7070ab4b,"Sheinbaum admite que México debe crecer más, pero pide medir también cómo se dis",Gobernabilidad,5,corto,"Sheinbaum admite que México debe crecer más, pero pide medir también cómo se distribuye la riqueza - nortedigital.mx",,,,,,3,informativo,activo
auto-a03101be44,Eliminación del descenso en Liga MX ‘va al VAR’: Abren investigación por práctic,Gobernabilidad,5,corto,Eliminación del descenso en Liga MX ‘va al VAR’: Abren investigación por prácticas monopólicas,,,,,,3,informativo,activo
auto-eff4ba9cbf,Al peso le da ‘el vaguido’ por llamado a desacelerar avance de la IA: Se depreci,Relación Bilateral,5,corto,Al peso le da ‘el vaguido’ por llamado a desacelerar avance de la IA: Se deprecia casi 1%,,,,,,3,informativo,activo
auto-b7474bfab3,"No olviden a China, el negociador mudo",Gobernabilidad,5,corto,"No olviden a China, el negociador mudo",,,,,,3,informativo,activo
auto-06c4e82da2,Colocan la primera piedra del espacio dedicado a la réplica de la Estela 18 de U,Gobernabilidad,5,corto,Colocan la primera piedra del espacio dedicado a la réplica de la Estela 18 de Uxmal en Mérida,,,,,,3,informativo,activo
auto-87a208aa59,¿Cuánto cuesta el pozole blanco? Estos son los precios según Profeco,Gobernabilidad,5,corto,¿Cuánto cuesta el pozole blanco? Estos son los precios según Profeco,,,,,,3,informativo,activo
auto-9f3bccb194,¿Y si un día no puedes hablar? Esta credencial puede ayudar a salvar tu vida,Gobernabilidad,5,corto,¿Y si un día no puedes hablar? Esta credencial puede ayudar a salvar tu vida,,,,,,3,informativo,activo
auto-3c65d49c45,"Rehabilitación del camino a La Laguna y Pacho Viejo se realizará “por partes”, s",Gobernabilidad,5,corto,"Rehabilitación del camino a La Laguna y Pacho Viejo se realizará “por partes”, señala alcalde de Coatepec",,,,,,3,informativo,activo
auto-8b610b1adc,"Mariela Hernández, titular de la Secretaría de Salud, evade cuestionamientos ant",Gobernabilidad,5,corto,"Mariela Hernández, titular de la Secretaría de Salud, evade cuestionamientos ante desabasto en hospitales de Veracruz",,,,,,3,informativo,activo
auto-72f3606391,De Chiapas al sismo de 1985: los hechos que marcaron esta semana,Gobernabilidad,5,corto,De Chiapas al sismo de 1985: los hechos que marcaron esta semana,,,,,,3,informativo,activo
auto-b66791a4dd,Plaza de Toros de Villahermosa será convertida en parque recreativo en 2027: May,Gobernabilidad,5,corto,Plaza de Toros de Villahermosa será convertida en parque recreativo en 2027: May,,,,,,3,informativo,activo
auto-49dad6a83f,Conoce qué servicios funcionarán en Centro el 16 de septiembre,Gobernabilidad,5,corto,Conoce qué servicios funcionarán en Centro el 16 de septiembre,,,,,,3,informativo,activo
auto-bc496229b6,‘Alito’ Moreno propone que nadie compita contra ‘Andy’ en Tabasco porque “se va ,Gobernabilidad,5,corto,‘Alito’ Moreno propone que nadie compita contra ‘Andy’ en Tabasco porque “se va a robar la elección” - vanguardia.com.mx,,,,,,3,informativo,activo
auto-ba81181c58,Gobernador de Tabasco pide sanción para Zavala Frías por promoción política - Di,Gobernabilidad,5,corto,Gobernador de Tabasco pide sanción para Zavala Frías por promoción política - Diario Presente,,,,,,3,informativo,activo
auto-f6a3aaab32,"El gobernador, títere del gobierno paralelo - solyucatan.mx",Gobernabilidad,5,corto,"El gobernador, títere del gobierno paralelo - solyucatan.mx",,,,,,3,informativo,activo
auto-9efd6a7c71,"#NoEsNormal | “La batalla electoral del país se ha adelantado y está dándose, no",Gobernabilidad,5,corto,"#NoEsNormal | “La batalla electoral del país se ha adelantado y está dándose, no en las urnas, sino al interior de Morena. Varias facciones políticas morenistas que buscan candidaturas en 2027 están inmersas en una cruenta lucha fratricida cuyas armas so - facebook.com",,,,,,3,informativo,activo
auto-7d2418e4d5,MC revive al imitador de “Emmanuel” - e-consulta.com,Gobernabilidad,5,corto,MC revive al imitador de “Emmanuel” - e-consulta.com,,,,,,3,informativo,activo
auto-51b9a88624,FGE busca a alcalde de Coahuitlán por realizar disparos en fiesta patronal - AVC,Gobernabilidad,5,corto,FGE busca a alcalde de Coahuitlán por realizar disparos en fiesta patronal - AVC Noticias,,,,,,3,informativo,activo
auto-acbcbffe39,"Acusa Nahle que se ha politizado protesta de hospitales; ""oposición sin ideologí",Social,5,corto,"Acusa Nahle que se ha politizado protesta de hospitales; ""oposición sin ideología y sin proyecto de nación se aprovechó de este desabasto"" - Versiones",,,,,,3,informativo,activo
auto-0fd4b484ef,Sheinbaum puede referirse al caso Armenta y a las protestas de normalistas - Ide,Social,5,corto,Sheinbaum puede referirse al caso Armenta y a las protestas de normalistas - Identidad Correntina,,,,,,3,informativo,activo
auto-7ee12dedd6,El papa León XIV revoca los recortes salariales en el Vaticano impuestos durante,Gobernabilidad,5,corto,El papa León XIV revoca los recortes salariales en el Vaticano impuestos durante la pandemia,,,,,,3,informativo,activo
auto-cc44fee279,Una casa sin esperar a heredar: Sheinbaum coloca la vivienda digna para jóvenes ,Gobernabilidad,5,corto,Una casa sin esperar a heredar: Sheinbaum coloca la vivienda digna para jóvenes como un derecho - Revista Fortuna,,,,,,3,informativo,activo
auto-88d8adeaa5,"¿Será Reino ‘Desunido’? Esto dijeron Escocia, Gales e Irlanda del Norte sobre se",Relación Bilateral,5,corto,"¿Será Reino ‘Desunido’? Esto dijeron Escocia, Gales e Irlanda del Norte sobre separarse de Inglaterra",,,,,,3,informativo,activo
auto-40a0f59228,Detienen a dos exfuncionarios de Torreón; FGR no ha informado los delitos,Seguridad Nacional,5,corto,Detienen a dos exfuncionarios de Torreón; FGR no ha informado los delitos,,,,,,3,informativo,activo
auto-7e7d897c4a,"Ingenio San Pedro se reactivará con el inicio de la zafra en noviembre, señala S",Gobernabilidad,5,corto,"Ingenio San Pedro se reactivará con el inicio de la zafra en noviembre, señala Secretaría del Trabajo",,,,,,3,informativo,activo
auto-1f7ece2d58,Detienen a seis en Carmen.,Seguridad Nacional,5,corto,Detienen a seis en Carmen.,,,,,,3,informativo,activo
auto-d791c26b07,Recorre 17 estados y muestra resultados,Gobernabilidad,5,corto,Recorre 17 estados y muestra resultados,,,,,,3,informativo,activo
auto-3fd19cbfd7,"En Puebla, van 900 tomas inhabilitadas y 196 detenidos desde diciembre de 2024: ",Gobernabilidad,5,corto,"En Puebla, van 900 tomas inhabilitadas y 196 detenidos desde diciembre de 2024: SSP",,,,,,3,informativo,activo
auto-76581f32b3,AMENAZAS Y NARCOMANTA CONTRA ALCALDE DE TEMPOAL VERACRUZ APUNTA A SANCHEZ ZUMAYA,Seguridad Nacional,5,corto,AMENAZAS Y NARCOMANTA CONTRA ALCALDE DE TEMPOAL VERACRUZ APUNTA A SANCHEZ ZUMAYA - El Heraldo de San Luis Potosí.,,,,,,3,informativo,activo
auto-e28e776225,"❗️El acoso es un delito❗️ Si eres víctima, acude a la Fiscalía Especializada par",Gobernabilidad,5,corto,"❗️El acoso es un delito❗️ Si eres víctima, acude a la Fiscalía Especializada para la Atención a Delitos contra la Mujer por Razón de Género. 📍 Ubicación: Mitla #402, Universidad, San Jose la Noria, 68120, Oaxaca de Juárez #Fiscalia #Oaxaca #Delito #Muj - facebook.com",,,,,,3,informativo,activo
auto-3ff1f42b50,Revira May que oposición no quiere postular candidatos porque no tiene quien los,Gobernabilidad,5,corto,Revira May que oposición no quiere postular candidatos porque no tiene quien los represente - XEVT,,,,,,3,informativo,activo
auto-79a33a0b5e,Impulsa Gobernador Javier May obras en Villahermosa y anuncia rehabilitación int,Gobernabilidad,5,corto,Impulsa Gobernador Javier May obras en Villahermosa y anuncia rehabilitación integral del Teatro Esperanza Iris - Tabasco Trends Mx,,,,,,3,informativo,activo
auto-1d0cc3cc21,A los del PAN cada vez les creen menos: Sheinbaum sobre viaje a Europa - Quadrat,Gobernabilidad,5,corto,A los del PAN cada vez les creen menos: Sheinbaum sobre viaje a Europa - Quadratín Michoacán,,,,,,3,informativo,activo
auto-eb0ecee3de,El pacto de silencio en el Congreso - solquintanaroo.mx,Gobernabilidad,5,corto,El pacto de silencio en el Congreso - solquintanaroo.mx,,,,,,3,informativo,activo
auto-d695f1b442,EN CASO DE BARDAS PINTADAS CON PUÑO LEVANTADO: Confirma Teqroo acuerdos de la Co,Gobernabilidad,5,corto,EN CASO DE BARDAS PINTADAS CON PUÑO LEVANTADO: Confirma Teqroo acuerdos de la Comisión de Quejas y Denuncias del Ieqroo que determinó improcedente la aplicación de medidas cautelares solicitadas contra el senador Eugenio Segura - noticaribe.com.mx,,,,,,3,informativo,activo
auto-45f10f176c,Dice Nahle que IMSS-Bienestar sabía desde mayo de desabasto - Reforma,Gobernabilidad,5,corto,Dice Nahle que IMSS-Bienestar sabía desde mayo de desabasto - Reforma,,,,,,3,informativo,activo
auto-4e0492115d,“NO ACUDAS AL ÚLTIMO GRITO DE LAYDA”; PIDEN MOSTRAR INCONFORMIDAD CONTRA MORENA ,Gobernabilidad,5,corto,“NO ACUDAS AL ÚLTIMO GRITO DE LAYDA”; PIDEN MOSTRAR INCONFORMIDAD CONTRA MORENA - Tribuna Campeche,,,,,,3,informativo,activo
auto-344a22ac7e,Alcalde de Tlaola tendrá que explicar por qué no denunció las granjas dé criptom,Gobernabilidad,5,corto,Alcalde de Tlaola tendrá que explicar por qué no denunció las granjas dé criptomonedas: Armenta - La Jornada de Oriente - Puebla,,,,,,3,informativo,activo
auto-958b227a58,Deja en espera Sheinbaum a embajadores y reaviva dudas sobre la política exterio,Gobernabilidad,5,corto,Deja en espera Sheinbaum a embajadores y reaviva dudas sobre la política exterior - MVS Noticias,,,,,,3,informativo,activo
auto-af69b48c84,Director del Infonavit niega sueldo mayor a Sheinbaum y acusa presión mediática ,Gobernabilidad,5,corto,Director del Infonavit niega sueldo mayor a Sheinbaum y acusa presión mediática - Amexi,,,,,,3,informativo,activo
auto-f3c7c3cb43,El futbol mexicano será investigado por el Gobierno de Sheinbaum tras acusacione,Gobernabilidad,5,corto,El futbol mexicano será investigado por el Gobierno de Sheinbaum tras acusaciones de monopolio y esto es lo que debes sabe - El Imparcial,,,,,,3,informativo,activo
auto-51829b7d16,"“El Chapo” Guzmán quería ser músico de este grupo antes de ser narcotraficante, ",Seguridad Nacional,5,corto,"“El Chapo” Guzmán quería ser músico de este grupo antes de ser narcotraficante, revela expareja",,,,,,3,informativo,activo
auto-90406af9f3,Ángel Etiem Jiménez Castañeda rinde protesta como diputado federal por el Distri,Social,5,corto,Ángel Etiem Jiménez Castañeda rinde protesta como diputado federal por el Distrito 16 - golpepolitico.com,,,,,,3,informativo,activo
auto-72e038b8d2,"Exsecretaria de Salud de Tamaulipas, acusa a Cabeza de Vaca de dar contratos al ",Gobernabilidad,5,corto,"Exsecretaria de Salud de Tamaulipas, acusa a Cabeza de Vaca de dar contratos al Rey del huachicol - XEVT",,,,,,3,informativo,activo
auto-32a3185e6c,Congreso se receta puente por fiestas patrias; Senado tendrá siete días y San Lá,Gobernabilidad,5,corto,Congreso se receta puente por fiestas patrias; Senado tendrá siete días y San Lázaro seis - Proceso,,,,,,3,informativo,activo
auto-98898a5826,En Veracruz no hay emergencia sanitaria; medicamentos e insumos ya están en dist,Gobernabilidad,5,corto,En Veracruz no hay emergencia sanitaria; medicamentos e insumos ya están en distribución: Gobernadora - Imagen del Golfo,,,,,,3,informativo,activo
auto-23aafccb3f,"Layda Sansores, gobernadora de Campeche, señala campaña de ‘fake news’ y niega i",Gobernabilidad,5,corto,"Layda Sansores, gobernadora de Campeche, señala campaña de ‘fake news’ y niega inseguridad en el estado - TV Azteca Yucatán",,,,,,3,informativo,activo
auto-e9c4548aaa,"Javier Solana, presidente de USEM México, entrega al papa León XIV una imagen de",Gobernabilidad,5,corto,"Javier Solana, presidente de USEM México, entrega al papa León XIV una imagen de la Virgen de Guadalupe",,,,,,3,informativo,activo
auto-54bd25f3cf,Juez frena nueva regla de Trump que limita visas de estudiantes y periodistas en,Relación Bilateral,5,corto,Juez frena nueva regla de Trump que limita visas de estudiantes y periodistas en EE.UU.,,,,,,3,informativo,activo
auto-0676230bc4,"Explota fábrica de sal en Jáltipan, Veracruz; gobierno estatal reporta tres fall",Gobernabilidad,5,corto,"Explota fábrica de sal en Jáltipan, Veracruz; gobierno estatal reporta tres fallecidos y una persona lesionada",,,,,,3,informativo,activo
auto-8475b07c92,"Ana Lluvia Vilchis se reúne con Pablo Salazar y René Sánchez, fundadores de More",Gobernabilidad,5,corto,"Ana Lluvia Vilchis se reúne con Pablo Salazar y René Sánchez, fundadores de Morena en Puebla",,,,,,3,informativo,activo
auto-c92ece82df,Andrés Villegas culpa a antigua área jurídica de inactividad en Comisión de Segu,Gobernabilidad,5,corto,Andrés Villegas culpa a antigua área jurídica de inactividad en Comisión de Seguridad,,,,,,3,informativo,activo
auto-6fd9ec967d,FRENTE OPOSITOR: Gustavo Miranda llama a recuperar el autogobierno de Quintana R,Gobernabilidad,5,corto,FRENTE OPOSITOR: Gustavo Miranda llama a recuperar el autogobierno de Quintana Roo - Caribe Peninsular,,,,,,3,informativo,activo
auto-4549092aa5,Líderes de IA piden frenar avances y tiran precio de los fabricantes de chips,Relación Bilateral,5,corto,Líderes de IA piden frenar avances y tiran precio de los fabricantes de chips,,,,,,3,informativo,activo
auto-c68c4a9ce4,La Fiera impone dominio,Gobernabilidad,5,corto,La Fiera impone dominio,,,,,,3,informativo,activo
auto-4eff0282cf,“Alito” recurre a las consultoras para acercarse al trumpismo. Como Bukele y Mil,Relación Bilateral,5,corto,“Alito” recurre a las consultoras para acercarse al trumpismo. Como Bukele y Milei - Sin Embargo,,,,,,3,informativo,activo
auto-a4b2566d73,"Quieren borrar de la nube digital las lenguas indígenas, denuncia mixteco",Gobernabilidad,5,corto,"Quieren borrar de la nube digital las lenguas indígenas, denuncia mixteco",,,,,,3,informativo,activo
auto-69e50d8b98,Luis Hernández Navarro: La infinita tristeza de los padres,Gobernabilidad,5,corto,Luis Hernández Navarro: La infinita tristeza de los padres,,,,,,3,informativo,activo
auto-9c0ecb179d,Revelan reducción de 2% en la cartera vencida del Infonavit,Gobernabilidad,5,corto,Revelan reducción de 2% en la cartera vencida del Infonavit,,,,,,3,informativo,activo
auto-450127e575,Suspenderán operaciones AICM y AIFA,Gobernabilidad,5,corto,Suspenderán operaciones AICM y AIFA,,,,,,3,informativo,activo
auto-07edb1fdd8,Magdalena Gómez: Claroscuros de una consulta y su desenlace impredecible,Gobernabilidad,5,corto,Magdalena Gómez: Claroscuros de una consulta y su desenlace impredecible,,,,,,3,informativo,activo
auto-d751ccd50e,Avala Senado ingreso de  139 soldados de EU con armas,Relación Bilateral,5,corto,Avala Senado ingreso de  139 soldados de EU con armas,,,,,,3,informativo,activo
auto-f3d2f86de9,Participarán en el desfile 45 drones y vehículos blindados hechos aquí,Gobernabilidad,5,corto,Participarán en el desfile 45 drones y vehículos blindados hechos aquí,,,,,,3,informativo,activo
auto-3ab06ec59a,Los que critican al INE tienen su aceptación por los suelos: Mier,Gobernabilidad,5,corto,Los que critican al INE tienen su aceptación por los suelos: Mier,,,,,,3,informativo,activo
auto-ed8f447502,Aplazan para el 2 de octubre la huelga en VW; siguen el diálogo,Social,5,corto,Aplazan para el 2 de octubre la huelga en VW; siguen el diálogo,,,,,,3,informativo,activo
auto-a49512c97c,"A pesar de las diferencias entre Sheinbaum y Milei, México mantiene firme su apo",Gobernabilidad,5,corto,"A pesar de las diferencias entre Sheinbaum y Milei, México mantiene firme su apoyo por las Malvinas: ""Son argentinas"" - Ambito",,,,,,3,informativo,activo
auto-933a68633a,En el “Alcatraz de los caimanes” se habrían usado jaulas para confinar a migrant,Social,5,corto,En el “Alcatraz de los caimanes” se habrían usado jaulas para confinar a migrantes,,,,,,3,informativo,activo
auto-ecb0b6497e,"Marcha Patriótica, tradición ligada a la Independencia",Gobernabilidad,5,corto,"Marcha Patriótica, tradición ligada a la Independencia",,,,,,3,informativo,activo
auto-f281ff487e,Caen con menores y ruido excesivo en el bar ‘Miktlán’,Gobernabilidad,5,corto,Caen con menores y ruido excesivo en el bar ‘Miktlán’,,,,,,3,informativo,activo
auto-9d82107569,"Alito, la embocada del padrinazgo",Gobernabilidad,5,corto,"Alito, la embocada del padrinazgo",,,,,,3,informativo,activo
auto-ee75c21d30,Hay críticas tanto de la oposición como del propio partido en el poder.,Gobernabilidad,5,corto,Hay críticas tanto de la oposición como del propio partido en el poder.,,,,,,3,informativo,activo
auto-7cb462d9ac,El 83% de poblanos usa teléfono celular,Gobernabilidad,5,corto,El 83% de poblanos usa teléfono celular,,,,,,3,informativo,activo
auto-ee0a657646,La bandera de México a través del tiempo,Gobernabilidad,5,corto,La bandera de México a través del tiempo,,,,,,3,informativo,activo
auto-3cc834cfbb,Se pone en marcha el engranaje político de Morena : La Columna : Fanny Yépez - o,Gobernabilidad,5,corto,Se pone en marcha el engranaje político de Morena : La Columna : Fanny Yépez - opinionciudadana.com.mx,,,,,,3,informativo,activo
auto-3ef3182f28,Polémica en Tabasco: secretario del Instituto Electoral habría compartido video ,Gobernabilidad,5,corto,Polémica en Tabasco: secretario del Instituto Electoral habría compartido video promocional de Morena por error; PAN pedirá su remoción - Infobae,,,,,,3,informativo,activo
auto-8b1d9f44c2,Claudia Tacoronte: Universidad de Granada suspende intercambios a la UAEM,Gobernabilidad,5,corto,Claudia Tacoronte: Universidad de Granada suspende intercambios a la UAEM,,,,,,3,informativo,activo
auto-a5b3f8598d,"'Sókó', ópera prima de Nicolás Rojas Sánchez, aborda las historias de migración ",Social,5,corto,"'Sókó', ópera prima de Nicolás Rojas Sánchez, aborda las historias de migración de San Juan Mixtepec, Oaxaca - La Jornada",,,,,,3,informativo,activo
auto-a60fe25d29,Visité el taller militar de banderas monumentales y vi por qué tardan 30 días en,Gobernabilidad,5,corto,Visité el taller militar de banderas monumentales y vi por qué tardan 30 días en confeccionar la que usará Sheinbaum - Expansión Política,,,,,,3,informativo,activo
auto-cae542e3f7,Sheinbaum visitará Culiacán este domingo 20 de septiembre; encabezará evento en ,Gobernabilidad,5,corto,Sheinbaum visitará Culiacán este domingo 20 de septiembre; encabezará evento en el Parque 87 - Cafe Negro Portal,,,,,,3,informativo,activo
auto-9022196930,Luego de que Sheinbaum defendió a los alumnos de escuelas públicas frente a los ,Gobernabilidad,5,corto,"Luego de que Sheinbaum defendió a los alumnos de escuelas públicas frente a los de privadas tras el examen PISA y resaltó la motivación con el impulso a las becas, un análisis reveló que la falta de infraestructura, insumos y material está frenando los resu - El Imparcial",,,,,,3,informativo,activo
auto-cf1c015434,Elche vs. Real Madrid EN VIVO: Hora y dónde ver la Jornada 6 de LaLiga 2026,Gobernabilidad,5,corto,Elche vs. Real Madrid EN VIVO: Hora y dónde ver la Jornada 6 de LaLiga 2026,,,,,,3,informativo,activo
auto-5f2f4c8c21,Claudia Tacoronte: un crimen que deja preguntas sobre seguridad y atención de em,Seguridad Nacional,5,corto,Claudia Tacoronte: un crimen que deja preguntas sobre seguridad y atención de emergencias en Morelos,,,,,,3,informativo,activo
auto-6710ae4b27,ATLÁNTICO MANTIENE UNA CALMA INUSUAL,Gobernabilidad,5,corto,ATLÁNTICO MANTIENE UNA CALMA INUSUAL,,,,,,3,informativo,activo
auto-3d55b135f0,Condenan a 47 años a hombre por feminicidio contra su madre en Tehuacán,Gobernabilidad,5,corto,Condenan a 47 años a hombre por feminicidio contra su madre en Tehuacán,,,,,,3,informativo,activo
auto-8337f0a6e3,Alarma silencio de la Fiscalía - Sol Yucatán,Gobernabilidad,5,corto,Alarma silencio de la Fiscalía - Sol Yucatán,,,,,,3,informativo,activo
auto-b0c71f95b5,"A sus 24 años, Ximena Rivas llega al Cabildo de Mérida como la regidora más jove",Gobernabilidad,5,corto,"A sus 24 años, Ximena Rivas llega al Cabildo de Mérida como la regidora más joven - PostaMx",,,,,,3,informativo,activo
auto-1bcc3af65c,Para visita de Sheinbaum intervendrán los tres niveles de gobierno: Alcalde de C,Gobernabilidad,5,corto,Para visita de Sheinbaum intervendrán los tres niveles de gobierno: Alcalde de Celaya - Zona Franca,,,,,,3,informativo,activo
auto-c62cbc14fc,"MC pide al INE ser un ""verdadero árbitro"" ante designación de ""corcholatas"" more",Gobernabilidad,5,corto,"MC pide al INE ser un ""verdadero árbitro"" ante designación de ""corcholatas"" morenistas y giras de Sheinbaum - Proceso",,,,,,3,informativo,activo
auto-6ef7ccb945,"Von der Leyen llevará migración, IA y menores en redes a su discurso del Estado ",Social,5,corto,"Von der Leyen llevará migración, IA y menores en redes a su discurso del Estado de la UE - Infobae",,,,,,3,informativo,activo
auto-56d130c830,Mark Carney dice que Trump bromeó con dispararle: ‘Servicio Secreto lo haría si ,Relación Bilateral,5,corto,Mark Carney dice que Trump bromeó con dispararle: ‘Servicio Secreto lo haría si entras a la Casa Blanca’,,,,,,3,informativo,activo
auto-c68f2aa1b2,"Alex Saab, exfuncionario de Nicolás Maduro, se declara culpable de lavado de din",Gobernabilidad,5,corto,"Alex Saab, exfuncionario de Nicolás Maduro, se declara culpable de lavado de dinero",,,,,,3,informativo,activo
auto-9041eaa428,El crimen les paga más: 134 mil policías ganan menos que un pistolero del CJNG: ,Seguridad Nacional,5,corto,El crimen les paga más: 134 mil policías ganan menos que un pistolero del CJNG: INEGI,,,,,,3,informativo,activo
auto-920af51356,Celulares terminación 2: Regístralo HOY antes de la fiesta y evita el corte,Gobernabilidad,5,corto,Celulares terminación 2: Regístralo HOY antes de la fiesta y evita el corte,,,,,,3,informativo,activo
auto-3bdab77bd4,Hay 7 alumnos denunciados del centro escolar 5 de Mayo por tocamientos a compañe,Gobernabilidad,5,corto,Hay 7 alumnos denunciados del centro escolar 5 de Mayo por tocamientos a compañeras: SEP,,,,,,3,informativo,activo
auto-f42eb24a22,SSPC reforzará seguridad en Mazatlán con más de 1800 elementos; serían 20 mil en,Seguridad Nacional,5,corto,SSPC reforzará seguridad en Mazatlán con más de 1800 elementos; serían 20 mil en Sinaloa,,,,,,3,informativo,activo
auto-49721c498b,Fiscalía de Oaxaca obtiene vinculación a proceso por tentativa de robo y contra ,Gobernabilidad,5,corto,Fiscalía de Oaxaca obtiene vinculación a proceso por tentativa de robo y contra la salud en Santo Domingo Tehuantepec - Rosy Ramales,,,,,,3,informativo,activo
auto-f2cd6e2037,Ministro en retiro alerta de cooptación de jueces tras la reforma judicial - yuc,Gobernabilidad,5,corto,Ministro en retiro alerta de cooptación de jueces tras la reforma judicial - yucatanalamano.com,,,,,,3,informativo,activo
auto-da7ab10760,Encabeza Mara Lezama graduación de 244 nuevos Policías y la creación del primer ,Gobernabilidad,5,corto,Encabeza Mara Lezama graduación de 244 nuevos Policías y la creación del primer agrupamiento contra artefactos explosivos - Gobierno del Estado de Quintana Roo,,,,,,3,informativo,activo
auto-7c66cefa76,¿Quién es Jesús María Tarriba? Éste es el grado de estudios del esposo de Claudi,Gobernabilidad,5,corto,¿Quién es Jesús María Tarriba? Éste es el grado de estudios del esposo de Claudia Sheinbaum y 'primer caballer - MILENIO,,,,,,3,informativo,activo
auto-f5e13ea408,"Obras en materia ambiental, educativa y salud, temas centrales que abordarán Cué",Gobernabilidad,5,corto,"Obras en materia ambiental, educativa y salud, temas centrales que abordarán Cuéllar y Sheinbaum; conclusión de distribuidor vial se aplaza hasta octubre - La Jornada de Oriente - Puebla",,,,,,3,informativo,activo
auto-9184afbd45,Trump ‘echará la mano’ a Netanyahu: Se dispone a vender 40 mil bombas pesadas a ,Relación Bilateral,5,corto,Trump ‘echará la mano’ a Netanyahu: Se dispone a vender 40 mil bombas pesadas a Israel,,,,,,3,informativo,activo
auto-8b8cd97c82,Melania Trump anuncia acuerdo con Nvidia para incorporar IA en las escuelas: ‘Su,Relación Bilateral,5,corto,Melania Trump anuncia acuerdo con Nvidia para incorporar IA en las escuelas: ‘Sueñen a lo grande’,,,,,,3,informativo,activo
auto-b31166b259,Presenta diputada Tania Caballero iniciativa para reestructurar la Administració,Gobernabilidad,5,corto,Presenta diputada Tania Caballero iniciativa para reestructurar la Administración Pública Estatal y fortalecer la eficiencia institucional en Oaxaca,,,,,,3,informativo,activo
auto-9965a6c899,IEEPCO aplicará “8 de 8” a candidaturas en Oaxaca; sentenciados por violencia y ,Seguridad Nacional,5,corto,IEEPCO aplicará “8 de 8” a candidaturas en Oaxaca; sentenciados por violencia y deudores alimentarios quedarán fuera de elección 2027 - Libertad Oaxaca,,,,,,3,informativo,activo
auto-f1f25012f2,"""El Gobierno del Estado vive una realidad alterna a la que padecen los tabasqueñ",Gobernabilidad,5,corto,"""El Gobierno del Estado vive una realidad alterna a la que padecen los tabasqueños"": Juan Pablo de la Fuente - xevt.com",,,,,,3,informativo,activo
auto-4dfbe1dd0c,Yucatán | Astrid Sánchez | Cabildo de Mérida: Reivindican a mujeres que particip,Gobernabilidad,5,corto,Yucatán | Astrid Sánchez | Cabildo de Mérida: Reivindican a mujeres que participaron en la Independencia - La Jornada Maya,,,,,,3,informativo,activo
auto-951f36a51e,Reforma para reconocer infancias trans en Puebla no se heredará a la próxima leg,Gobernabilidad,5,corto,"Reforma para reconocer infancias trans en Puebla no se heredará a la próxima legislatura, afirma Pável Gaspar - Urbano Puebla",,,,,,3,informativo,activo
auto-4a6494b939,Congreso de Puebla busca blindar candidaturas ante posibles nexos criminales; la,Gobernabilidad,5,corto,Congreso de Puebla busca blindar candidaturas ante posibles nexos criminales; lanzará exhorto a IEE y partidos políticos - Reto Diario,,,,,,3,informativo,activo
auto-4236154efe,Diputado Miguel Márquez promueve exhorto para fortalecer difusión sobre tarifas ,Gobernabilidad,5,corto,Diputado Miguel Márquez promueve exhorto para fortalecer difusión sobre tarifas preferenciales del transporte público - Exclusivas Puebla,,,,,,3,informativo,activo
auto-95d5a6580d,Anuncian desde el Congreso la “Ruta Puebla 2050” para construir una agenda cient,Gobernabilidad,5,corto,"Anuncian desde el Congreso la “Ruta Puebla 2050” para construir una agenda científica, tecnológica y de innovación - El Universal Puebla",,,,,,3,informativo,activo
auto-75a5716e37,Nahle percibe “fuego amigo” : Punto de Vista : Filiberto Vargas Rodríguez - opin,Gobernabilidad,5,corto,Nahle percibe “fuego amigo” : Punto de Vista : Filiberto Vargas Rodríguez - opinionciudadana.com.mx,,,,,,3,informativo,activo
auto-1641840940,Niega Gino operación de Mara y se burla de la oposición - Caribe Peninsular,Gobernabilidad,5,corto,Niega Gino operación de Mara y se burla de la oposición - Caribe Peninsular,,,,,,3,informativo,activo
auto-388db9a766,Especie de dedazo guinda: imponen a Eugenio Segura como virtual candidato en Qui,Gobernabilidad,5,corto,Especie de dedazo guinda: imponen a Eugenio Segura como virtual candidato en Quintana Roo - Xpectro FM,,,,,,3,informativo,activo
auto-537c1d9f4c,"'No jodan', dice Marín por ex colaborador ligado a mafia - Reforma",Economía,5,corto,"'No jodan', dice Marín por ex colaborador ligado a mafia - Reforma",,,,,,3,informativo,activo
auto-40bd63a8c7,MORENA: Rafael Marín acepta tercer lugar y señala que empezó tarde - Caribe Peni,Gobernabilidad,5,corto,MORENA: Rafael Marín acepta tercer lugar y señala que empezó tarde - Caribe Peninsular,,,,,,3,informativo,activo
auto-91d8a8d4f6,"En Rivera Anaya, Comuna entrega el 1° espacio rehabilitado con campaña “Canchas ",Gobernabilidad,5,corto,"En Rivera Anaya, Comuna entrega el 1° espacio rehabilitado con campaña “Canchas x Latas”",,,,,,3,informativo,activo
auto-5227063643,TEEP desecha denuncia contra Lupita Bárcenas por violencia política; sanciona a ,Seguridad Nacional,5,corto,TEEP desecha denuncia contra Lupita Bárcenas por violencia política; sanciona a 2 usuarios de redes,,,,,,3,informativo,activo
auto-d322a00f76,Fiscalía de Oaxaca ejecuta orden de aprehensión por violación y violencia famili,Seguridad Nacional,5,corto,"Fiscalía de Oaxaca ejecuta orden de aprehensión por violación y violencia familiar, en colaboración con autoridades del Estado de México Oaxaca de Juárez, Oax., a 15 de septiembre de 2026.- La coordinación entre la Fiscalía General del Estado de Oaxac - facebook.com",,,,,,3,informativo,activo
auto-e64b1d4f68,Erick del Jesús Espinosa denuncia presiones para que renuncie a su cargo en el a,Gobernabilidad,5,corto,Erick del Jesús Espinosa denuncia presiones para que renuncie a su cargo en el ayuntamiento de Carmen - La Jornada Maya,,,,,,3,informativo,activo
auto-55c0257b1e,Pueblos mayas mantienen bloqueo carretero; exigen cierre de bancos de material -,Gobernabilidad,5,corto,Pueblos mayas mantienen bloqueo carretero; exigen cierre de bancos de material - La Jornada Maya,,,,,,3,informativo,activo
auto-0437c6a69c,"🟠 #HechosMeridianoYucatán | ¿Un ""Plan Renacimiento"" basado en puras deudas para ",Gobernabilidad,5,corto,"🟠 #HechosMeridianoYucatán | ¿Un ""Plan Renacimiento"" basado en puras deudas para #Yucatán? 💸🚨El Congreso local aprobó un crédito de 1,500 millones para Joaquín Díaz Mena. Ciudadanos exigen cuentas claras y cero pretextos tras casi dos años de - instagram.com",,,,,,3,informativo,activo
auto-404c9a5b3d,Reconstrucción y reparación de calles en la colonia Yucalpetén: 143 vías interve,Economía,5,corto,Reconstrucción y reparación de calles en la colonia Yucalpetén: 143 vías intervenidas,,,,,,3,informativo,activo
auto-20f889be2c,Artistas abandonan gira de Ed Sheeran; acusan censura tras apoyo a Palestina y é,Relación Bilateral,5,corto,Artistas abandonan gira de Ed Sheeran; acusan censura tras apoyo a Palestina y él responde,,,,,,3,informativo,activo
auto-25309520d9,“Traidor veracruzano”: increpan a Miguel Ángel Yunes Linares en el AICM,Gobernabilidad,5,corto,“Traidor veracruzano”: increpan a Miguel Ángel Yunes Linares en el AICM,,,,,,3,informativo,activo
auto-e1c3b9234b,"Atacan a equipo de alcaldesa de Tecámac, Estado de México - Meganoticias.mx",Gobernabilidad,5,corto,"Atacan a equipo de alcaldesa de Tecámac, Estado de México - Meganoticias.mx",,,,,,3,informativo,activo
auto-1a93dbf07c,Claudia Sheinbaum cumple compromisos a familias yucatecas y respalda los proyect,Gobernabilidad,5,corto,Claudia Sheinbaum cumple compromisos a familias yucatecas y respalda los proyectos de Renacimiento - lachispa.mx,,,,,,3,informativo,activo
auto-05ae8399b1,Buscan a estudiante de la BUAP: Fiscalía suma 23 actos de investigación - Periód,Gobernabilidad,5,corto,Buscan a estudiante de la BUAP: Fiscalía suma 23 actos de investigación - Periódico Enfoque,,,,,,3,informativo,activo
auto-db1ea5d4b8,"Sókó: Alzheimer, migración y memoria desde la Mixteca oaxaqueña - NVI Noticias",Social,5,corto,"Sókó: Alzheimer, migración y memoria desde la Mixteca oaxaqueña - NVI Noticias",,,,,,3,informativo,activo
auto-2052ef5715,La recaudación del ISR cae a su nivel más bajo: ¿cómo impactaría en el gasto púb,Gobernabilidad,5,corto,La recaudación del ISR cae a su nivel más bajo: ¿cómo impactaría en el gasto público?,,,,,,3,informativo,activo
auto-e1b379ebb0,Propone legisladora regular violencia vial en Ley de Tránsito y Vialidad,Seguridad Nacional,5,corto,Propone legisladora regular violencia vial en Ley de Tránsito y Vialidad,,,,,,3,informativo,activo
auto-4d146c54e2,Entre protestas y acusaciones de nepotismo: así fueron los nombramientos de More,Social,5,corto,"Entre protestas y acusaciones de nepotismo: así fueron los nombramientos de Morena en Quintana Roo, Zacatecas y Baja California - Revista GENTE",,,,,,3,informativo,activo
auto-3a2872ba40,"Van 'ahijado', ex cuñada y asistente - Reforma",Gobernabilidad,5,corto,"Van 'ahijado', ex cuñada y asistente - Reforma",,,,,,3,informativo,activo
auto-5d32f22c91,Desplazan a perfiles obradoristas para las candidaturas de la 4T - MILENIO,Gobernabilidad,5,corto,Desplazan a perfiles obradoristas para las candidaturas de la 4T - MILENIO,,,,,,3,informativo,activo
auto-13bd0f3c63,Uno bien cargado: Perro detecta cargamento de café con cocaína en el AICM,Gobernabilidad,5,corto,Uno bien cargado: Perro detecta cargamento de café con cocaína en el AICM,,,,,,3,informativo,activo
auto-ea60f3f94b,"Conoce quién fue Antonia Nava, la insurgente que Sheinbaum incluyó en su arenga ",Gobernabilidad,5,corto,"Conoce quién fue Antonia Nava, la insurgente que Sheinbaum incluyó en su arenga este 15 de septiembre - Mexiquense Digital",,,,,,3,informativo,activo
auto-2207170945,Así se vivió el desfile cívico-militar del 16 de septiembre en Mérida | FOTOS,Seguridad Nacional,5,corto,Así se vivió el desfile cívico-militar del 16 de septiembre en Mérida | FOTOS,,,,,,3,informativo,activo
auto-326c6c855e,"Lluvias, niebla y viento del norte cambiarán el clima en Oaxaca este miércoles",Gobernabilidad,5,corto,"Lluvias, niebla y viento del norte cambiarán el clima en Oaxaca este miércoles",,,,,,3,informativo,activo
auto-c3427cf035,"Asegura Nahle que brote de sarampión, solo es en el Cecan; confirma refuerzo de ",Gobernabilidad,5,corto,"Asegura Nahle que brote de sarampión, solo es en el Cecan; confirma refuerzo de cerco sanitario en Xalapa",,,,,,3,informativo,activo
auto-526d24dfaf,"Jorge Moreno y Carlos Rodríguez, buenos políticos, de festejo - cronicadelpoder.",Gobernabilidad,5,corto,"Jorge Moreno y Carlos Rodríguez, buenos políticos, de festejo - cronicadelpoder.com",,,,,,3,informativo,activo
auto-2a78c5bd63,Diputado Roberto Rodríguez pide revisar contratos tras obras inconclusas en el A,Relación Bilateral,5,corto,Diputado Roberto Rodríguez pide revisar contratos tras obras inconclusas en el Atlántico - Emisora Atlántico - emisoraatlantico.com.co,,,,,,3,informativo,activo
auto-f5f8b29328,Luego de que Sheinbaum impuso el registro obligatorio de celulares con CURP y co,Gobernabilidad,5,corto,"Luego de que Sheinbaum impuso el registro obligatorio de celulares con CURP y comenzó a bloquear las líneas, miles de mexicanos comenzaron a buscar alternativas como eSIM extranjeras - El Imparcial",,,,,,3,informativo,activo
auto-c0ccef3fbe,¿Quiénes son los cadetes que entregaron la bandera a Sheinbaum? Ellas son las mu,Gobernabilidad,5,corto,¿Quiénes son los cadetes que entregaron la bandera a Sheinbaum? Ellas son las mujeres de la escolta de honor https://mile.io/4yD4Oiz - facebook.com,,,,,,3,informativo,activo
auto-2f903110c9,Fed da revés a Trump: eleva tasas de interés por presiones de aranceles y crisis,Relación Bilateral,5,corto,Fed da revés a Trump: eleva tasas de interés por presiones de aranceles y crisis energética - La Jornada,,,,,,3,informativo,activo
auto-a6672e5399,Solicitan productores agrícolas que visita de Sheinbaum a Sinaloa permita concre,Gobernabilidad,5,corto,Solicitan productores agrícolas que visita de Sheinbaum a Sinaloa permita concretar compromisos pendientes - Ríodoce,,,,,,3,informativo,activo
auto-515ab28a5a,Kimberly Flores reaparece y presume cómo celebró el Grito de Independencia tras ,Gobernabilidad,5,corto,Kimberly Flores reaparece y presume cómo celebró el Grito de Independencia tras su separación de Edwin Luna,,,,,,3,informativo,activo
auto-e186d300c9,Incendio en el Mercado Central de Acapulco afecta a 95 negocios,Gobernabilidad,5,corto,Incendio en el Mercado Central de Acapulco afecta a 95 negocios,,,,,,3,informativo,activo
auto-04cf34cf84,"Que viva la vida, la verdad y la libertad: Maru Campos",Gobernabilidad,5,corto,"Que viva la vida, la verdad y la libertad: Maru Campos",,,,,,3,informativo,activo
auto-4b15f23b06,"“Servir a la patria es el mayor orgullo”, destaca almirante durante desfile en T",Gobernabilidad,5,corto,"“Servir a la patria es el mayor orgullo”, destaca almirante durante desfile en Tabasco",,,,,,3,informativo,activo
auto-0f24952962,"María Teresa Medina, la insurgente que conspiró desde Xalapa - billieparkernotic",Gobernabilidad,5,corto,"María Teresa Medina, la insurgente que conspiró desde Xalapa - billieparkernoticias.com",,,,,,3,informativo,activo
auto-950461ecfe,Rosa María Hernández Espejo anuncia rescate de convento de San Agustín en Veracr,Gobernabilidad,5,corto,Rosa María Hernández Espejo anuncia rescate de convento de San Agustín en Veracruz para convertirlo en cent... - Imagen de Veracruz,,,,,,3,informativo,activo
auto-3d258a1eb1,El campo de Oaxaca enfrenta un duro golpe: más de 400.000 hectáreas afectadas - ,Gobernabilidad,5,corto,El campo de Oaxaca enfrenta un duro golpe: más de 400.000 hectáreas afectadas - AgroLatam,,,,,,3,informativo,activo
auto-28603c7610,Llama Jorge Bracamonte a respetar resultados de encuestas de Morena - XEVA,Gobernabilidad,5,corto,Llama Jorge Bracamonte a respetar resultados de encuestas de Morena - XEVA,,,,,,3,informativo,activo
auto-06d3ef8151,"El viejo socio de Octavio Romero y los contratos del Infonavit, escribe Mario Ma",Gobernabilidad,5,corto,"El viejo socio de Octavio Romero y los contratos del Infonavit, escribe Mario Maldonado - El Universal",,,,,,3,informativo,activo
auto-4d7849301a,Exige PRI rendición de cuentas a Ariadna Montiel por manejo de recursos de progr,Gobernabilidad,5,corto,Exige PRI rendición de cuentas a Ariadna Montiel por manejo de recursos de programas sociales - Hoja de Ruta Digital,,,,,,3,informativo,activo
auto-2b7178ae49,Gobernador de Chiapas llama a la paz y honra a los pueblos originarios durante e,Gobernabilidad,5,corto,Gobernador de Chiapas llama a la paz y honra a los pueblos originarios durante el Grito de Independencia - La Jornada,,,,,,3,informativo,activo
auto-3845403618,#HuayNius 📲 | ¿Quiénes son los funcionarios de 'Huacho' Díaz Mena? Francisco Arg,Economía,5,corto,"#HuayNius 📲 | ¿Quiénes son los funcionarios de 'Huacho' Díaz Mena? Francisco Argaez Cruz, secretario particular del gobernador de #Yucatán, es licenciado en Ciencias Políticas pero... en 2024 declaró haber obtenido 15 mil pesos por... ¿asesorías nutrici - instagram.com",,,,,,3,informativo,activo
melgar-vs-escandon,Melgar exige remoción de Escandón como cónsul en Miami,Gobernabilidad,6,,"El senador Melgar acusa a Rutilio Escandón (Morena) de nexos con CJNG y La Barredora, exige su remoción como cónsul.",,,,,2026-09-12,2,completo,activo
melgar-fgr-andy-olan,Melgar pide a la FGR investigar a Andy López Beltrán y Amílcar Olán,Seguridad Nacional,6,,"Desde tribuna del Senado, Melgar exige investigación de la FGR contra Andy López Beltrán y Amílcar Olán, llamándolos ""mafiosos"".",,,,,2026-09-08,2,completo,activo
melgar-playera-norona,"Melgar confronta a Fernández Noroña con playera ""#YoConRocha""",Gobernabilidad,5,,"Melgar lanza playera con leyenda ""#YoConRocha"" a Fernández Noroña en sesión del Senado; Noroña lo acusa de provocación y anuncia queja formal ante la coalición Morena-PT-PVEM.",,,,,2026-05-28,2,completo,activo
melgar-denuncia-conapred,Denuncian a Melgar ante CONAPRED por comentarios sobre autismo,Social,4,,"Asociaciones TEA de Chiapas denuncian al senador Melgar ante CONAPRED y la CEDH por usar ""autista"" de forma despectiva.",,,,,2026-02-15,2,completo,activo
melgar-ausentismo,Alto ausentismo e iniciativas propias mínimas de Melgar,Gobernabilidad,3,,"En la LXVI Legislatura, Melgar registra 135 ausencias frente a 74 votos a favor; de 25 iniciativas presentadas, solo 5 son propias, con casi un año sin presentar ninguna entre 2025 y 2026.",,,,,2026-05-29,3,completo,activo
auto-0e91926ed9,Ley seca: ¿a qué hora acaba este 16 de septiembre?,Gobernabilidad,5,corto,Ley seca: ¿a qué hora acaba este 16 de septiembre?,,,,,,3,informativo,activo
auto-910eedaec7,Joven de Sabancuy desfila en CDMX.,Gobernabilidad,5,corto,Joven de Sabancuy desfila en CDMX.,,,,,,3,informativo,activo
auto-b23581f3d8,Desfile patriótico conquista el malecón.,Gobernabilidad,5,corto,Desfile patriótico conquista el malecón.,,,,,,3,informativo,activo
auto-f0c01ee0f4,Liberan a 43 personas privadas de su libertad.,Gobernabilidad,5,corto,Liberan a 43 personas privadas de su libertad.,,,,,,3,informativo,activo
auto-8cea2fc3f9,"Alcalde de San Andrés Tuxtla se le ""sale el gallo"" al dar el Grito de Independen",Gobernabilidad,5,corto,"Alcalde de San Andrés Tuxtla se le ""sale el gallo"" al dar el Grito de Independencia | VIDEO - Imagen de Veracruz",,,,,,3,informativo,activo
auto-b8c3e491f9,"Revelan acta de nacimiento de “El 03”, líder del CJNG, que expone secretos de su",Seguridad Nacional,5,corto,"Revelan acta de nacimiento de “El 03”, líder del CJNG, que expone secretos de su origen",,,,,,3,informativo,activo
auto-dfcf9a76a2,La economía mundial empieza a mostrar recelo de EE.UU.,Relación Bilateral,5,corto,La economía mundial empieza a mostrar recelo de EE.UU.,,,,,,3,informativo,activo
auto-6a07b09dfa,Atacan a profesor triqui y a su hija de tres años tras el Grito en Chicahuaxtla,Gobernabilidad,5,corto,Atacan a profesor triqui y a su hija de tres años tras el Grito en Chicahuaxtla,,,,,,3,informativo,activo
auto-584e3a0692,Alumno exhibe baños en mal estado; preparatoria de Oaxaca niega haberlo expulsad,Gobernabilidad,5,corto,Alumno exhibe baños en mal estado; preparatoria de Oaxaca niega haberlo expulsado - grupoanimal.mx,,,,,,3,informativo,activo
auto-a130575b47,"Tras designación de Gino Segura, Estefanía Mercado espera convocatoria para busc",Gobernabilidad,5,corto,"Tras designación de Gino Segura, Estefanía Mercado espera convocatoria para buscar reelección en Playa del Carmen - Noticaribe",,,,,,3,informativo,activo
auto-6830861e78,"Gali, Camarillo y Ortiz, los tres aspirantes de MC a alcalde de Puebla: Suriano ",Gobernabilidad,5,corto,"Gali, Camarillo y Ortiz, los tres aspirantes de MC a alcalde de Puebla: Suriano - La Jornada de Oriente",,,,,,3,informativo,activo
auto-d480a2dbc8,¿Qué significa para Canadá un eventual estatus de miembro asociado de la UE?; Tr,Relación Bilateral,5,corto,¿Qué significa para Canadá un eventual estatus de miembro asociado de la UE?; Trump amaga con imponer aranceles a Europa - El Universal,,,,,,3,informativo,activo
auto-f6324ae634,Algunos republicanos temen que el proyecto de ley de sanciones a Rusia le dé a T,Relación Bilateral,5,corto,Algunos republicanos temen que el proyecto de ley de sanciones a Rusia le dé a Trump demasiado poder en materia de aranceles - CNN en Español,,,,,,3,informativo,activo
auto-b8bb44278c,¿Qué le pasó a Eliana Moreno? Así fue el accidente en helicóptero de la presenta,Social,5,corto,¿Qué le pasó a Eliana Moreno? Así fue el accidente en helicóptero de la presentadora en Los Ángeles,,,,,,3,informativo,activo
auto-6d07563eb7,Ameba “comecerebros” en Mérida: SSY confirma 300 personas bajo vigilancia epidem,Gobernabilidad,5,corto,"Ameba “comecerebros” en Mérida: SSY confirma 300 personas bajo vigilancia epidemiológica, tras contacto con un lago artificial",,,,,,3,informativo,activo
auto-e9a8da5985,"Sigue la búsqueda de Daniela Sánchez, estudiante de 17 años de la UV; pese a vid",Gobernabilidad,5,corto,"Sigue la búsqueda de Daniela Sánchez, estudiante de 17 años de la UV; pese a video su ficha está activa",,,,,,3,informativo,activo
auto-d72e357db7,‘Hormiga’ González debuta en Europa League con golazo,Gobernabilidad,5,corto,‘Hormiga’ González debuta en Europa League con golazo,,,,,,3,informativo,activo
auto-6bf4854309,Putin llama a rusos a votar en elecciones legislativas y reivindica respaldo a R,Gobernabilidad,5,corto,Putin llama a rusos a votar en elecciones legislativas y reivindica respaldo a Rusia,,,,,,3,informativo,activo
auto-823a9617e3,Comisión del Congreso de Puebla avala acuerdo para fortalecer apoyos a productor,Gobernabilidad,5,corto,Comisión del Congreso de Puebla avala acuerdo para fortalecer apoyos a productores afectados por fenómenos meteorológicos - Urbano Puebla,,,,,,3,informativo,activo
